event_id,n_documents,n_filings,n_amendment_filings,n_initial_filings,has_amendment,forms,form_families,primary_form_family,entity_names,primary_entity,ciks,primary_cik,tickers,first_file_date,last_file_date,event_span_days,n_exhibits,n_primary_docs
005-02933,23,10,8,2,True,"['SC 14D9', 'SC 14D9/A', 'SC TO-T', 'SC TO-T/A']","['target_recommendation', 'third_party_tender']",mixed,"['VOLT INFORMATION SCIENCES, INC.']","VOLT INFORMATION SCIENCES, INC.","['0000103872', '0001918612']",0000103872,[],2022-03-25,2022-04-25,31,13,10
005-06295,21,9,7,2,True,"['SC 14D9', 'SC 14D9/A', 'SC TO-T', 'SC TO-T/A']","['target_recommendation', 'third_party_tender']",mixed,['VECTOR GROUP LTD'],VECTOR GROUP LTD,"['0000059440', '0002032607']",0000059440,['VGR'],2024-09-04,2024-10-07,33,12,9
005-08805,16,4,3,1,True,"['SC TO-I', 'SC TO-I/A']",['issuer_tender'],issuer_tender,['AMPCO PITTSBURGH CORP'],AMPCO PITTSBURGH CORP,['0000006176'],0000006176,"['AP', 'AP-WT']",2022-05-31,2022-07-22,52,12,4
005-09319,17,7,5,2,True,"['SC 14D9', 'SC 14D9/A', 'SC TO-T', 'SC TO-T/A']","['target_recommendation', 'third_party_tender']",mixed,['AVX Corp'],AVX Corp,"['0000057083', '0000859163']",0000057083,[],2020-03-02,2020-03-30,28,10,7
005-09915,28,8,5,3,True,"['SC 14D9', 'SC 14D9/A', 'SC TO-T', 'SC TO-T/A']","['target_recommendation', 'third_party_tender']",mixed,['EVANS & SUTHERLAND COMPUTER CORP'],EVANS & SUTHERLAND COMPUTER CORP,"['0000276283', '0001802887']",0000276283,[],2020-02-10,2020-03-26,45,20,8
005-12061,18,7,4,3,True,"['SC 14D9', 'SC 14D9/A', 'SC TO-T', 'SC TO-T/A']","['target_recommendation', 'third_party_tender']",mixed,['HP INC'],HP INC,"['0000047217', '0001770450']",0000047217,['HPQ'],2020-03-02,2020-04-06,35,11,7
005-12646,13,3,2,1,True,"['SC TO-I', 'SC TO-I/A']",['issuer_tender'],issuer_tender,['BANK OF AMERICA CORP /DE/'],BANK OF AMERICA CORP /DE/,['0000070858'],0000070858,"['BAC', 'BAC-PB', 'BAC-PE', 'BAC-PK', 'BAC-PL', 'BAC-PM', 'BAC-PN', 'BAC-PO', 'BAC-PP', 'BML-PG', 'BML-PH', 'BML-PJ', 'BML-PL']",2022-11-10,2022-12-12,32,10,3
005-12802,6,5,4,1,True,"['SC TO-I', 'SC TO-I/A']",['issuer_tender'],issuer_tender,['JOHNSON & JOHNSON'],JOHNSON & JOHNSON,['0000200406'],0000200406,['JNJ'],2023-07-24,2023-08-23,30,1,5
005-12857,49,14,9,5,True,"['SC 14D9', 'SC 14D9/A', 'SC TO-I', 'SC TO-I/A', 'SC TO-T', 'SC TO-T/A']","['issuer_tender', 'target_recommendation', 'third_party_tender']",mixed,"['ADAMS NATURAL RESOURCES FUND, INC.']","ADAMS NATURAL RESOURCES FUND, INC.","['0000216851', '0001504304']",0000216851,['PEO'],2020-05-15,2020-09-10,118,35,14
005-18240,27,11,9,2,True,"['SC 14D9', 'SC 14D9/A', 'SC TO-T', 'SC TO-T/A']","['target_recommendation', 'third_party_tender']",mixed,['CSS INDUSTRIES INC'],CSS INDUSTRIES INC,"['0000020629', '0001800420']",0000020629,[],2020-01-31,2020-03-02,31,16,11
005-18586,11,5,4,1,True,"['SC TO-I', 'SC TO-I/A']",['issuer_tender'],issuer_tender,['DYCOM INDUSTRIES INC'],DYCOM INDUSTRIES INC,['0000067215'],0000067215,['DY'],2020-05-05,2020-06-03,29,6,5
005-18703,6,5,4,1,True,"['SC TO-I', 'SC TO-I/A']",['issuer_tender'],issuer_tender,['3M CO'],3M CO,['0000066740'],0000066740,['MMM'],2022-08-04,2022-09-06,33,1,5
005-19574,9,3,2,1,True,"['SC TO-I', 'SC TO-I/A']",['issuer_tender'],issuer_tender,['SAFEGUARD SCIENTIFICS INC'],SAFEGUARD SCIENTIFICS INC,['0000086115'],0000086115,['SFES'],2021-09-02,2021-10-07,35,6,3
005-20723,37,14,11,3,True,"['SC 14D9', 'SC 14D9/A', 'SC TO-I', 'SC TO-T', 'SC TO-T/A']","['issuer_tender', 'target_recommendation', 'third_party_tender']",mixed,['CONTINENTAL MATERIALS CORP'],CONTINENTAL MATERIALS CORP,"['0000024104', '0001803105']",0000024104,[],2020-02-18,2020-04-20,62,23,14
005-20785,12,3,2,1,True,"['SC TO-I', 'SC TO-I/A']",['issuer_tender'],issuer_tender,['Seneca Foods Corp'],Seneca Foods Corp,['0000088948'],0000088948,"['SENEA', 'SENEB', 'SENEL', 'SENEM']",2021-02-08,2021-03-10,30,9,3
005-30248,8,5,4,1,True,"['SC TO-I', 'SC TO-I/A']",['issuer_tender'],issuer_tender,['ECOLAB INC.'],ECOLAB INC.,['0000031462'],0000031462,['ECL'],2020-05-01,2020-06-05,35,3,5
005-30554,15,5,4,1,True,"['SC TO-I', 'SC TO-I/A']",['issuer_tender'],issuer_tender,['PACIFICORP /OR/'],PACIFICORP /OR/,"['0000075594', '0002048574']",0000075594,"['PPWLM', 'PPWLO']",2024-12-17,2025-01-27,41,10,5
005-30570,19,7,6,1,True,"['SC TO-I', 'SC TO-I/A']",['issuer_tender'],issuer_tender,"['Coca-Cola Consolidated, Inc.']","Coca-Cola Consolidated, Inc.",['0000317540'],0000317540,['COKE'],2024-05-20,2024-06-21,32,12,7
005-30797,43,9,7,2,True,"['SC 14D9', 'SC 14D9/A', 'SC TO-T', 'SC TO-T/A']","['target_recommendation', 'third_party_tender']",mixed,['OVERSEAS SHIPHOLDING GROUP INC'],OVERSEAS SHIPHOLDING GROUP INC,"['0000075208', '0001806446']",0000075208,[],2024-06-10,2024-07-10,30,34,9
005-31304,4,3,2,1,True,"['SC TO-I', 'SC TO-I/A']",['issuer_tender'],issuer_tender,['A. M. Castle & Co.'],A. M. Castle & Co.,['0000018172'],0000018172,[],2020-02-27,2020-03-30,32,1,3
005-31632,37,17,15,2,True,"['SC 14D9', 'SC 14D9/A', 'SC TO-T', 'SC TO-T/A']","['target_recommendation', 'third_party_tender']",mixed,['GOLDFIELD CORP'],GOLDFIELD CORP,"['0000042316', '0001832960']",0000042316,[],2020-12-01,2020-12-30,29,20,17
005-32163,32,18,16,2,True,"['SC 14D9', 'SC 14D9/A', 'SC TO-T', 'SC TO-T/A']","['target_recommendation', 'third_party_tender']",mixed,['COMPUTER TASK GROUP INC'],COMPUTER TASK GROUP INC,"['0000023111', '0001989032']",0000023111,[],2023-08-23,2023-12-13,112,14,18
005-32384,40,11,8,3,True,"['SC 14D9', 'SC 14D9/A', 'SC TO-I', 'SC TO-I/A', 'SC TO-T', 'SC TO-T/A']","['issuer_tender', 'target_recommendation', 'third_party_tender']",mixed,"['TherapeuticsMD, Inc.']","TherapeuticsMD, Inc.","['0000025743', '0001931567']",0000025743,['TXMD'],2021-08-26,2022-07-13,321,29,11
005-32675,16,6,4,2,True,"['SC 14D9', 'SC 14D9/A', 'SC TO-T', 'SC TO-T/A']","['target_recommendation', 'third_party_tender']",mixed,['SERVOTRONICS INC /DE/'],SERVOTRONICS INC /DE/,"['0000089140', '0001260221']",0000089140,['SVT'],2025-06-02,2025-07-01,29,10,6
005-32746,25,8,6,2,True,"['SC 14D9', 'SC 14D9/A', 'SC TO-T', 'SC TO-T/A']","['target_recommendation', 'third_party_tender']",mixed,['TRECORA RESOURCES'],TRECORA RESOURCES,"['0000007039', '0001929558']",0000007039,[],2022-05-25,2022-06-24,30,17,8
005-33367,7,3,2,1,True,"['SC TO-I', 'SC TO-I/A']",['issuer_tender'],issuer_tender,['CANTEL MEDICAL LLC'],CANTEL MEDICAL LLC,['0000019446'],0000019446,[],2021-06-03,2021-07-02,29,4,3
005-33555,14,4,3,1,True,"['SC TO-I', 'SC TO-I/A']",['issuer_tender'],issuer_tender,['INDEPENDENCE HOLDING CO'],INDEPENDENCE HOLDING CO,['0000701869'],0000701869,[],2020-04-24,2020-05-27,33,10,4
005-33793,8,2,1,1,True,"['SC TO-I', 'SC TO-I/A']",['issuer_tender'],issuer_tender,['AIR T INC'],AIR T INC,['0000353184'],0000353184,"['AIRT', 'AIRTP']",2023-05-18,2023-06-12,25,6,2
005-35417,14,4,3,1,True,"['SC TO-I', 'SC TO-I/A']",['issuer_tender'],issuer_tender,['Bluegreen Vacations Holding Corp'],Bluegreen Vacations Holding Corp,['0000315858'],0000315858,[],2022-11-09,2022-12-30,51,10,4
005-35857,34,12,10,2,True,"['SC 14D9', 'SC 14D9/A', 'SC TO-T', 'SC TO-T/A']","['target_recommendation', 'third_party_tender']",mixed,['IMMUNOMEDICS INC'],IMMUNOMEDICS INC,"['0000722830', '0000882095']",0000722830,[],2020-09-24,2020-10-23,29,22,12
005-35902,45,12,9,3,True,"['SC TO-I', 'SC TO-I/A']",['issuer_tender'],issuer_tender,['IMPERIAL OIL LTD'],IMPERIAL OIL LTD,['0000049938'],0000049938,['IMO'],2022-05-06,2023-12-13,586,33,12
005-36786,34,7,5,2,True,"['SC TO-I', 'SC TO-I/A']",['issuer_tender'],issuer_tender,['WHITE MOUNTAINS INSURANCE GROUP LTD'],WHITE MOUNTAINS INSURANCE GROUP LTD,['0000776867'],0000776867,['WTM'],2022-08-22,2025-12-29,1225,27,7
005-36819,16,3,2,1,True,"['SC TO-I', 'SC TO-I/A']",['issuer_tender'],issuer_tender,['KOREA FUND INC'],KOREA FUND INC,['0000748691'],0000748691,['KF'],2024-08-16,2024-09-19,34,13,3
005-37605,13,3,2,1,True,"['SC TO-I', 'SC TO-I/A']",['issuer_tender'],issuer_tender,['OCCIDENTAL PETROLEUM CORP /DE/'],OCCIDENTAL PETROLEUM CORP /DE/,['0000797468'],0000797468,"['OXY', 'OXY-WT']",2025-03-03,2025-04-07,35,10,3
005-37717,21,9,7,2,True,"['SC 14D9', 'SC 14D9/A', 'SC TO-T', 'SC TO-T/A']","['target_recommendation', 'third_party_tender']",mixed,['DAWSON GEOPHYSICAL CO'],DAWSON GEOPHYSICAL CO,"['0000799165', '0001662888']",0000799165,['DWSN'],2021-11-01,2022-01-18,78,12,9
005-38070,41,15,12,3,True,"['SC TO-I', 'SC TO-I/A']",['issuer_tender'],issuer_tender,"['CEDAR REALTY TRUST, INC.']","CEDAR REALTY TRUST, INC.",['0000761648'],0000761648,"['CDR-PB', 'CDR-PC', 'CDRPB']",2024-09-25,2025-04-09,196,26,15
005-38281,54,19,17,2,True,"['SC 14D9', 'SC 14D9/A', 'SC TO-T', 'SC TO-T/A']","['target_recommendation', 'third_party_tender']",mixed,['CERNER Corp'],CERNER Corp,"['0000804753', '0001341439']",0000804753,[],2022-01-19,2022-06-07,139,35,19
005-38286,20,8,6,2,True,"['SC 14D9', 'SC 14D9/A', 'SC TO-T', 'SC TO-T/A']","['target_recommendation', 'third_party_tender']",mixed,"['AMAG PHARMACEUTICALS, INC.']","AMAG PHARMACEUTICALS, INC.","['0000792977', '0001784683']",0000792977,[],2020-10-15,2020-11-16,32,12,8
005-38473,29,7,5,2,True,"['SC 14D9', 'SC 14D9/A', 'SC TO-T', 'SC TO-T/A']","['target_recommendation', 'third_party_tender']",mixed,['TSR INC'],TSR INC,"['0000098338', '0002023352']",0000098338,[],2024-05-30,2024-06-28,29,22,7
005-38995,23,12,10,2,True,"['SC 14D9', 'SC 14D9/A', 'SC TO-T', 'SC TO-T/A']","['target_recommendation', 'third_party_tender']",mixed,['ABIOMED INC'],ABIOMED INC,"['0000200406', '0000815094']",0000200406,[],2022-11-15,2022-12-22,37,11,12
005-39193,44,14,11,3,True,"['SC TO-I', 'SC TO-I/A']",['issuer_tender'],issuer_tender,"['PAM TRANSPORTATION SERVICES INC', 'PAMT CORP']",PAM TRANSPORTATION SERVICES INC,['0000798287'],0000798287,"['PAMT', 'PTSI']",2021-07-27,2025-05-07,1380,30,14
005-39261,41,11,8,3,True,"['SC TO-I', 'SC TO-I/A']",['issuer_tender'],issuer_tender,['CALIFORNIA FIRST LEASING CORP'],CALIFORNIA FIRST LEASING CORP,['0000803016'],0000803016,['CFNB'],2022-11-15,2025-06-30,958,31,10
005-39533,11,4,2,2,True,"['SC 14D9', 'SC 14D9/A', 'SC TO-T', 'SC TO-T/A']","['target_recommendation', 'third_party_tender']",mixed,['INTERNATIONAL BALER CORP'],INTERNATIONAL BALER CORP,"['0000781902', '0001638419']",0000781902,[],2022-04-20,2022-05-20,30,7,4
005-39691,24,6,4,2,True,"['SC TO-I', 'SC TO-I/A']",['issuer_tender'],issuer_tender,"['Voya PRIME RATE TRUST', 'Saba Capital Income & Opportunities Fund']",Voya PRIME RATE TRUST,['0000826020'],0000826020,['BRW'],2020-12-03,2021-07-22,231,18,6
005-39925,13,4,3,1,True,"['SC TO-I', 'SC TO-I/A']",['issuer_tender'],issuer_tender,['ODP Corp'],ODP Corp,['0000800240'],0000800240,['ODP'],2022-07-18,2022-08-15,28,9,4
005-40030,6,5,4,1,True,"['SC TO-I', 'SC TO-I/A']",['issuer_tender'],issuer_tender,['CUMMINS INC'],CUMMINS INC,['0000026172'],0000026172,['CMI'],2024-02-14,2024-03-18,33,1,5
005-40054,22,6,5,1,True,"['SC TO-I', 'SC TO-I/A']",['issuer_tender'],issuer_tender,['MGM Resorts International'],MGM Resorts International,['0000789570'],0000789570,['MGM'],2020-02-13,2020-03-13,29,16,6
005-40493,13,3,2,1,True,"['SC TO-I', 'SC TO-I/A']",['issuer_tender'],issuer_tender,"['ABRDN EMERGING MARKETS EQUITY INCOME FUND, INC.', 'abrdn Emerging Markets ex-China Fund, Inc.']","ABRDN EMERGING MARKETS EQUITY INCOME FUND, INC.",['0000846676'],0000846676,['AEF'],2025-01-21,2025-02-26,36,10,3
005-40533,24,10,8,2,True,"['SC 14D9', 'SC 14D9/A', 'SC TO-T', 'SC TO-T/A']","['target_recommendation', 'third_party_tender']",mixed,['ZIX CORP'],ZIX CORP,"['0000855612', '0001002638']",0000855612,[],2021-11-22,2021-12-23,31,14,10
005-41221,16,5,4,1,True,"['SC TO-I', 'SC TO-I/A']",['issuer_tender'],issuer_tender,['Monster Beverage Corp'],Monster Beverage Corp,['0000865752'],0000865752,['MNST'],2024-05-08,2024-06-10,33,11,5
005-41257,21,6,4,2,True,"['SC 14D9', 'SC 14D9/A', 'SC TO-T', 'SC TO-T/A']","['target_recommendation', 'third_party_tender']",mixed,"['ICONIX BRAND GROUP, INC.']","ICONIX BRAND GROUP, INC.","['0000857737', '0001868513']",0000857737,[],2021-07-02,2021-08-02,31,15,6
005-41373,10,2,1,1,True,"['SC TO-I', 'SC TO-I/A']",['issuer_tender'],issuer_tender,"['PS BUSINESS PARKS, INC./MD']","PS BUSINESS PARKS, INC./MD",['0000866368'],0000866368,[],2022-11-22,2022-12-21,29,8,2
005-41447,27,8,6,2,True,"['SC TO-I', 'SC TO-I/A']",['issuer_tender'],issuer_tender,['EDISON INTERNATIONAL'],EDISON INTERNATIONAL,['0000827052'],0000827052,['EIX'],2023-10-11,2025-12-22,803,19,8
005-41450,4,2,1,1,True,"['SC TO-I', 'SC TO-I/A']",['issuer_tender'],issuer_tender,"['CAESARS HOLDINGS, INC.']","CAESARS HOLDINGS, INC.",['0000858339'],0000858339,[],2020-07-21,2020-08-20,30,2,2
005-42000,7,3,2,1,True,"['SC TO-I', 'SC TO-I/A']",['issuer_tender'],issuer_tender,['KIMCO REALTY CORP'],KIMCO REALTY CORP,['0000879101'],0000879101,"['KIM', 'KIM-PL', 'KIM-PM', 'KIM-PN']",2024-11-04,2024-12-13,39,4,3
005-42284,14,3,2,1,True,"['SC TO-I', 'SC TO-I/A']",['issuer_tender'],issuer_tender,['SCHOLASTIC CORP'],SCHOLASTIC CORP,['0000866729'],0000866729,['SCHL'],2022-10-25,2022-11-28,34,11,3
005-42364,36,14,8,6,True,"['SC TO-I', 'SC TO-I/A']",['issuer_tender'],issuer_tender,['EVERFLOW EASTERN PARTNERS LP'],EVERFLOW EASTERN PARTNERS LP,['0000868082'],0000868082,[],2020-04-30,2025-07-02,1889,22,14
005-42546,19,6,4,2,True,"['SC 14D9', 'SC TO-T', 'SC TO-T/A']","['target_recommendation', 'third_party_tender']",mixed,['ALLIANCEBERNSTEIN HOLDING L.P.'],ALLIANCEBERNSTEIN HOLDING L.P.,"['0000825313', '0001333986']",0000825313,['AB'],2025-02-24,2025-04-03,38,13,6
005-42593,92,43,40,3,True,"['SC 14D9', 'SC 14D9/A', 'SC TO-T', 'SC TO-T/A']","['target_recommendation', 'third_party_tender']",mixed,['SEACOR HOLDINGS INC /NEW/'],SEACOR HOLDINGS INC /NEW/,"['0000080255', '0000859598', '0001834675']",0000080255,[],2020-12-18,2021-04-15,118,49,43
005-42713,16,5,4,1,True,"['SC TO-I', 'SC TO-I/A']",['issuer_tender'],issuer_tender,['INCYTE CORP'],INCYTE CORP,['0000879169'],0000879169,['INCY'],2024-05-13,2024-06-13,31,11,5
005-42729,11,3,2,1,True,"['SC TO-I', 'SC TO-I/A']",['issuer_tender'],issuer_tender,['Good Times Restaurants Inc.'],Good Times Restaurants Inc.,['0000825324'],0000825324,['GTIM'],2021-08-13,2021-09-14,32,8,3
005-43256,6,5,3,2,True,"['SC TO-I', 'SC TO-I/A']",['issuer_tender'],issuer_tender,"['PDL BIOPHARMA, INC.']","PDL BIOPHARMA, INC.",['0000882104'],0000882104,[],2020-08-28,2021-02-19,175,1,5
005-43486,15,7,5,2,True,"['SC 14D9', 'SC 14D9/A', 'SC TO-T', 'SC TO-T/A']","['target_recommendation', 'third_party_tender']",mixed,['Qumu Corp'],Qumu Corp,"['0000892482', '0001203589']",0000892482,[],2023-01-06,2023-02-07,32,8,7
005-43515,5,4,3,1,True,"['SC TO-I', 'SC TO-I/A']",['issuer_tender'],issuer_tender,['CHESAPEAKE ENERGY CORP'],CHESAPEAKE ENERGY CORP,['0000895126'],0000895126,"['CHK', 'CHKEL', 'CHKEW', 'CHKEZ']",2022-08-18,2022-10-11,54,1,4
005-43608,1,1,1,0,True,['SC TO-I/A'],['issuer_tender'],issuer_tender,['ASURE SOFTWARE INC'],ASURE SOFTWARE INC,['0000884144'],0000884144,['ASUR'],2020-01-29,2020-01-29,0,0,1
005-44003,12,3,2,1,True,"['SC TO-I', 'SC TO-I/A']",['issuer_tender'],issuer_tender,"['MORGAN STANLEY INDIA INVESTMENT FUND, INC.']","MORGAN STANLEY INDIA INVESTMENT FUND, INC.",['0000916618'],0000916618,['IIF'],2020-06-12,2020-07-24,42,9,3
005-44207,11,5,4,1,True,"['SC TO-I', 'SC TO-I/A']",['issuer_tender'],issuer_tender,['MCKESSON CORP'],MCKESSON CORP,['0000927653'],0000927653,['MCK'],2020-02-10,2020-03-12,31,6,5
005-44491,20,4,2,2,True,"['SC 14D9', 'SC 14D9/A', 'SC TO-T', 'SC TO-T/A']","['target_recommendation', 'third_party_tender']",mixed,['GOODRICH PETROLEUM CORP'],GOODRICH PETROLEUM CORP,"['0000943861', '0001895996']",0000943861,[],2021-11-24,2021-12-23,29,16,4
005-44849,16,6,4,2,True,"['SC 14D9', 'SC 14D9/A', 'SC TO-T', 'SC TO-T/A']","['target_recommendation', 'third_party_tender']",mixed,['LA JOLLA PHARMACEUTICAL CO'],LA JOLLA PHARMACEUTICAL CO,"['0000920465', '0001080014']",0000920465,[],2022-07-25,2022-08-22,28,10,6
005-45313,7,2,1,1,True,"['SC TO-I', 'SC TO-I/A']",['issuer_tender'],issuer_tender,['TEEKAY CORP'],TEEKAY CORP,['0000911971'],0000911971,['TK'],2022-01-10,2022-02-09,30,5,2
005-45332,24,6,4,2,True,"['SC 14D9', 'SC TO-T', 'SC TO-T/A']","['target_recommendation', 'third_party_tender']",mixed,['ENEL AMERICAS S.A.'],ENEL AMERICAS S.A.,"['0000912505', '0001096200']",0000912505,[],2021-02-22,2021-04-16,53,18,6
005-45693,27,7,5,2,True,"['SC 14D9', 'SC 14D9/A', 'SC TO-T', 'SC TO-T/A']","['target_recommendation', 'third_party_tender']",mixed,['INCOME OPPORTUNITY REALTY INVESTORS INC /TX/'],INCOME OPPORTUNITY REALTY INVESTORS INC /TX/,"['0000733590', '0000949961']",0000733590,['IOR'],2024-12-16,2025-01-30,45,20,7
005-45771,37,18,15,3,True,"['SC 14D9', 'SC 14D9/A', 'SC TO-T', 'SC TO-T/A']","['target_recommendation', 'third_party_tender']",mixed,['IEC ELECTRONICS CORP'],IEC ELECTRONICS CORP,"['0000049728', '0001878022']",0000049728,[],2021-08-12,2021-10-05,54,19,18
005-45887,16,7,4,3,True,"['SC 14D9', 'SC 14D9/A', 'SC TO-T', 'SC TO-T/A']","['target_recommendation', 'third_party_tender']",mixed,"['VIDLER WATER RESOURCES, INC.']","VIDLER WATER RESOURCES, INC.","['0000830122', '0000882184']",0000830122,[],2022-04-14,2022-05-25,41,9,7
005-46313,26,8,5,3,True,"['SC TO-I', 'SC TO-I/A']",['issuer_tender'],issuer_tender,['DISH Network CORP'],DISH Network CORP,"['0001001082', '0001415404']",0001001082,[],2022-06-24,2024-11-08,868,18,8
005-46803,2,1,1,0,True,['SC TO-I/A'],['issuer_tender'],issuer_tender,['WINMARK CORP'],WINMARK CORP,['0000908315'],0000908315,['WINA'],2020-01-17,2020-01-17,0,1,1
005-46826,12,3,2,1,True,"['SC TO-I', 'SC TO-I/A']",['issuer_tender'],issuer_tender,['ISABELLA BANK Corp'],ISABELLA BANK Corp,['0000842517'],0000842517,['ISBA'],2021-09-02,2021-10-18,46,9,3
005-47211,35,11,7,4,True,"['SC 14D9', 'SC 14D9/A', 'SC TO-T', 'SC TO-T/A']","['target_recommendation', 'third_party_tender']",mixed,"['BBQ HOLDINGS, INC.']","BBQ HOLDINGS, INC.","['0001021270', '0001940990']",0001021270,[],2022-08-09,2022-09-26,48,24,11
005-47265,20,9,7,2,True,"['SC 14D9', 'SC 14D9/A', 'SC TO-T', 'SC TO-T/A']","['target_recommendation', 'third_party_tender']",mixed,['DOVER MOTORSPORTS INC'],DOVER MOTORSPORTS INC,"['0000934648', '0001017673']",0000934648,[],2021-11-23,2021-12-22,29,11,9
005-47431,19,5,4,1,True,"['SC TO-I', 'SC TO-I/A']",['issuer_tender'],issuer_tender,['DAVITA INC.'],DAVITA INC.,['0000927066'],0000927066,['DVA'],2020-08-17,2020-09-17,31,14,5
005-47575,24,11,9,2,True,"['SC 14D9', 'SC 14D9/A', 'SC TO-T', 'SC TO-T/A']","['target_recommendation', 'third_party_tender']",mixed,"['ANTARES PHARMA, INC.']","ANTARES PHARMA, INC.","['0001016169', '0001159036']",0001016169,[],2022-04-26,2022-05-24,28,13,11
005-48459,25,11,9,2,True,"['SC 14D9', 'SC 14D9/A', 'SC TO-T', 'SC TO-T/A']","['target_recommendation', 'third_party_tender']",mixed,['CTI BIOPHARMA CORP'],CTI BIOPHARMA CORP,"['0000891293', '0001789731']",0000891293,[],2023-05-25,2023-06-26,32,14,11
005-48513,13,3,2,1,True,"['SC TO-I', 'SC TO-I/A']",['issuer_tender'],issuer_tender,"['COVENANT LOGISTICS GROUP, INC.']","COVENANT LOGISTICS GROUP, INC.",['0000928658'],0000928658,['CVLG'],2021-08-09,2021-09-09,31,10,3
005-48819,9,8,8,0,True,"['SC 14D9/A', 'SC TO-T/A']","['target_recommendation', 'third_party_tender']",mixed,['ARQULE INC'],ARQULE INC,"['0000310158', '0001019695']",0000310158,[],2020-01-02,2020-01-16,14,1,8
005-48859,12,3,2,1,True,"['SC TO-I', 'SC TO-I/A']",['issuer_tender'],issuer_tender,['OPPENHEIMER HOLDINGS INC'],OPPENHEIMER HOLDINGS INC,['0000791963'],0000791963,['OPY'],2023-05-31,2023-07-06,36,9,3
005-49015,10,9,8,1,True,"['SC TO-I', 'SC TO-I/A']",['issuer_tender'],issuer_tender,['LENNAR CORP /NEW/'],LENNAR CORP /NEW/,['0000920760'],0000920760,"['LEN', 'LEN-B']",2025-10-10,2025-11-26,47,1,9
005-49389,20,6,4,2,True,"['SC 14D9', 'SC 14D9/A', 'SC TO-T', 'SC TO-T/A']","['target_recommendation', 'third_party_tender']",mixed,['SIGMATRON INTERNATIONAL INC'],SIGMATRON INTERNATIONAL INC,"['0000915358', '0001934933']",0000915358,['SGMA'],2025-06-26,2025-07-25,29,14,6
005-49465,5,3,2,1,True,"['SC TO-I', 'SC TO-I/A']",['issuer_tender'],issuer_tender,['IMPAC MORTGAGE HOLDINGS INC'],IMPAC MORTGAGE HOLDINGS INC,['0001000298'],0001000298,['IMPM'],2022-09-14,2022-10-21,37,2,3
005-49833,48,15,13,2,True,"['SC 14D9', 'SC 14D9/A', 'SC TO-T', 'SC TO-T/A']","['target_recommendation', 'third_party_tender']",mixed,['MILLICOM INTERNATIONAL CELLULAR SA'],MILLICOM INTERNATIONAL CELLULAR SA,"['0000912958', '0001952901']",0000912958,"['MLCMF', 'TIGO']",2024-07-01,2024-08-28,58,33,15
005-50139,13,2,1,1,True,"['SC TO-I', 'SC TO-I/A']",['issuer_tender'],issuer_tender,['AWARE INC /MA/'],AWARE INC /MA/,['0001015739'],0001015739,['AWRE'],2024-01-19,2024-02-22,34,11,2
005-50241,13,3,2,1,True,"['SC TO-I', 'SC TO-I/A']",['issuer_tender'],issuer_tender,"['SOCKET MOBILE, INC.']","SOCKET MOBILE, INC.",['0000944075'],0000944075,['SCKT'],2024-05-28,2024-06-26,29,9,3
005-50273,28,7,6,1,True,"['SC TO-I', 'SC TO-I/A']",['issuer_tender'],issuer_tender,"['Ault Alliance, Inc.']","Ault Alliance, Inc.",['0000896493'],0000896493,"['AULT', 'AULT-PD']",2023-03-31,2023-05-19,49,21,7
005-50377,20,8,6,2,True,"['SC 14D9', 'SC 14D9/A', 'SC TO-T', 'SC TO-T/A']","['target_recommendation', 'third_party_tender']",mixed,['INTEVAC INC'],INTEVAC INC,"['0001001902', '0001137789']",0001001902,['IVAC'],2025-03-03,2025-03-31,28,12,8
005-51101,16,3,2,1,True,"['SC TO-I', 'SC TO-I/A']",['issuer_tender'],issuer_tender,"['ADAMS DIVERSIFIED EQUITY FUND, INC.']","ADAMS DIVERSIFIED EQUITY FUND, INC.",['0000002230'],0000002230,['ADX'],2024-07-05,2024-08-05,31,13,3
005-51125,19,11,8,3,True,"['SC 14D9', 'SC 14D9/A', 'SC TO-T', 'SC TO-T/A']","['target_recommendation', 'third_party_tender']",mixed,['NATIONAL HOLDINGS CORP'],NATIONAL HOLDINGS CORP,"['0001023844', '0001464790']",0001023844,[],2021-01-11,2021-02-25,45,8,11
005-51535,22,8,6,2,True,"['SC TO-I', 'SC TO-I/A']",['issuer_tender'],issuer_tender,['SLM Corp'],SLM Corp,['0001032033'],0001032033,"['SLM', 'SLMBP']",2020-10-27,2021-03-15,139,14,8
005-51837,2,1,1,0,True,['SC TO-I/A'],['issuer_tender'],issuer_tender,['SSR MINING INC.'],SSR MINING INC.,['0000921638'],0000921638,"['SSRGF', 'SSRM']",2020-02-03,2020-02-03,0,1,1
005-52511,9,4,3,1,True,"['SC TO-I', 'SC TO-I/A']",['issuer_tender'],issuer_tender,['ENERGY CO OF PARANA'],ENERGY CO OF PARANA,['0001041792'],0001041792,"['ELP', 'ELPC']",2021-03-22,2021-04-28,37,5,4
005-52745,15,5,3,2,True,"['SC 14D9', 'SC TO-T', 'SC TO-T/A']","['target_recommendation', 'third_party_tender']",mixed,"['Startek, Inc.']","Startek, Inc.","['0001031029', '0001736804']",0001031029,[],2022-11-22,2023-01-10,49,10,5
005-52773,8,3,2,1,True,"['SC TO-I', 'SC TO-I/A']",['issuer_tender'],issuer_tender,['BROOKFIELD Corp /ON/'],BROOKFIELD Corp /ON/,['0001001085'],0001001085,"['BAMGF', 'BAMKF', 'BKAMF', 'BKFAF', 'BKFDF', 'BKFOF', 'BKFPF', 'BN', 'BNH', 'BNJ', 'BRCFF', 'BROXF', 'BRPSF', 'BXDIF']",2023-10-11,2023-11-14,34,5,3
005-53191,18,7,5,2,True,"['SC 14D9', 'SC 14D9/A', 'SC TO-T', 'SC TO-T/A']","['target_recommendation', 'third_party_tender']",mixed,['MAGAL SECURITY SYSTEMS LTD'],MAGAL SECURITY SYSTEMS LTD,"['0000896494', '0001426753']",0000896494,[],2020-05-22,2020-07-06,45,11,7
005-53317,8,1,0,1,False,['SC TO-I'],['issuer_tender'],issuer_tender,['Total Return Securities Fund'],Total Return Securities Fund,['0000813623'],0000813623,['SWZ'],2025-12-19,2025-12-19,0,7,1
005-53683,4,3,2,1,True,"['SC TO-I', 'SC TO-I/A']",['issuer_tender'],issuer_tender,"['Assertio Therapeutics, Inc']","Assertio Therapeutics, Inc",['0001005201'],0001005201,[],2020-03-11,2020-04-08,28,1,3
005-53975,38,9,7,2,True,"['SC 14D9', 'SC 14D9/A', 'SC TO-T', 'SC TO-T/A']","['target_recommendation', 'third_party_tender']",mixed,['SHARPS COMPLIANCE CORP'],SHARPS COMPLIANCE CORP,"['0000898770', '0001938038']",0000898770,[],2022-07-25,2022-08-24,30,29,9
005-54125,12,3,2,1,True,"['SC TO-I', 'SC TO-I/A']",['issuer_tender'],issuer_tender,"['Symbolic Logic, Inc.']","Symbolic Logic, Inc.",['0001052054'],0001052054,['EVOL'],2022-05-23,2022-06-28,36,9,3
005-54237,14,6,5,1,True,"['SC TO-I', 'SC TO-I/A']",['issuer_tender'],issuer_tender,['SAP SE'],SAP SE,"['0001000184', '0001747748']",0001000184,"['SAP', 'SAPGF']",2020-12-28,2021-01-28,31,8,6
005-54277,29,6,4,2,True,"['SC TO-I', 'SC TO-I/A']",['issuer_tender'],issuer_tender,['CUMULUS MEDIA INC'],CUMULUS MEDIA INC,['0001058623'],0001058623,['CMLS'],2022-05-06,2023-06-14,404,23,6
005-54429,14,3,2,1,True,"['SC TO-I', 'SC TO-I/A']",['issuer_tender'],issuer_tender,['MICROSTRATEGY Inc'],MICROSTRATEGY Inc,['0001050446'],0001050446,['MSTR'],2020-08-11,2020-09-15,35,11,3
005-54659,107,31,29,2,True,"['SC 14D9', 'SC 14D9/A', 'SC TO-T', 'SC TO-T/A']","['target_recommendation', 'third_party_tender']",mixed,['QIAGEN N.V.'],QIAGEN N.V.,"['0000097745', '0001015820']",0000097745,['QGEN'],2020-04-28,2020-08-13,107,76,31
005-55087,16,4,2,2,True,"['SC TO-I', 'SC TO-I/A', 'SC TO-T']","['issuer_tender', 'third_party_tender']",mixed,"['CRA INTERNATIONAL, INC.']","CRA INTERNATIONAL, INC.",['0001053706'],0001053706,['CRAI'],2021-03-08,2021-04-09,32,12,4
005-55343,18,6,4,2,True,"['SC TO-I', 'SC TO-I/A']",['issuer_tender'],issuer_tender,['CENTRUS ENERGY CORP'],CENTRUS ENERGY CORP,['0001065059'],0001065059,['LEU'],2020-10-19,2021-11-24,401,12,6
005-55547,29,6,4,2,True,"['SC TO-I', 'SC TO-I/A']",['issuer_tender'],issuer_tender,"['HACKETT GROUP, INC.']","HACKETT GROUP, INC.",['0001057379'],0001057379,['HCKT'],2022-11-09,2025-12-08,1125,23,6
005-55587,8,3,2,1,True,"['SC TO-I', 'SC TO-I/A']",['issuer_tender'],issuer_tender,['LIONS GATE ENTERTAINMENT CORP /CN/'],LIONS GATE ENTERTAINMENT CORP /CN/,['0000929351'],0000929351,"['LGF-A', 'LGF-B']",2020-04-09,2020-05-11,32,5,3
005-55703,12,3,2,1,True,"['SC TO-I', 'SC TO-I/A']",['issuer_tender'],issuer_tender,['WASHINGTON FEDERAL INC'],WASHINGTON FEDERAL INC,['0000936528'],0000936528,"['WAFD', 'WAFDP']",2021-02-09,2021-03-12,31,9,3
005-55807,18,6,5,1,True,"['SC TO-I', 'SC TO-I/A']",['issuer_tender'],issuer_tender,"['AVANTAX, INC.']","AVANTAX, INC.",['0001068875'],0001068875,[],2023-01-27,2023-03-01,33,10,6
005-56335,8,2,1,1,True,"['SC TO-I', 'SC TO-I/A']",['issuer_tender'],issuer_tender,"['GAMCO INVESTORS, INC. ET AL']","GAMCO INVESTORS, INC. ET AL",['0001060349'],0001060349,['GAMI'],2020-03-11,2020-03-18,7,6,2
005-56403,16,6,4,2,True,"['SC 14D9', 'SC TO-T', 'SC TO-T/A']","['target_recommendation', 'third_party_tender']",mixed,['HUGOTON ROYALTY TRUST'],HUGOTON ROYALTY TRUST,"['0000862022', '0000868809']",0000862022,['HGTXU'],2020-04-01,2020-05-28,57,10,6
005-56559,16,3,2,1,True,"['SC TO-I', 'SC TO-I/A']",['issuer_tender'],issuer_tender,['TEMPLETON DRAGON FUND INC'],TEMPLETON DRAGON FUND INC,['0000919893'],0000919893,['TDF'],2023-11-21,2023-12-27,36,13,3
005-56633,5,2,1,1,True,"['SC TO-I', 'SC TO-I/A']",['issuer_tender'],issuer_tender,"['J2 GLOBAL, INC.']","J2 GLOBAL, INC.",['0001084048'],0001084048,['ZD'],2021-05-14,2021-06-15,32,3,2
005-57067,29,7,5,2,True,"['SC TO-I', 'SC TO-I/A']",['issuer_tender'],issuer_tender,['MANNATECH INC'],MANNATECH INC,['0001056358'],0001056358,['MTEX'],2020-05-29,2021-06-30,397,22,7
005-57209,73,25,13,12,True,"['SC TO-I', 'SC TO-I/A']",['issuer_tender'],issuer_tender,"['Advantage Advisers Xanthus Fund, L.L.C.']","Advantage Advisers Xanthus Fund, L.L.C.",['0001076673'],0001076673,[],2020-05-15,2025-11-17,2012,48,25
005-57307,29,11,9,2,True,"['SC 14D9', 'SC 14D9/A', 'SC TO-T', 'SC TO-T/A']","['target_recommendation', 'third_party_tender']",mixed,['HUTTIG BUILDING PRODUCTS INC'],HUTTIG BUILDING PRODUCTS INC,"['0001093082', '0001919881']",0001093082,[],2022-03-28,2022-05-03,36,18,11
005-57849,17,5,3,2,True,"['SC 14D9', 'SC 14D9/A', 'SC TO-T', 'SC TO-T/A']","['target_recommendation', 'third_party_tender']",mixed,['PHX MINERALS INC.'],PHX MINERALS INC.,"['0000315131', '0001921603']",0000315131,['PHX'],2025-05-22,2025-06-23,32,12,5
005-57907,22,10,7,3,True,"['SC 14D9', 'SC 14D9/A', 'SC TO-T', 'SC TO-T/A']","['target_recommendation', 'third_party_tender']",mixed,['BIODELIVERY SCIENCES INTERNATIONAL INC'],BIODELIVERY SCIENCES INTERNATIONAL INC,"['0001103021', '0001267565']",0001103021,[],2022-02-14,2022-03-21,35,12,10
005-58067,19,7,4,3,True,"['SC 14D9', 'SC 14D9/A', 'SC TO-T', 'SC TO-T/A']","['target_recommendation', 'third_party_tender']",mixed,"['AutoWeb, Inc.']","AutoWeb, Inc.","['0001023364', '0001939800']",0001023364,[],2022-07-25,2022-08-31,37,12,7
005-58347,12,3,2,1,True,"['SC TO-I', 'SC TO-I/A']",['issuer_tender'],issuer_tender,['ENCORE CAPITAL GROUP INC'],ENCORE CAPITAL GROUP INC,['0001084961'],0001084961,['ECPG'],2021-11-04,2021-12-09,35,9,3
005-58461,25,11,7,4,True,"['SC 14D9', 'SC 14D9/A', 'SC TO-T', 'SC TO-T/A']","['target_recommendation', 'third_party_tender']",mixed,['BSQUARE CORP /WA'],BSQUARE CORP /WA,"['0001054721', '0001996612']",0001054721,[],2023-10-11,2023-12-07,57,14,11
005-58473,53,14,10,4,True,"['SC 14D9', 'SC 14D9/A', 'SC TO-T', 'SC TO-T/A']","['target_recommendation', 'third_party_tender']",mixed,['OPTIBASE LTD'],OPTIBASE LTD,"['0001077618', '0001596005']",0001077618,[],2021-12-01,2022-03-23,112,39,14
005-59323,22,11,9,2,True,"['SC 14D9', 'SC 14D9/A', 'SC TO-T', 'SC TO-T/A']","['target_recommendation', 'third_party_tender']",mixed,['PFSWEB INC'],PFSWEB INC,"['0001095315', '0001852244']",0001095315,[],2023-09-21,2023-10-23,32,11,11
005-59339,15,4,3,1,True,"['SC TO-I', 'SC TO-I/A']",['issuer_tender'],issuer_tender,['NEW IRELAND FUND INC'],NEW IRELAND FUND INC,['0000858707'],0000858707,[],2021-04-15,2021-05-18,33,11,4
005-59373,19,5,4,1,True,"['SC TO-I', 'SC TO-I/A']",['issuer_tender'],issuer_tender,['OneSpan Inc.'],OneSpan Inc.,['0001044777'],0001044777,['OSPN'],2023-11-13,2023-12-14,31,14,5
005-59779,37,15,13,2,True,"['SC 14D9', 'SC 14D9/A', 'SC TO-T', 'SC TO-T/A']","['target_recommendation', 'third_party_tender']",mixed,['COLLECTORS UNIVERSE INC'],COLLECTORS UNIVERSE INC,"['0001089143', '0001834779']",0001089143,[],2020-12-17,2021-02-08,53,22,15
005-59909,9,3,2,1,True,"['SC TO-I', 'SC TO-I/A']",['issuer_tender'],issuer_tender,['HOPE BANCORP INC'],HOPE BANCORP INC,['0001128361'],0001128361,['HOPE'],2023-04-17,2023-05-15,28,6,3
005-60005,24,3,2,1,True,"['SC TO-I', 'SC TO-I/A']",['issuer_tender'],issuer_tender,['PFIZER INC'],PFIZER INC,['0000078003'],0000078003,['PFE'],2024-08-12,2024-09-13,32,21,3
005-60071,17,3,1,2,True,"['SC 14D9', 'SC TO-T', 'SC TO-T/A']","['target_recommendation', 'third_party_tender']",mixed,['UNITED BREWERIES CO INC'],UNITED BREWERIES CO INC,"['0000888746', '0001842662']",0000888746,['CCU'],2021-05-19,2021-06-21,33,14,3
005-60201,3,2,2,0,True,"['SC 14D9/A', 'SC TO-T/A']","['target_recommendation', 'third_party_tender']",mixed,['MEDICINES CO /DE'],MEDICINES CO /DE,"['0001113481', '0001114448']",0001113481,[],2020-01-06,2020-01-06,0,1,2
005-60457,6,3,2,1,True,"['SC TO-I', 'SC TO-I/A']",['issuer_tender'],issuer_tender,"['ILLUMINA, INC.']","ILLUMINA, INC.",['0001110803'],0001110803,['ILMN'],2021-11-15,2021-12-21,36,3,3
005-60499,15,6,4,2,True,"['SC 14D9', 'SC 14D9/A', 'SC TO-T', 'SC TO-T/A']","['target_recommendation', 'third_party_tender']",mixed,['DURECT CORP'],DURECT CORP,"['0000885590', '0001082038']",0000885590,['DRRX'],2025-08-12,2025-09-11,30,9,6
005-60797,8,1,0,1,False,['SC TO-I'],['issuer_tender'],issuer_tender,"['SPECIAL OPPORTUNITIES FUND, INC.']","SPECIAL OPPORTUNITIES FUND, INC.",['0000897802'],0000897802,"['SPE', 'SPE-PC']",2022-03-04,2022-03-04,0,7,1
005-60831,25,8,6,2,True,"['SC TO-I', 'SC TO-I/A']",['issuer_tender'],issuer_tender,['TEMPLETON GLOBAL INCOME FUND'],TEMPLETON GLOBAL INCOME FUND,['0000828803'],0000828803,['SABA'],2021-11-08,2023-11-13,735,18,7
005-60837,16,4,3,1,True,"['SC TO-I', 'SC TO-I/A']",['issuer_tender'],issuer_tender,"['ABRDN JAPAN EQUITY FUND, INC.']","ABRDN JAPAN EQUITY FUND, INC.",['0000866095'],0000866095,['JEQ'],2025-08-01,2025-09-05,35,12,4
005-60853,13,3,2,1,True,"['SC TO-I', 'SC TO-I/A']",['issuer_tender'],issuer_tender,['SILICON LABORATORIES INC.'],SILICON LABORATORIES INC.,['0001038074'],0001038074,['SLAB'],2021-08-03,2021-09-02,30,10,3
005-61925,51,21,19,2,True,"['SC 14D9', 'SC 14D9/A', 'SC TO-T', 'SC TO-T/A']","['target_recommendation', 'third_party_tender']",mixed,"['CHEMBIO DIAGNOSTICS, INC.']","CHEMBIO DIAGNOSTICS, INC.","['0001092662', '0001964166']",0001092662,[],2023-02-14,2023-04-27,72,30,21
005-62061,8,3,1,2,True,"['SC 14D9', 'SC TO-T', 'SC TO-T/A']","['target_recommendation', 'third_party_tender']",mixed,"['Nuo Therapeutics, Inc.']","Nuo Therapeutics, Inc.","['0001091596', '0001870412']",0001091596,['AURX'],2022-01-21,2022-03-21,59,5,3
005-62369,21,12,10,2,True,"['SC 14D9', 'SC 14D9/A', 'SC TO-T', 'SC TO-T/A']","['target_recommendation', 'third_party_tender']",mixed,['AlerisLife Inc.'],AlerisLife Inc.,"['0001159281', '0001686016']",0001159281,[],2023-02-17,2023-03-20,31,9,12
005-78036,11,3,2,1,True,"['SC TO-I', 'SC TO-I/A']",['issuer_tender'],issuer_tender,"['DOMINION ENERGY, INC']","DOMINION ENERGY, INC",['0000715957'],0000715957,['D'],2024-05-07,2024-06-05,29,8,3
005-78334,27,12,8,4,True,"['SC 14D9', 'SC 14D9/A', 'SC TO-T', 'SC TO-T/A']","['target_recommendation', 'third_party_tender']",mixed,['GLOBALSCAPE INC'],GLOBALSCAPE INC,"['0001112920', '0001818947']",0001112920,[],2020-07-20,2020-08-28,39,15,12
005-78603,100,24,12,12,True,"['SC TO-I', 'SC TO-I/A']",['issuer_tender'],issuer_tender,['A&Q Technology Fund LLC'],A&Q Technology Fund LLC,['0001186643'],0001186643,[],2020-03-13,2025-09-30,2027,76,24
005-78613,8,3,2,1,True,"['SC TO-I', 'SC TO-I/A']",['issuer_tender'],issuer_tender,['NII HOLDINGS INC'],NII HOLDINGS INC,['0001037016'],0001037016,[],2020-02-05,2020-03-05,29,5,3
005-78754,200,48,24,24,True,"['SC TO-I', 'SC TO-I/A']",['issuer_tender'],issuer_tender,['A&Q Long/Short Strategies Fund LLC'],A&Q Long/Short Strategies Fund LLC,['0001186641'],0001186641,[],2020-03-13,2025-12-16,2104,152,48
005-79005,139,36,24,12,True,"['SC TO-I', 'SC TO-I/A']",['issuer_tender'],issuer_tender,"['SKYBRIDGE MULTI-ADVISER HEDGE FUND PORTFOLIOS LLC', 'SKYBRIDGE OPPORTUNITY FUND LLC', 'SKYBRIDGE OPPORTUNITY FUND']",SKYBRIDGE MULTI-ADVISER HEDGE FUND PORTFOLIOS LLC,['0001181848'],0001181848,[],2020-01-02,2025-11-04,2133,104,35
005-79091,22,9,7,2,True,"['SC 14D9', 'SC 14D9/A', 'SC TO-T', 'SC TO-T/A']","['target_recommendation', 'third_party_tender']",mixed,['BIOSPECIFICS TECHNOLOGIES CORP'],BIOSPECIFICS TECHNOLOGIES CORP,"['0000875622', '0001593034']",0000875622,[],2020-11-02,2020-12-02,30,13,9
005-79228,13,7,6,1,True,"['SC TO-I', 'SC TO-I/A']",['issuer_tender'],issuer_tender,['ASHFORD HOSPITALITY TRUST INC'],ASHFORD HOSPITALITY TRUST INC,['0001232582'],0001232582,"['AHT', 'AHT-PD', 'AHT-PF', 'AHT-PG', 'AHT-PH', 'AHT-PI']",2020-07-30,2020-11-25,118,6,7
005-79243,181,47,23,24,True,"['SC TO-I', 'SC TO-I/A']",['issuer_tender'],issuer_tender,"['GROSVENOR REGISTERED MULTI-STRATEGY MASTER FUND, LLC']","GROSVENOR REGISTERED MULTI-STRATEGY MASTER FUND, LLC",['0001212030'],0001212030,[],2020-03-27,2025-12-22,2096,134,47
005-79318,22,7,3,4,True,"['SC 14D9', 'SC TO-T', 'SC TO-T/A']","['target_recommendation', 'third_party_tender']",mixed,['SINOVAC BIOTECH LTD'],SINOVAC BIOTECH LTD,"['0001084201', '0001870412']",0001084201,['SVA'],2023-08-25,2024-03-18,206,15,7
005-79349,14,5,4,1,True,"['SC TO-I', 'SC TO-I/A']",['issuer_tender'],issuer_tender,['CytoDyn Inc.'],CytoDyn Inc.,['0001175680'],0001175680,['CYDY'],2024-06-03,2024-07-22,49,9,5
005-79447,11,4,3,1,True,"['SC TO-I', 'SC TO-I/A']",['issuer_tender'],issuer_tender,['SCHMITT INDUSTRIES INC'],SCHMITT INDUSTRIES INC,['0000922612'],0000922612,[],2020-06-11,2020-07-21,40,7,4
005-79455,5,2,1,1,True,"['SC TO-I', 'SC TO-I/A']",['issuer_tender'],issuer_tender,['Trip.com Group Ltd'],Trip.com Group Ltd,['0001269238'],0001269238,"['TCOM', 'TRPCF']",2020-05-29,2020-06-30,32,3,2
005-79663,57,11,8,3,True,"['SC TO-I', 'SC TO-I/A']",['issuer_tender'],issuer_tender,['Virtus Total Return Fund Inc.'],Virtus Total Return Fund Inc.,['0000836412'],0000836412,['ZTR'],2024-04-02,2025-12-08,615,46,11
005-79781,33,8,6,2,True,"['SC TO-I', 'SC TO-I/A']",['issuer_tender'],issuer_tender,['Hilltop Holdings Inc.'],Hilltop Holdings Inc.,['0001265131'],0001265131,['HTH'],2020-09-23,2022-06-02,617,25,8
005-79876,65,49,25,24,True,"['SC TO-I', 'SC TO-I/A']",['issuer_tender'],issuer_tender,['AETOS MULTI-STRATEGY ARBITRAGE FUND LLC'],AETOS MULTI-STRATEGY ARBITRAGE FUND LLC,['0001169580'],0001169580,[],2020-02-07,2025-12-01,2124,16,49
005-79877,64,49,25,24,True,"['SC TO-I', 'SC TO-I/A']",['issuer_tender'],issuer_tender,['AETOS DISTRESSED INVESTMENT STRATEGIES FUND LLC'],AETOS DISTRESSED INVESTMENT STRATEGIES FUND LLC,['0001169578'],0001169578,[],2020-02-07,2025-12-01,2124,16,48
005-79878,65,49,25,24,True,"['SC TO-I', 'SC TO-I/A']",['issuer_tender'],issuer_tender,['AETOS LONG/SHORT STRATEGIES FUND LLC'],AETOS LONG/SHORT STRATEGIES FUND LLC,['0001169583'],0001169583,[],2020-02-07,2025-12-01,2124,16,49
005-79927,27,10,8,2,True,"['SC 14D9', 'SC 14D9/A', 'SC TO-T', 'SC TO-T/A']","['target_recommendation', 'third_party_tender']",mixed,['MOMENTA PHARMACEUTICALS INC'],MOMENTA PHARMACEUTICALS INC,"['0000200406', '0001235010']",0000200406,[],2020-09-02,2020-10-01,29,17,10
005-80061,26,11,6,5,True,"['SC TO-I', 'SC TO-I/A']",['issuer_tender'],issuer_tender,"['SALIENT PRIVATE ACCESS MASTER FUND L P', 'CYPRESS CREEK PRIVATE STRATEGIES MASTER FUND L P']",SALIENT PRIVATE ACCESS MASTER FUND L P,['0001279392'],0001279392,[],2020-02-03,2021-06-04,487,15,11
005-80062,35,15,9,6,True,"['SC TO-I', 'SC TO-I/A']",['issuer_tender'],issuer_tender,"['SALIENT PRIVATE ACCESS REGISTERED FUND L P', 'CYPRESS CREEK PRIVATE STRATEGIES REGISTERED FUND L P']",SALIENT PRIVATE ACCESS REGISTERED FUND L P,['0001279394'],0001279394,[],2020-02-03,2021-12-08,674,20,15
005-80071,18,4,3,1,True,"['SC TO-I', 'SC TO-I/A']",['issuer_tender'],issuer_tender,"['BIMINI CAPITAL MANAGEMENT, INC.']","BIMINI CAPITAL MANAGEMENT, INC.",['0001275477'],0001275477,['BMNM'],2021-05-27,2021-07-08,42,14,4
005-80125,24,8,6,2,True,"['SC TO-I', 'SC TO-I/A']",['issuer_tender'],issuer_tender,"['Kyto Technology & Life Science, Inc.']","Kyto Technology & Life Science, Inc.",['0001164888'],0001164888,[],2020-10-01,2022-05-09,585,16,8
005-80200,34,9,7,2,True,"['SC TO-I', 'SC TO-I/A']",['issuer_tender'],issuer_tender,['CORCEPT THERAPEUTICS INC'],CORCEPT THERAPEUTICS INC,['0001088856'],0001088856,['CORT'],2021-11-08,2023-04-05,513,26,8
005-80216,11,4,3,1,True,"['SC TO-I', 'SC TO-I/A']",['issuer_tender'],issuer_tender,['HERBALIFE NUTRITION LTD.'],HERBALIFE NUTRITION LTD.,['0001180262'],0001180262,['HLF'],2020-07-13,2020-08-17,35,7,4
005-80234,133,56,54,2,True,"['SC 14D9', 'SC 14D9/A', 'SC TO-T', 'SC TO-T/A']","['target_recommendation', 'third_party_tender']",mixed,['BEACON ROOFING SUPPLY INC'],BEACON ROOFING SUPPLY INC,"['0001124941', '0001236275']",0001124941,['BECN'],2025-01-27,2025-04-29,92,77,56
005-80235,173,44,23,21,True,"['SC TO-I', 'SC TO-I/A']",['issuer_tender'],issuer_tender,['JP MORGAN ACCESS MULTI-STRATEGY FUND LLC'],JP MORGAN ACCESS MULTI-STRATEGY FUND LLC,['0001286410'],0001286410,[],2020-02-25,2025-08-22,2005,130,43
005-80363,214,49,25,24,True,"['SC TO-I', 'SC TO-I/A']",['issuer_tender'],issuer_tender,['Alpha Core Strategies Fund'],Alpha Core Strategies Fund,['0001301483'],0001301483,[],2020-01-16,2025-11-12,2127,165,49
005-80461,24,8,3,5,True,"['SC 14D9', 'SC 14D9/A', 'SC TO-T', 'SC TO-T/A']","['target_recommendation', 'third_party_tender']",mixed,['Industrias Bachoco S.A.B. de C.V.'],Industrias Bachoco S.A.B. de C.V.,"['0001044896', '0001919779']",0001044896,[],2022-03-25,2022-11-09,229,16,8
005-80462,10,3,2,1,True,"['SC TO-I', 'SC TO-I/A']",['issuer_tender'],issuer_tender,['Infosys Ltd'],Infosys Ltd,['0001067491'],0001067491,['INFY'],2025-11-18,2025-12-05,17,7,3
005-80508,17,6,4,2,True,"['SC 14D9', 'SC 14D9/A', 'SC TO-T', 'SC TO-T/A']","['target_recommendation', 'third_party_tender']",mixed,['BANCO ITAU CHILE'],BANCO ITAU CHILE,"['0001132597', '0001276671']",0001132597,[],2023-06-06,2023-07-06,30,11,6
005-80520,34,6,4,2,True,"['SC TO-I', 'SC TO-I/A', 'SC TO-T', 'SC TO-T/A']","['issuer_tender', 'third_party_tender']",mixed,['MARCHEX INC'],MARCHEX INC,"['0001224133', '0001666682']",0001224133,['MCHX'],2020-08-31,2020-10-08,38,28,6
005-80578,20,5,4,1,True,"['SC TO-I', 'SC TO-I/A']",['issuer_tender'],issuer_tender,['WEX Inc.'],WEX Inc.,['0001309108'],0001309108,['WEX'],2025-02-26,2025-03-31,33,16,4
005-80583,50,15,8,7,True,"['SC TO-I', 'SC TO-I/A']",['issuer_tender'],issuer_tender,"['Hatteras Master Fund, L.P.']","Hatteras Master Fund, L.P.",['0001307689'],0001307689,[],2020-02-21,2021-09-23,580,35,15
005-80652,35,15,9,6,True,"['SC TO-I', 'SC TO-I/A']",['issuer_tender'],issuer_tender,"['SALIENT PRIVATE ACCESS TEI FUND, L.P.', 'CYPRESS CREEK PRIVATE STRATEGIES TEI FUND, L.P.']","SALIENT PRIVATE ACCESS TEI FUND, L.P.",['0001320688'],0001320688,[],2020-02-03,2021-12-08,674,20,15
005-80794,25,4,2,2,True,"['SC TO-I', 'SC TO-I/A']",['issuer_tender'],issuer_tender,['PIMCO INCOME STRATEGY FUND'],PIMCO INCOME STRATEGY FUND,['0001244183'],0001244183,['PFL'],2023-08-15,2024-04-15,244,21,4
005-80798,26,6,4,2,True,"['SC TO-I', 'SC TO-I/A']",['issuer_tender'],issuer_tender,['EATON VANCE SENIOR INCOME TRUST'],EATON VANCE SENIOR INCOME TRUST,['0001070732'],0001070732,['EVF'],2021-06-29,2023-10-27,850,20,6
005-80829,20,5,4,1,True,"['SC TO-I', 'SC TO-I/A']",['issuer_tender'],issuer_tender,['Designer Brands Inc.'],Designer Brands Inc.,['0001319947'],0001319947,['DBI'],2023-06-08,2023-07-12,34,16,4
005-80980,14,4,3,1,True,"['SC TO-I', 'SC TO-I/A']",['issuer_tender'],issuer_tender,['Navios Maritime Holdings Inc.'],Navios Maritime Holdings Inc.,['0001333172'],0001333172,"['NMPGY', 'NMPRY']",2022-09-14,2022-10-24,40,10,4
005-81011,1,1,1,0,True,['SC TO-I/A'],['issuer_tender'],issuer_tender,"['Mellon Optima L/S Strategy Fund, LLC']","Mellon Optima L/S Strategy Fund, LLC",['0001312483'],0001312483,[],2020-02-07,2020-02-07,0,0,1
005-81127,18,7,5,2,True,"['SC 14D9', 'SC 14D9/A', 'SC TO-T', 'SC TO-T/A']","['target_recommendation', 'third_party_tender']",mixed,"['Ruths Hospitality Group, Inc.']","Ruths Hospitality Group, Inc.","['0000940944', '0001324272']",0000940944,[],2023-05-16,2023-06-14,29,11,7
005-81168,6,2,1,1,True,"['SC TO-I', 'SC TO-I/A']",['issuer_tender'],issuer_tender,['SUNPOWER CORP'],SUNPOWER CORP,['0000867773'],0000867773,['SPWRQ'],2020-11-24,2020-12-23,29,4,2
005-81240,50,15,8,7,True,"['SC TO-I', 'SC TO-I/A']",['issuer_tender'],issuer_tender,"['Hatteras Core Alternatives TEI Fund, L.P.']","Hatteras Core Alternatives TEI Fund, L.P.",['0001307688'],0001307688,[],2020-02-21,2021-09-23,580,35,15
005-81241,50,15,8,7,True,"['SC TO-I', 'SC TO-I/A']",['issuer_tender'],issuer_tender,"['Hatteras Core Alternatives Fund, L.P.']","Hatteras Core Alternatives Fund, L.P.",['0001310192'],0001310192,[],2020-02-21,2021-09-23,580,35,15
005-81249,13,3,2,1,True,"['SC TO-I', 'SC TO-I/A']",['issuer_tender'],issuer_tender,['WESTERN ASSET INFLATION-LINKED INCOME FUND'],WESTERN ASSET INFLATION-LINKED INCOME FUND,['0001254370'],0001254370,['WIA'],2020-11-25,2020-12-31,36,10,3
005-81356,13,3,2,1,True,"['SC TO-I', 'SC TO-I/A']",['issuer_tender'],issuer_tender,"['UNIVERSAL LOGISTICS HOLDINGS, INC.']","UNIVERSAL LOGISTICS HOLDINGS, INC.",['0001308208'],0001308208,['ULH'],2022-05-13,2022-06-21,39,10,3
005-81434,8,1,0,1,False,['SC TO-I'],['issuer_tender'],issuer_tender,['HIGH INCOME SECURITIES FUND'],HIGH INCOME SECURITIES FUND,['0000810943'],0000810943,['PCF'],2024-11-08,2024-11-08,0,7,1
005-81435,9,2,1,1,True,"['SC TO-I', 'SC TO-I/A']",['issuer_tender'],issuer_tender,['WESTERN ASSET HIGH INCOME FUND II INC.'],WESTERN ASSET HIGH INCOME FUND II INC.,['0001058239'],0001058239,['HIX'],2020-10-19,2020-11-20,32,7,2
005-81437,15,3,2,1,True,"['SC TO-I', 'SC TO-I/A']",['issuer_tender'],issuer_tender,['Invesco Trust for Investment Grade New York Municipals'],Invesco Trust for Investment Grade New York Municipals,['0000883265'],0000883265,['VTN'],2024-11-07,2024-12-11,34,12,3
005-81487,11,3,2,1,True,"['SC TO-I', 'SC TO-I/A']",['issuer_tender'],issuer_tender,['StealthGas Inc.'],StealthGas Inc.,['0001328919'],0001328919,['GASS'],2020-03-31,2020-05-05,35,8,3
005-81503,9,2,1,1,True,"['SC TO-I', 'SC TO-I/A']",['issuer_tender'],issuer_tender,['WESTERN ASSET HIGH INCOME OPPORTUNITY FUND INC.'],WESTERN ASSET HIGH INCOME OPPORTUNITY FUND INC.,['0000910068'],0000910068,['HIO'],2020-10-19,2020-11-20,32,7,2
005-81513,63,18,13,5,True,"['SC TO-I', 'SC TO-I/A']",['issuer_tender'],issuer_tender,['DIANA SHIPPING INC.'],DIANA SHIPPING INC.,['0001318885'],0001318885,"['DSX', 'DSX-PB', 'DSX-WT']",2020-01-03,2025-01-07,1831,44,18
005-81721,32,9,6,3,True,"['SC TO-I', 'SC TO-I/A']",['issuer_tender'],issuer_tender,"['BLACKROCK ENHANCED CAPITAL & INCOME FUND, INC.', 'BlackRock Enhanced Large Cap Core Fund, Inc.']","BLACKROCK ENHANCED CAPITAL & INCOME FUND, INC.",['0001278895'],0001278895,['CII'],2024-07-17,2025-02-25,223,23,9
005-81724,33,13,8,5,True,"['SC 14D9', 'SC 14D9/A', 'SC TO-T', 'SC TO-T/A']","['target_recommendation', 'third_party_tender']",mixed,['General Finance CORP'],General Finance CORP,"['0001067701', '0001342287']",0001067701,[],2021-04-16,2021-05-24,38,20,13
005-81984,12,3,2,1,True,"['SC TO-I', 'SC TO-I/A']",['issuer_tender'],issuer_tender,['WNS'],WNS,['0001356570'],0001356570,['WNS'],2024-07-08,2024-08-05,28,9,3
005-82396,11,3,2,1,True,"['SC TO-I', 'SC TO-I/A']",['issuer_tender'],issuer_tender,['Eaton Vance Short Duration Diversified Income Fund'],Eaton Vance Short Duration Diversified Income Fund,['0001287498'],0001287498,['EVG'],2021-06-29,2021-08-03,35,8,3
005-82521,12,3,2,1,True,"['SC TO-I', 'SC TO-I/A']",['issuer_tender'],issuer_tender,['Voya Global Advantage & Premium Opportunity Fund'],Voya Global Advantage & Premium Opportunity Fund,['0001332943'],0001332943,['IGA'],2021-04-19,2021-05-27,38,9,3
005-82531,48,24,20,4,True,"['SC 14D9', 'SC 14D9/A', 'SC TO-T', 'SC TO-T/A']","['target_recommendation', 'third_party_tender']",mixed,"['H&E Equipment Services, Inc.']","H&E Equipment Services, Inc.","['0001067701', '0001339605', '0001364479']",0001067701,['HEES'],2025-01-28,2025-05-30,122,24,24
005-82556,8,2,1,1,True,"['SC TO-T', 'SC TO-T/A']",['third_party_tender'],third_party_tender,['BCP Investment Corp'],BCP Investment Corp,['0001372807'],0001372807,['BCIC'],2025-11-12,2025-12-12,30,6,2
005-82627,37,11,8,3,True,"['SC 14D9', 'SC 14D9/A', 'SC TO-T', 'SC TO-T/A']","['target_recommendation', 'third_party_tender']",mixed,['Central North Airport Group'],Central North Airport Group,"['0001378239', '0001824550']",0001378239,"['GAERF', 'OMAB']",2020-12-23,2021-07-07,196,26,11
005-82694,16,7,5,2,True,"['SC 14D9', 'SC 14D9/A', 'SC TO-T', 'SC TO-T/A']","['target_recommendation', 'third_party_tender']",mixed,"['FINJAN HOLDINGS, INC.']","FINJAN HOLDINGS, INC.","['0001366340', '0001814614']",0001366340,[],2020-06-24,2020-07-23,29,9,7
005-82786,11,3,2,1,True,"['SC TO-I', 'SC TO-I/A']",['issuer_tender'],issuer_tender,"['Morgan Stanley China A Share Fund, Inc.']","Morgan Stanley China A Share Fund, Inc.",['0001368493'],0001368493,['CAF'],2024-01-22,2024-02-23,32,8,3
005-82800,177,47,23,24,True,"['SC TO-I', 'SC TO-I/A']",['issuer_tender'],issuer_tender,['Alternative Investment Partners Absolute Return Fund'],Alternative Investment Partners Absolute Return Fund,['0001327228'],0001327228,[],2020-02-26,2025-11-26,2100,131,46
005-82801,183,49,25,24,True,"['SC TO-I', 'SC TO-I/A']",['issuer_tender'],issuer_tender,['Alternative Investment Partners Absolute Return Fund STS'],Alternative Investment Partners Absolute Return Fund STS,['0001343668'],0001343668,[],2020-02-26,2025-11-26,2100,135,48
005-82887,15,6,4,2,True,"['SC 14D9', 'SC 14D9/A', 'SC TO-T', 'SC TO-T/A']","['target_recommendation', 'third_party_tender']",mixed,"['CONTINENTAL RESOURCES, INC']","CONTINENTAL RESOURCES, INC","['0000732834', '0001950914']",0000732834,[],2022-10-24,2022-11-22,29,9,6
005-82966,10,3,2,1,True,"['SC TO-I', 'SC TO-I/A']",['issuer_tender'],issuer_tender,['Macquarie Infrastructure Corp'],Macquarie Infrastructure Corp,['0001289790'],0001289790,[],2021-02-17,2021-03-17,28,7,3
005-82986,11,3,2,1,True,"['SC TO-I', 'SC TO-I/A']",['issuer_tender'],issuer_tender,['FIRST TRUST/ABERDEEN GLOBAL OPPORTUNITY INCOME FUND'],FIRST TRUST/ABERDEEN GLOBAL OPPORTUNITY INCOME FUND,['0001302624'],0001302624,['FAM'],2021-01-14,2021-02-17,34,8,3
005-83149,49,14,7,7,True,"['SC TO-I', 'SC TO-I/A']",['issuer_tender'],issuer_tender,"['Hatteras Core Alternatives TEI Institutional Fund, L.P.']","Hatteras Core Alternatives TEI Institutional Fund, L.P.",['0001382142'],0001382142,[],2020-02-21,2021-09-23,580,35,14
005-83150,49,14,7,7,True,"['SC TO-I', 'SC TO-I/A']",['issuer_tender'],issuer_tender,"['Hatteras Core Alternatives Institutional Fund, L.P.']","Hatteras Core Alternatives Institutional Fund, L.P.",['0001382143'],0001382143,[],2020-02-21,2021-09-23,580,35,14
005-83375,48,10,7,3,True,"['SC TO-I', 'SC TO-I/A']",['issuer_tender'],issuer_tender,"['SideChannel, Inc.']","SideChannel, Inc.",['0001022505'],0001022505,['SDCH'],2023-08-22,2023-12-28,128,38,10
005-83386,23,7,5,2,True,"['SC 14D9', 'SC 14D9/A', 'SC TO-T', 'SC TO-T/A']","['target_recommendation', 'third_party_tender']",mixed,"['ALBIREO PHARMA, INC.']","ALBIREO PHARMA, INC.","['0001322505', '0001370483']",0001322505,[],2023-01-23,2023-03-02,38,16,7
005-83403,30,8,5,3,True,"['SC 14D9', 'SC 14D9/A', 'SC TO-T', 'SC TO-T/A']","['target_recommendation', 'third_party_tender']",mixed,['PROFIRE ENERGY INC'],PROFIRE ENERGY INC,"['0001289636', '0002041539']",0001289636,['PFIE'],2024-10-29,2025-01-02,65,22,8
005-83480,14,5,4,1,True,"['SC TO-I', 'SC TO-I/A']",['issuer_tender'],issuer_tender,"['FlexShopper, Inc.']","FlexShopper, Inc.",['0001397047'],0001397047,['FPAY'],2020-01-06,2020-02-14,39,9,5
005-83490,15,4,3,1,True,"['SC TO-I', 'SC TO-I/A']",['issuer_tender'],issuer_tender,['EchoStar CORP'],EchoStar CORP,['0001415404'],0001415404,['SATS'],2024-03-04,2024-04-03,30,11,4
005-83501,9,2,1,1,True,"['SC TO-I', 'SC TO-I/A']",['issuer_tender'],issuer_tender,['WESTERN ASSET GLOBAL HIGH INCOME FUND INC.'],WESTERN ASSET GLOBAL HIGH INCOME FUND INC.,['0001228509'],0001228509,['EHI'],2020-10-19,2020-11-20,32,7,2
005-83503,16,2,1,1,True,"['SC TO-I', 'SC TO-I/A']",['issuer_tender'],issuer_tender,['Pioneer Floating Rate Trust'],Pioneer Floating Rate Trust,['0001305767'],0001305767,['PHD'],2020-11-23,2020-12-29,36,14,2
005-83522,19,5,3,2,True,"['SC 14D9', 'SC TO-T', 'SC TO-T/A']","['target_recommendation', 'third_party_tender']",mixed,['CVR ENERGY INC'],CVR ENERGY INC,"['0001034563', '0001376139']",0001034563,['CVI'],2024-12-06,2025-01-10,35,14,5
005-83573,13,3,2,1,True,"['SC TO-I', 'SC TO-I/A']",['issuer_tender'],issuer_tender,['EATON VANCE SENIOR FLOATING RATE TRUST'],EATON VANCE SENIOR FLOATING RATE TRUST,['0001258623'],0001258623,['EFR'],2021-06-29,2021-08-03,35,10,3
005-83652,25,8,7,1,True,"['SC TO-I', 'SC TO-I/A']",['issuer_tender'],issuer_tender,['NexPoint Strategic Opportunities Fund'],NexPoint Strategic Opportunities Fund,['0001356115'],0001356115,"['NXDT', 'NXDT-PA']",2020-10-30,2021-01-08,70,17,8
005-83694,10,4,2,2,True,"['SC 14D9', 'SC TO-T', 'SC TO-T/A']","['target_recommendation', 'third_party_tender']",mixed,"['Rubicon Technology, Inc.']","Rubicon Technology, Inc.","['0001133062', '0001410172']",0001133062,['RBCN'],2022-07-13,2022-08-18,36,6,4
005-83696,20,7,3,4,True,"['SC 14D9', 'SC TO-T', 'SC TO-T/A']","['target_recommendation', 'third_party_tender']",mixed,['EDENOR'],EDENOR,"['0001395213', '0001875026']",0001395213,['EDN'],2021-07-30,2021-12-14,137,13,7
005-83797,12,5,3,2,True,"['SC 14D9', 'SC TO-T', 'SC TO-T/A']","['target_recommendation', 'third_party_tender']",mixed,['Vedanta Ltd'],Vedanta Ltd,"['0001370431', '0001374587']",0001370431,[],2021-03-17,2021-04-21,35,7,5
005-83967,31,18,14,4,True,"['SC 14D9', 'SC 14D9/A', 'SC TO-I', 'SC TO-I/A', 'SC TO-T', 'SC TO-T/A']","['issuer_tender', 'target_recommendation', 'third_party_tender']",mixed,"['REGIONAL HEALTH PROPERTIES, INC']","REGIONAL HEALTH PROPERTIES, INC","['0001004724', '0002077187']",0001004724,"['RHE', 'RHE-PA', 'RHEP', 'RHEPA', 'RHEPB', 'RHEPZ']",2022-02-11,2025-08-25,1291,13,18
005-84029,14,4,3,1,True,"['SC TO-I', 'SC TO-I/A']",['issuer_tender'],issuer_tender,['Verso Corp'],Verso Corp,['0001421182'],0001421182,[],2021-05-13,2021-06-11,29,10,4
005-84045,16,7,5,2,True,"['SC TO-I', 'SC TO-I/A']",['issuer_tender'],issuer_tender,"['GTJ REIT, INC.']","GTJ REIT, INC.",['0001368757'],0001368757,[],2020-02-13,2021-08-11,545,9,7
005-84055,23,10,8,2,True,"['SC 14D9', 'SC 14D9/A', 'SC TO-T', 'SC TO-T/A']","['target_recommendation', 'third_party_tender']",mixed,"['Radius Health, Inc.']","Radius Health, Inc.","['0001428522', '0001936610']",0001428522,[],2022-07-13,2022-08-11,29,13,10
005-84099,12,4,3,1,True,"['SC TO-I', 'SC TO-I/A']",['issuer_tender'],issuer_tender,"['Maiden Holdings, Ltd.']","Maiden Holdings, Ltd.",['0001412100'],0001412100,"['MHLA', 'MHLD', 'MHNC']",2020-11-13,2020-12-23,40,8,4
005-84211,53,14,12,2,True,"['SC 14D9', 'SC 14D9/A', 'SC TO-T', 'SC TO-T/A']","['target_recommendation', 'third_party_tender']",mixed,"['Warner Bros. Discovery, Inc.']","Warner Bros. Discovery, Inc.","['0001437107', '0002041610']",0001437107,['WBD'],2025-12-08,2025-12-23,15,39,14
005-84231,5,2,1,1,True,"['SC TO-I', 'SC TO-I/A']",['issuer_tender'],issuer_tender,['VISA INC.'],VISA INC.,['0001403161'],0001403161,['V'],2024-04-08,2024-05-06,28,3,2
005-84248,13,3,2,1,True,"['SC TO-I', 'SC TO-I/A']",['issuer_tender'],issuer_tender,['Data Storage Corp'],Data Storage Corp,['0001419951'],0001419951,"['DTST', 'DTSTW']",2025-12-08,2025-12-23,15,10,3
005-84321,24,4,2,2,True,"['SC TO-I', 'SC TO-I/A']",['issuer_tender'],issuer_tender,['PIMCO CORPORATE & INCOME STRATEGY FUND'],PIMCO CORPORATE & INCOME STRATEGY FUND,['0001160990'],0001160990,['PCN'],2023-08-15,2024-04-15,244,20,4
005-84324,13,3,2,1,True,"['SC TO-I', 'SC TO-I/A']",['issuer_tender'],issuer_tender,['GABELLI DIVIDEND & INCOME TRUST'],GABELLI DIVIDEND & INCOME TRUST,['0001260729'],0001260729,"['GDV', 'GDV-PH', 'GDV-PK']",2021-03-18,2021-04-16,29,10,3
005-84331,15,3,2,1,True,"['SC TO-I', 'SC TO-I/A']",['issuer_tender'],issuer_tender,['MFS HIGH YIELD MUNICIPAL TRUST'],MFS HIGH YIELD MUNICIPAL TRUST,['0000809844'],0000809844,['CMU'],2023-10-06,2023-11-14,39,12,3
005-84335,14,4,3,1,True,"['SC TO-I', 'SC TO-I/A']",['issuer_tender'],issuer_tender,['GABELLI EQUITY TRUST INC'],GABELLI EQUITY TRUST INC,['0000794685'],0000794685,"['GAB', 'GAB-PG', 'GAB-PH', 'GAB-PK']",2023-11-16,2024-01-08,53,10,4
005-84342,15,3,2,1,True,"['SC TO-I', 'SC TO-I/A']",['issuer_tender'],issuer_tender,['MFS INVESTMENT GRADE MUNICIPAL TRUST'],MFS INVESTMENT GRADE MUNICIPAL TRUST,['0000847411'],0000847411,['CXH'],2023-10-06,2023-11-14,39,12,3
005-84343,25,4,2,2,True,"['SC TO-I', 'SC TO-I/A']",['issuer_tender'],issuer_tender,['PIMCO HIGH INCOME FUND'],PIMCO HIGH INCOME FUND,['0001219360'],0001219360,['PHK'],2023-08-15,2024-04-15,244,21,4
005-84412,12,3,2,1,True,"['SC TO-I', 'SC TO-I/A']",['issuer_tender'],issuer_tender,['BLACKROCK CREDIT ALLOCATION INCOME TRUST'],BLACKROCK CREDIT ALLOCATION INCOME TRUST,['0001379384'],0001379384,['BTZ'],2020-01-02,2020-02-04,33,9,3
005-84417,26,4,2,2,True,"['SC TO-I', 'SC TO-I/A']",['issuer_tender'],issuer_tender,['PIMCO CORPORATE & INCOME OPPORTUNITY FUND'],PIMCO CORPORATE & INCOME OPPORTUNITY FUND,['0001190935'],0001190935,['PTY'],2023-08-15,2024-04-15,244,22,4
005-84418,25,4,2,2,True,"['SC TO-I', 'SC TO-I/A']",['issuer_tender'],issuer_tender,['PIMCO Income Strategy Fund II'],PIMCO Income Strategy Fund II,['0001296250'],0001296250,['PFN'],2023-08-15,2024-04-15,244,21,4
005-84420,17,2,1,1,True,"['SC TO-I', 'SC TO-I/A']",['issuer_tender'],issuer_tender,['GABELLI UTILITY TRUST'],GABELLI UTILITY TRUST,"['0001080720', '0001087966']",0001080720,"['GUT', 'GUT-PC']",2023-09-06,2023-10-12,36,15,2
005-84427,15,3,2,1,True,"['SC TO-I', 'SC TO-I/A']",['issuer_tender'],issuer_tender,['Invesco Pennsylvania Value Municipal Income Trust'],Invesco Pennsylvania Value Municipal Income Trust,['0000895528'],0000895528,['VPV'],2024-11-07,2024-12-11,34,12,3
005-84451,11,3,2,1,True,"['SC TO-I', 'SC TO-I/A']",['issuer_tender'],issuer_tender,['DTF TAX-FREE INCOME INC'],DTF TAX-FREE INCOME INC,['0000879535'],0000879535,['DTF'],2020-12-08,2021-01-11,34,8,3
005-84460,31,9,7,2,True,"['SC TO-I', 'SC TO-I/A']",['issuer_tender'],issuer_tender,"['BLACKROCK MUNICIPAL INCOME FUND, INC.', 'BlackRock Municipal Credit Alpha Portfolio, Inc.']","BLACKROCK MUNICIPAL INCOME FUND, INC.",['0001232860'],0001232860,['MUI'],2024-10-15,2025-09-23,343,22,9
005-84476,14,5,3,2,True,"['SC TO-I', 'SC TO-I/A']",['issuer_tender'],issuer_tender,['Lloyds Banking Group plc'],Lloyds Banking Group plc,['0001160106'],0001160106,"['LLDTF', 'LLOBF', 'LYG']",2021-11-10,2022-10-11,335,9,5
005-84566,53,15,10,5,True,"['SC TO-I', 'SC TO-I/A']",['issuer_tender'],issuer_tender,"['BLACKROCK MUNIVEST FUND, INC.']","BLACKROCK MUNIVEST FUND, INC.",['0000835948'],0000835948,['MVF'],2024-07-22,2025-08-19,393,38,15
005-84576,26,6,4,2,True,"['SC TO-I', 'SC TO-I/A']",['issuer_tender'],issuer_tender,['Eaton Vance Floating-Rate Income Trust'],Eaton Vance Floating-Rate Income Trust,['0001288992'],0001288992,['EFT'],2021-06-29,2023-10-27,850,20,6
005-84591,12,2,1,1,True,"['SC TO-I', 'SC TO-I/A']",['issuer_tender'],issuer_tender,['Virtus Convertible & Income Fund II'],Virtus Convertible & Income Fund II,['0001227857'],0001227857,"['NCZ', 'NCZ-PA']",2022-10-03,2022-11-04,32,10,2
005-84592,12,2,1,1,True,"['SC TO-I', 'SC TO-I/A']",['issuer_tender'],issuer_tender,['Virtus Convertible & Income Fund'],Virtus Convertible & Income Fund,['0001214935'],0001214935,"['NCV', 'NCV-PA']",2022-10-03,2022-11-04,32,10,2
005-84594,25,4,2,2,True,"['SC TO-I', 'SC TO-I/A']",['issuer_tender'],issuer_tender,['PIMCO CALIFORNIA MUNICIPAL INCOME FUND'],PIMCO CALIFORNIA MUNICIPAL INCOME FUND,['0001140411'],0001140411,['PCQ'],2023-08-15,2024-04-17,246,21,4
005-84595,25,4,2,2,True,"['SC TO-I', 'SC TO-I/A']",['issuer_tender'],issuer_tender,['PIMCO MUNICIPAL INCOME FUND II'],PIMCO MUNICIPAL INCOME FUND II,['0001170299'],0001170299,['PML'],2023-08-15,2024-04-17,246,21,4
005-84597,26,4,2,2,True,"['SC TO-I', 'SC TO-I/A']",['issuer_tender'],issuer_tender,['PIMCO MUNICIPAL INCOME FUND III'],PIMCO MUNICIPAL INCOME FUND III,['0001181506'],0001181506,['PMX'],2023-08-15,2024-04-17,246,22,4
005-84598,26,4,2,2,True,"['SC TO-I', 'SC TO-I/A']",['issuer_tender'],issuer_tender,['PIMCO MUNICIPAL INCOME FUND'],PIMCO MUNICIPAL INCOME FUND,['0001140392'],0001140392,['PMF'],2023-08-15,2024-04-17,246,22,4
005-84600,26,4,2,2,True,"['SC TO-I', 'SC TO-I/A']",['issuer_tender'],issuer_tender,['PIMCO NEW YORK MUNICIPAL INCOME FUND II'],PIMCO NEW YORK MUNICIPAL INCOME FUND II,['0001170311'],0001170311,['PNI'],2023-08-15,2024-04-17,246,22,4
005-84602,24,4,2,2,True,"['SC TO-I', 'SC TO-I/A']",['issuer_tender'],issuer_tender,['PIMCO NEW YORK MUNICIPAL INCOME FUND III'],PIMCO NEW YORK MUNICIPAL INCOME FUND III,['0001181505'],0001181505,['PYN'],2023-08-15,2024-04-17,246,20,4
005-84603,26,4,2,2,True,"['SC TO-I', 'SC TO-I/A']",['issuer_tender'],issuer_tender,['PIMCO NEW YORK MUNICIPAL INCOME FUND'],PIMCO NEW YORK MUNICIPAL INCOME FUND,['0001140410'],0001140410,['PNF'],2023-08-15,2024-04-17,246,22,4
005-84604,11,2,1,1,True,"['SC TO-I', 'SC TO-I/A']",['issuer_tender'],issuer_tender,['Federated Hermes Premier Municipal Income Fund'],Federated Hermes Premier Municipal Income Fund,['0001199004'],0001199004,['FMN'],2024-09-13,2024-10-15,32,10,1
005-84626,24,4,2,2,True,"['SC TO-I', 'SC TO-I/A']",['issuer_tender'],issuer_tender,['PIMCO CALIFORNIA MUNICIPAL INCOME FUND II'],PIMCO CALIFORNIA MUNICIPAL INCOME FUND II,['0001170300'],0001170300,['PCK'],2023-08-15,2024-04-17,246,20,4
005-84627,25,4,2,2,True,"['SC TO-I', 'SC TO-I/A']",['issuer_tender'],issuer_tender,['PIMCO CALIFORNIA MUNICIPAL INCOME FUND III'],PIMCO CALIFORNIA MUNICIPAL INCOME FUND III,['0001181504'],0001181504,['PZC'],2023-08-15,2024-04-17,246,21,4
005-84752,32,9,6,3,True,"['SC TO-I', 'SC TO-I/A']",['issuer_tender'],issuer_tender,['BlackRock Health Sciences Trust'],BlackRock Health Sciences Trust,['0001314966'],0001314966,['BME'],2024-07-18,2025-02-25,222,23,9
005-84853,12,3,2,1,True,"['SC TO-I', 'SC TO-I/A']",['issuer_tender'],issuer_tender,['Optex Systems Holdings Inc'],Optex Systems Holdings Inc,['0001397016'],0001397016,['OPXS'],2022-08-18,2022-09-20,33,9,3
005-84905,18,5,4,1,True,"['SC TO-I', 'SC TO-I/A']",['issuer_tender'],issuer_tender,['Seanergy Maritime Holdings Corp.'],Seanergy Maritime Holdings Corp.,['0001448397'],0001448397,['SHIP'],2022-11-30,2023-01-20,51,13,5
005-85001,185,50,26,24,True,"['SC TO-I', 'SC TO-I/A']",['issuer_tender'],issuer_tender,"['SEI Structured Credit Fund, LP']","SEI Structured Credit Fund, LP",['0001407736'],0001407736,[],2020-02-04,2025-12-18,2144,135,50
005-85155,30,20,11,9,True,"['SC TO-I', 'SC TO-I/A']",['issuer_tender'],issuer_tender,['PROSPECT CAPITAL CORP'],PROSPECT CAPITAL CORP,['0001287032'],0001287032,"['PSEC', 'PSEC-PA']",2020-01-06,2023-11-30,1424,10,20
005-85179,57,13,9,4,True,"['SC TO-I', 'SC TO-I/A']",['issuer_tender'],issuer_tender,"['EATON VANCE MUNICIPAL BOND FUND', 'Eaton Vance Municipal Bond Fund']",EATON VANCE MUNICIPAL BOND FUND,['0001176984'],0001176984,['EIM'],2020-06-25,2025-09-08,1901,44,13
005-85188,22,4,3,1,True,"['SC TO-I', 'SC TO-I/A']",['issuer_tender'],issuer_tender,['Invesco Dynamic Credit Opportunities Fund'],Invesco Dynamic Credit Opportunities Fund,['0001393662'],0001393662,[],2021-09-08,2021-10-15,37,18,4
005-85201,9,3,2,1,True,"['SC TO-I', 'SC TO-I/A']",['issuer_tender'],issuer_tender,"['BLACKROCK DEBT STRATEGIES FUND, INC.']","BLACKROCK DEBT STRATEGIES FUND, INC.",['0001051003'],0001051003,['DSU'],2020-03-17,2020-04-17,31,6,3
005-85236,21,6,4,2,True,"['SC TO-I', 'SC TO-I/A']",['issuer_tender'],issuer_tender,['BlackRock Enhanced Equity Dividend Trust'],BlackRock Enhanced Equity Dividend Trust,['0001332283'],0001332283,['BDJ'],2024-07-17,2024-11-19,125,15,6
005-85247,30,6,4,2,True,"['SC TO-I', 'SC TO-I/A']",['issuer_tender'],issuer_tender,['TORTOISE ENERGY INFRASTRUCTURE CORP'],TORTOISE ENERGY INFRASTRUCTURE CORP,['0001268533'],0001268533,['TYG'],2022-10-03,2023-11-07,400,24,6
005-85255,24,13,11,2,True,"['SC 14D9', 'SC 14D9/A', 'SC TO-T', 'SC TO-T/A']","['target_recommendation', 'third_party_tender']",mixed,['ROSETTA STONE INC'],ROSETTA STONE INC,"['0001351285', '0001824529']",0001351285,[],2020-09-15,2020-10-15,30,11,13
005-85259,46,9,6,3,True,"['SC TO-I', 'SC TO-I/A']",['issuer_tender'],issuer_tender,['Delaware Enhanced Global Dividend & Income Fund'],Delaware Enhanced Global Dividend & Income Fund,['0001396167'],0001396167,[],2021-06-02,2023-02-16,624,38,8
005-85393,184,48,24,24,True,"['SC TO-I', 'SC TO-I/A']",['issuer_tender'],issuer_tender,['GROSVENOR REGISTERED MULTI-STRATEGY FUND'],GROSVENOR REGISTERED MULTI-STRATEGY FUND,['0001475457'],0001475457,[],2020-02-10,2025-12-22,2142,136,48
005-85408,12,4,2,2,True,"['SC TO-I', 'SC TO-I/A']",['issuer_tender'],issuer_tender,"['Huazhu Group Ltd', 'H World Group Ltd']",Huazhu Group Ltd,['0001483994'],0001483994,['HTHT'],2020-09-30,2024-04-30,1308,8,4
005-85436,16,3,2,1,True,"['SC TO-I', 'SC TO-I/A']",['issuer_tender'],issuer_tender,"['Eagle Bancorp Montana, Inc.']","Eagle Bancorp Montana, Inc.",['0001478454'],0001478454,['EBMT'],2021-05-21,2021-06-29,39,13,3
005-85458,10,3,2,1,True,"['SC TO-I', 'SC TO-I/A']",['issuer_tender'],issuer_tender,"['THL Credit, Inc.']","THL Credit, Inc.",['0001464963'],0001464963,[],2020-06-23,2020-07-23,30,7,3
005-85510,25,8,6,2,True,"['SC 14D9', 'SC 14D9/A', 'SC TO-T', 'SC TO-T/A']","['target_recommendation', 'third_party_tender']",mixed,"['GenMark Diagnostics, Inc.']","GenMark Diagnostics, Inc.","['0000904566', '0001487371']",0000904566,[],2021-03-25,2021-04-22,28,17,8
005-85617,11,3,2,1,True,"['SC TO-I', 'SC TO-I/A']",['issuer_tender'],issuer_tender,['Neuberger Berman High Yield Strategies Fund Inc.'],Neuberger Berman High Yield Strategies Fund Inc.,['0001487610'],0001487610,['NHS'],2020-11-10,2020-12-15,35,8,3
005-85619,8,3,2,1,True,"['SC TO-I', 'SC TO-I/A']",['issuer_tender'],issuer_tender,['MakeMyTrip Ltd'],MakeMyTrip Ltd,['0001495153'],0001495153,['MMYT'],2024-01-17,2024-02-15,29,5,3
005-85631,2,2,2,0,True,['SC TO-I/A'],['issuer_tender'],issuer_tender,['AIP Multi-Strategy Fund A'],AIP Multi-Strategy Fund A,['0001428690'],0001428690,[],2020-02-26,2020-05-28,92,0,2
005-85632,2,2,2,0,True,['SC TO-I/A'],['issuer_tender'],issuer_tender,['AIP Multi-Strategy Fund P'],AIP Multi-Strategy Fund P,['0001428688'],0001428688,[],2020-02-26,2020-05-28,92,0,2
005-85676,15,5,3,2,True,"['SC TO-I', 'SC TO-I/A']",['issuer_tender'],issuer_tender,['FEG ABSOLUTE ACCESS FUND LLC'],FEG ABSOLUTE ACCESS FUND LLC,['0001432122'],0001432122,[],2020-02-27,2021-05-27,455,10,5
005-85678,183,48,24,24,True,"['SC TO-I', 'SC TO-I/A']",['issuer_tender'],issuer_tender,['GROSVENOR REGISTERED MULTI-STRATEGY FUND'],GROSVENOR REGISTERED MULTI-STRATEGY FUND,['0001475456'],0001475456,[],2020-02-10,2025-12-22,2142,135,48
005-85688,10,2,1,1,True,"['SC TO-I', 'SC TO-I/A']",['issuer_tender'],issuer_tender,"['Western Asset Investment Grade Defined Opportunity Trust Inc.', 'Western Asset Investment Grade Opportunity Trust Inc.']",Western Asset Investment Grade Defined Opportunity Trust Inc.,['0001462586'],0001462586,['IGI'],2024-09-03,2025-01-08,127,8,2
005-85695,29,13,11,2,True,"['SC 14D9', 'SC 14D9/A', 'SC TO-T', 'SC TO-T/A']","['target_recommendation', 'third_party_tender']",mixed,['CoreSite Realty Corp'],CoreSite Realty Corp,"['0001053507', '0001490892']",0001053507,[],2021-11-29,2021-12-28,29,16,13
005-85755,10,5,4,1,True,"['SC TO-I', 'SC TO-I/A']",['issuer_tender'],issuer_tender,['Brookfield Property REIT Inc.'],Brookfield Property REIT Inc.,['0001496048'],0001496048,[],2020-07-06,2020-08-19,44,5,5
005-85761,21,6,4,2,True,"['SC 14D9', 'SC 14D9/A', 'SC TO-T', 'SC TO-T/A']","['target_recommendation', 'third_party_tender']",mixed,['Howard Hughes Corp'],Howard Hughes Corp,"['0001313682', '0001498828']",0001313682,[],2022-10-14,2022-12-01,48,15,6
005-85782,13,8,6,2,True,"['SC 14D9', 'SC 14D9/A', 'SC TO-T', 'SC TO-T/A']","['target_recommendation', 'third_party_tender']",mixed,['Primo Water Corp'],Primo Water Corp,"['0000884713', '0001365101']",0000884713,[],2020-01-28,2020-03-02,34,5,8
005-85795,35,12,10,2,True,"['SC 14D9', 'SC 14D9/A', 'SC TO-T', 'SC TO-T/A']","['target_recommendation', 'third_party_tender']",mixed,"['ZOGENIX, INC.']","ZOGENIX, INC.","['0001290640', '0001375151']",0001290640,[],2022-02-01,2022-03-07,34,23,12
005-85811,30,13,7,6,True,"['SC 14D9', 'SC 14D9/A', 'SC TO-I', 'SC TO-I/A']","['issuer_tender', 'target_recommendation']",mixed,['InvenTrust Properties Corp.'],InvenTrust Properties Corp.,['0001307748'],0001307748,['IVT'],2020-03-03,2021-11-12,619,17,13
005-85837,224,48,25,23,True,"['SC TO-I', 'SC TO-I/A']",['issuer_tender'],issuer_tender,"['Partners Group Private Equity', 'Partners Group Private Equity Fund, LLC']",Partners Group Private Equity,['0001447247'],0001447247,[],2020-02-21,2025-12-23,2132,178,46
005-85873,68,24,12,12,True,"['SC TO-I', 'SC TO-I/A']",['issuer_tender'],issuer_tender,['Ironwood Institutional Multi-Strategy Fund LLC'],Ironwood Institutional Multi-Strategy Fund LLC,['0001500233'],0001500233,[],2020-02-05,2025-08-27,2030,44,24
005-85874,68,24,12,12,True,"['SC TO-I', 'SC TO-I/A']",['issuer_tender'],issuer_tender,['Ironwood Multi-Strategy Fund LLC'],Ironwood Multi-Strategy Fund LLC,['0001500234'],0001500234,[],2020-02-05,2025-08-27,2030,44,24
005-85879,34,15,9,6,True,"['SC TO-I', 'SC TO-I/A']",['issuer_tender'],issuer_tender,"['SALIENT PRIVATE ACCESS INSTITUTIONAL FUND, L.P.', 'CYPRESS CREEK PRIVATE STRATEGIES INSTITUTIONAL FUND, L.P.']","SALIENT PRIVATE ACCESS INSTITUTIONAL FUND, L.P.",['0001478268'],0001478268,[],2020-02-03,2021-12-08,674,19,15
005-85888,12,3,2,1,True,"['SC TO-I', 'SC TO-I/A']",['issuer_tender'],issuer_tender,['Voya GLOBAL EQUITY DIVIDEND & PREMIUM OPPORTUNITY FUND'],Voya GLOBAL EQUITY DIVIDEND & PREMIUM OPPORTUNITY FUND,['0001285890'],0001285890,['IGD'],2021-04-19,2021-05-27,38,9,3
005-85904,42,12,8,4,True,"['SC TO-I', 'SC TO-I/A']",['issuer_tender'],issuer_tender,['BlackRock Enhanced Global Dividend Trust'],BlackRock Enhanced Global Dividend Trust,['0001320375'],0001320375,['BOE'],2024-07-19,2025-05-21,306,30,12
005-85921,158,41,22,19,True,"['SC TO-I', 'SC TO-I/A']",['issuer_tender'],issuer_tender,['Agility Multi-Asset Income Fund'],Agility Multi-Asset Income Fund,['0001499947'],0001499947,[],2020-01-03,2025-01-30,1854,118,40
005-85976,6,2,1,1,True,"['SC TO-I', 'SC TO-I/A']",['issuer_tender'],issuer_tender,['INPHI Corp'],INPHI Corp,['0001160958'],0001160958,[],2021-05-04,2021-06-02,29,4,2
005-86020,61,23,20,3,True,"['SC 14D9', 'SC 14D9/A', 'SC TO-I', 'SC TO-I/A', 'SC TO-T', 'SC TO-T/A']","['issuer_tender', 'target_recommendation', 'third_party_tender']",mixed,['Performance Shipping Inc.'],Performance Shipping Inc.,"['0001481241', '0001990966']",0001481241,['PSHG'],2021-12-21,2025-07-31,1318,38,23
005-86024,67,38,38,0,True,"['SC 14D9/A', 'SC TO-T/A']","['target_recommendation', 'third_party_tender']",mixed,['Wright Medical Group N.V.'],Wright Medical Group N.V.,"['0000310764', '0001492658']",0000310764,[],2020-01-02,2020-11-12,315,27,38
005-86092,12,5,3,2,True,"['SC 14D9', 'SC 14D9/A', 'SC TO-T', 'SC TO-T/A']","['target_recommendation', 'third_party_tender']",mixed,['Adecoagro S.A.'],Adecoagro S.A.,"['0001499505', '0002049832']",0001499505,['AGRO'],2025-03-28,2025-04-25,28,7,5
005-86106,18,4,3,1,True,"['SC TO-I', 'SC TO-I/A']",['issuer_tender'],issuer_tender,['Delaware Investments National Municipal Income Fund'],Delaware Investments National Municipal Income Fund,['0000895574'],0000895574,['VFL'],2022-11-14,2022-12-16,32,14,4
005-86149,63,21,13,8,True,"['SC TO-I', 'SC TO-I/A']",['issuer_tender'],issuer_tender,"['Corbin Multi-Strategy Fund, LLC']","Corbin Multi-Strategy Fund, LLC",['0001508782'],0001508782,[],2020-01-14,2022-08-09,938,42,21
005-86256,17,4,2,2,True,"['SC TO-I', 'SC TO-I/A']",['issuer_tender'],issuer_tender,['New Mountain Finance Corp'],New Mountain Finance Corp,['0001496099'],0001496099,"['NMFC', 'NMFCZ']",2022-11-04,2025-02-26,845,13,4
005-86262,44,16,14,2,True,"['SC 14D9', 'SC 14D9/A', 'SC TO-T', 'SC TO-T/A']","['target_recommendation', 'third_party_tender']",mixed,"['Spirit Airlines, Inc.']","Spirit Airlines, Inc.","['0001158463', '0001498710']",0001158463,['SAVE'],2022-05-16,2022-07-28,73,28,16
005-86283,199,48,24,24,True,"['SC TO-I', 'SC TO-I/A']",['issuer_tender'],issuer_tender,['A&Q Multi-Strategy Fund'],A&Q Multi-Strategy Fund,['0001506707'],0001506707,[],2020-03-13,2025-12-16,2104,151,48
005-86312,19,4,3,1,True,"['SC TO-I', 'SC TO-I/A']",['issuer_tender'],issuer_tender,['AMC Networks Inc.'],AMC Networks Inc.,['0001514991'],0001514991,['AMCX'],2020-09-16,2020-10-21,35,15,4
005-86326,16,4,3,1,True,"['SC TO-I', 'SC TO-I/A']",['issuer_tender'],issuer_tender,"['VNET Group, Inc.']","VNET Group, Inc.",['0001508475'],0001508475,['VNET'],2023-12-28,2024-01-31,34,12,4
005-86328,7,3,2,1,True,"['SC TO-I', 'SC TO-I/A']",['issuer_tender'],issuer_tender,"['AG Mortgage Investment Trust, Inc.']","AG Mortgage Investment Trust, Inc.",['0001514281'],0001514281,"['MITN', 'MITP', 'MITT', 'MITT-PA', 'MITT-PB', 'MITT-PC']",2020-08-14,2020-09-14,31,4,3
005-86347,8,3,2,1,True,"['SC TO-I', 'SC TO-I/A']",['issuer_tender'],issuer_tender,['FS Energy & Power Fund'],FS Energy & Power Fund,['0001501729'],0001501729,['FSEN'],2020-01-22,2020-03-24,62,5,3
005-86371,69,15,9,6,True,"['SC TO-I', 'SC TO-I/A']",['issuer_tender'],issuer_tender,"['HERZFELD CARIBBEAN BASIN FUND INC', 'Herzfeld Credit Income Fund, Inc']",HERZFELD CARIBBEAN BASIN FUND INC,['0000880406'],0000880406,"['CUBA', 'HERZ']",2021-02-12,2025-10-21,1712,54,15
005-86372,5,3,1,2,True,"['SC 14D9', 'SC TO-T', 'SC TO-T/A']","['target_recommendation', 'third_party_tender']",mixed,['SandRidge Permian Trust'],SandRidge Permian Trust,"['0001141197', '0001521168']",0001141197,[],2020-10-13,2020-11-17,35,2,3
005-86384,15,5,3,2,True,"['SC TO-I', 'SC TO-I/A']",['issuer_tender'],issuer_tender,['FEG Absolute Access Fund I LLC'],FEG Absolute Access Fund I LLC,['0001512152'],0001512152,[],2020-02-27,2021-05-27,455,10,5
005-86416,9,3,2,1,True,"['SC TO-I', 'SC TO-I/A']",['issuer_tender'],issuer_tender,"['Lightstone Value Plus Real Estate Investment Trust, Inc.']","Lightstone Value Plus Real Estate Investment Trust, Inc.",['0001296884'],0001296884,[],2020-06-15,2020-07-29,44,6,3
005-86491,18,6,4,2,True,"['SC 14D9', 'SC 14D9/A', 'SC TO-T', 'SC TO-T/A']","['target_recommendation', 'third_party_tender']",mixed,"['LUMOS PHARMA, INC.']","LUMOS PHARMA, INC.","['0001126234', '0002041697']",0001126234,['LUMO'],2024-11-13,2024-12-12,29,12,6
005-86507,57,17,9,8,True,"['SC TO-I', 'SC TO-I/A']",['issuer_tender'],issuer_tender,['Morgan Creek Global Equity Long/Short Institutional Fund'],Morgan Creek Global Equity Long/Short Institutional Fund,['0001499857'],0001499857,[],2020-02-28,2022-02-25,728,41,16
005-86509,9,2,1,1,True,"['SC TO-I', 'SC TO-I/A']",['issuer_tender'],issuer_tender,['Western Asset High Yield Defined Opportunity Fund Inc.'],Western Asset High Yield Defined Opportunity Fund Inc.,['0001497186'],0001497186,['HYI'],2025-06-20,2025-07-25,35,7,2
005-86516,38,19,17,2,True,"['SC 14D9', 'SC 14D9/A', 'SC TO-T', 'SC TO-T/A']","['target_recommendation', 'third_party_tender']",mixed,"[""DUNKIN' BRANDS GROUP, INC.""]","DUNKIN' BRANDS GROUP, INC.","['0001357204', '0001830085']",0001357204,[],2020-11-16,2020-12-15,29,19,19
005-86543,9,3,2,1,True,"['SC TO-I', 'SC TO-I/A']",['issuer_tender'],issuer_tender,['ZYNGA INC'],ZYNGA INC,"['0000946581', '0001439404']",0000946581,[],2022-05-23,2022-06-24,32,6,3
005-86568,13,3,2,1,True,"['SC TO-I', 'SC TO-I/A']",['issuer_tender'],issuer_tender,['Marathon Petroleum Corp'],Marathon Petroleum Corp,['0001510295'],0001510295,['MPC'],2021-05-17,2021-06-17,31,10,3
005-86603,14,2,1,1,True,"['SC TO-I', 'SC TO-I/A']",['issuer_tender'],issuer_tender,"['Verastem, Inc.']","Verastem, Inc.",['0001526119'],0001526119,['VSTM'],2024-02-08,2024-03-11,32,12,2
005-86632,80,29,27,2,True,"['SC 14D9', 'SC 14D9/A', 'SC TO-T', 'SC TO-T/A']","['target_recommendation', 'third_party_tender']",mixed,['SEQUANS COMMUNICATIONS'],SEQUANS COMMUNICATIONS,"['0001383395', '0001774474']",0001383395,['SQNS'],2023-09-11,2024-02-23,165,51,29
005-86666,18,4,3,1,True,"['SC TO-I', 'SC TO-I/A']",['issuer_tender'],issuer_tender,"['Moatable, Inc.']","Moatable, Inc.",['0001509223'],0001509223,['MTBLY'],2025-09-03,2025-10-03,30,15,3
005-86679,24,14,12,2,True,"['SC 14D9', 'SC 14D9/A', 'SC TO-T', 'SC TO-T/A']","['target_recommendation', 'third_party_tender']",mixed,['InterXion Holding N.V.'],InterXion Holding N.V.,"['0001297996', '0001500866']",0001297996,[],2020-01-29,2020-03-12,43,10,14
005-86708,20,5,4,1,True,"['SC TO-I', 'SC TO-I/A']",['issuer_tender'],issuer_tender,"['InterDigital, Inc.']","InterDigital, Inc.",['0001405495'],0001405495,['IDCC'],2023-01-23,2023-02-23,31,15,5
005-86741,24,14,12,2,True,"['SC 14D9', 'SC 14D9/A', 'SC TO-T', 'SC TO-T/A']","['target_recommendation', 'third_party_tender']",mixed,"['Synacor, Inc.']","Synacor, Inc.","['0001408278', '0001845802']",0001408278,[],2021-03-03,2021-03-31,28,10,14
005-86743,8,3,2,1,True,"['SC TO-I', 'SC TO-I/A']",['issuer_tender'],issuer_tender,['Extra Space Storage LP'],Extra Space Storage LP,"['0001289490', '0001302071']",0001289490,[],2020-08-21,2020-09-30,40,5,3
005-86767,172,44,23,21,True,"['SC TO-I', 'SC TO-I/A']",['issuer_tender'],issuer_tender,['J.P. Morgan Access Multi-Strategy Fund II'],J.P. Morgan Access Multi-Strategy Fund II,['0001524115'],0001524115,[],2020-02-25,2025-08-22,2005,129,43
005-86795,24,9,7,2,True,"['SC 14D9', 'SC 14D9/A', 'SC TO-T', 'SC TO-T/A']","['target_recommendation', 'third_party_tender']",mixed,"['VOCERA COMMUNICATIONS, INC.']","VOCERA COMMUNICATIONS, INC.","['0000310764', '0001129260']",0000310764,[],2022-01-25,2022-02-23,29,15,9
005-86803,11,3,2,1,True,"['SC TO-I', 'SC TO-I/A']",['issuer_tender'],issuer_tender,['STEEL PARTNERS HOLDINGS L.P.'],STEEL PARTNERS HOLDINGS L.P.,['0001452857'],0001452857,"['SPLP', 'SPLP-PA']",2022-04-08,2022-05-16,38,8,3
005-86871,29,9,7,2,True,"['SC TO-I', 'SC TO-I/A', 'SC TO-T/A']","['issuer_tender', 'third_party_tender']",mixed,"['Lightstone Value Plus Real Estate Investment Trust V, Inc.', 'Lightstone Value Plus REIT V, Inc.']","Lightstone Value Plus Real Estate Investment Trust V, Inc.","['0001387061', '0001659587']",0001387061,[],2020-01-14,2025-12-31,2178,20,9
005-86941,10,2,1,1,True,"['SC TO-I', 'SC TO-I/A']",['issuer_tender'],issuer_tender,"['WESTERN ASSET GLOBAL CORPORATE DEFINED OPPORTUNITY FUND INC.', 'WESTERN ASSET GLOBAL CORPORATE OPPORTUNITY FUND INC.']",WESTERN ASSET GLOBAL CORPORATE DEFINED OPPORTUNITY FUND INC.,['0001472341'],0001472341,['GDO'],2024-09-03,2025-01-08,127,8,2
005-86956,21,8,6,2,True,"['SC 14D9', 'SC 14D9/A', 'SC TO-T', 'SC TO-T/A']","['target_recommendation', 'third_party_tender']",mixed,['Manchester United plc'],Manchester United plc,"['0001549107', '0001998369']",0001549107,['MANU'],2024-01-17,2024-02-20,34,13,8
005-86972,20,7,4,3,True,"['SC TO-I', 'SC TO-I/A']",['issuer_tender'],issuer_tender,"['Business Development Corp of America', 'Franklin BSP Lending Corp']",Business Development Corp of America,['0001490927'],0001490927,[],2020-03-02,2023-03-07,1100,13,7
005-86989,1,1,1,0,True,['SC TO-I/A'],['issuer_tender'],issuer_tender,['Blackstone Alternative Alpha Master Fund'],Blackstone Alternative Alpha Master Fund,['0001535092'],0001535092,[],2020-03-09,2020-03-09,0,0,1
005-86990,1,1,1,0,True,['SC TO-I/A'],['issuer_tender'],issuer_tender,['Blackstone Alternative Alpha Fund'],Blackstone Alternative Alpha Fund,['0001535091'],0001535091,[],2020-03-09,2020-03-09,0,0,1
005-86991,5,3,3,0,True,['SC TO-I/A'],['issuer_tender'],issuer_tender,"['Firsthand Technology Value Fund, Inc.']","Firsthand Technology Value Fund, Inc.",['0001495584'],0001495584,['SVVC'],2020-01-24,2020-02-20,27,2,3
005-87002,26,8,6,2,True,"['SC 14D9', 'SC 14D9/A', 'SC TO-T', 'SC TO-T/A']","['target_recommendation', 'third_party_tender']",mixed,['Regulus Therapeutics Inc.'],Regulus Therapeutics Inc.,"['0001114448', '0001505512']",0001114448,['RGLS'],2025-05-27,2025-06-25,29,18,8
005-87007,12,3,2,1,True,"['SC TO-I', 'SC TO-I/A']",['issuer_tender'],issuer_tender,"['Voya Infrastructure, Industrials & Materials Fund']","Voya Infrastructure, Industrials & Materials Fund",['0001417802'],0001417802,['IDE'],2021-04-19,2021-05-27,38,9,3
005-87009,18,3,2,1,True,"['SC TO-I', 'SC TO-I/A']",['issuer_tender'],issuer_tender,['NYLI MacKay DefinedTerm Muni Opportunities Fund'],NYLI MacKay DefinedTerm Muni Opportunities Fund,['0001518557'],0001518557,['MMD'],2024-10-17,2024-11-19,33,15,3
005-87033,55,15,12,3,True,"['SC 14D9', 'SC 14D9/A', 'SC TO-I', 'SC TO-I/A', 'SC TO-T', 'SC TO-T/A']","['issuer_tender', 'target_recommendation', 'third_party_tender']",mixed,"['INTERCEPT PHARMACEUTICALS, INC.']","INTERCEPT PHARMACEUTICALS, INC.","['0001270073', '0001994965']",0001270073,[],2021-08-16,2023-11-08,814,41,14
005-87063,248,49,25,24,True,"['SC TO-I', 'SC TO-I/A']",['issuer_tender'],issuer_tender,['AB Multi-Manager Alternative Fund'],AB Multi-Manager Alternative Fund,['0001543188'],0001543188,[],2020-02-21,2025-12-11,2120,199,49
005-87067,27,3,2,1,True,"['SC TO-I', 'SC TO-I/A']",['issuer_tender'],issuer_tender,"['IZEA Worldwide, Inc.']","IZEA Worldwide, Inc.",['0001495231'],0001495231,['IZEA'],2025-05-16,2025-06-18,33,24,3
005-87080,14,4,2,2,True,"['SC TO-I', 'SC TO-I/A']",['issuer_tender'],issuer_tender,['JOYY Inc.'],JOYY Inc.,['0001530238'],0001530238,['YY'],2023-04-17,2024-06-14,424,10,4
005-87112,36,6,5,1,True,"['SC TO-I', 'SC TO-I/A']",['issuer_tender'],issuer_tender,['PROTHENA CORP PUBLIC LTD CO'],PROTHENA CORP PUBLIC LTD CO,['0001559053'],0001559053,['PRTA'],2020-11-09,2021-02-16,99,30,6
005-87135,38,24,20,4,True,"['SC TO-I', 'SC TO-I/A']",['issuer_tender'],issuer_tender,"['Summit Midstream Partners, LP']","Summit Midstream Partners, LP",['0001549922'],0001549922,[],2020-06-19,2022-01-14,574,14,24
005-87139,9,3,2,1,True,"['SC TO-I', 'SC TO-I/A']",['issuer_tender'],issuer_tender,['ATLANTIC POWER CORP'],ATLANTIC POWER CORP,['0001419242'],0001419242,[],2020-03-25,2020-05-01,37,6,3
005-87140,20,8,4,4,True,"['SC TO-I', 'SC TO-I/A']",['issuer_tender'],issuer_tender,['CION Investment Corp'],CION Investment Corp,['0001534254'],0001534254,['CION'],2020-02-14,2021-06-25,497,12,8
005-87175,25,7,4,3,True,"['SC TO-I', 'SC TO-I/A']",['issuer_tender'],issuer_tender,['SURO CAPITAL CORP.'],SURO CAPITAL CORP.,['0001509470'],0001509470,"['SSSS', 'SSSSL']",2022-08-08,2024-04-03,604,18,7
005-87187,42,12,8,4,True,"['SC TO-I', 'SC TO-I/A']",['issuer_tender'],issuer_tender,['BlackRock Enhanced International Dividend Trust'],BlackRock Enhanced International Dividend Trust,['0001393299'],0001393299,['BGY'],2024-07-18,2025-05-22,308,30,12
005-87209,25,13,11,2,True,"['SC 14D9', 'SC 14D9/A', 'SC TO-T', 'SC TO-T/A']","['target_recommendation', 'third_party_tender']",mixed,['STEMLINE THERAPEUTICS INC'],STEMLINE THERAPEUTICS INC,"['0001264587', '0001810515']",0001264587,[],2020-05-12,2020-06-10,29,12,13
005-87255,8,2,1,1,True,"['SC TO-I', 'SC TO-I/A']",['issuer_tender'],issuer_tender,['BrandywineGLOBAL-Global Income Opportunities Fund Inc'],BrandywineGLOBAL-Global Income Opportunities Fund Inc,['0001504545'],0001504545,['BWG'],2020-08-25,2020-09-25,31,6,2
005-87256,10,2,1,1,True,"['SC TO-I', 'SC TO-I/A']",['issuer_tender'],issuer_tender,['ClearBridge Energy Midstream Opportunity Fund Inc.'],ClearBridge Energy Midstream Opportunity Fund Inc.,['0001517518'],0001517518,['EMO'],2024-05-21,2024-06-25,35,8,2
005-87280,14,2,1,1,True,"['SC TO-I', 'SC TO-I/A']",['issuer_tender'],issuer_tender,['RedHill Biopharma Ltd.'],RedHill Biopharma Ltd.,['0001553846'],0001553846,['RDHL'],2021-04-26,2021-05-26,30,12,2
005-87282,169,44,24,20,True,"['SC TO-I', 'SC TO-I/A']",['issuer_tender'],issuer_tender,"['HMS INCOME FUND, INC.', 'MSC INCOME FUND, INC.']","HMS INCOME FUND, INC.",['0001535778'],0001535778,['MSCF'],2020-02-21,2024-11-06,1720,126,43
005-87285,178,41,39,2,True,"['SC 14D9', 'SC 14D9/A', 'SC TO-T', 'SC TO-T/A']","['target_recommendation', 'third_party_tender']",mixed,['STRATASYS LTD.'],STRATASYS LTD.,"['0001517396', '0001643303']",0001517396,['SSYS'],2023-05-25,2023-08-01,68,137,41
005-87303,10,2,1,1,True,"['SC TO-I', 'SC TO-I/A']",['issuer_tender'],issuer_tender,['ClearBridge MLP & Midstream Fund Inc.'],ClearBridge MLP & Midstream Fund Inc.,['0001488775'],0001488775,['CEM'],2024-05-21,2024-06-25,35,8,2
005-87331,23,8,6,2,True,"['SC 14D9', 'SC 14D9/A', 'SC TO-T', 'SC TO-T/A']","['target_recommendation', 'third_party_tender']",mixed,"['Benefytt Technologies, Inc.']","Benefytt Technologies, Inc.","['0001561387', '0001817453']",0001561387,[],2020-07-24,2020-08-21,28,15,8
005-87332,6,2,1,1,True,"['SC TO-I', 'SC TO-I/A']",['issuer_tender'],issuer_tender,['Sierra Income Corp'],Sierra Income Corp,['0001523526'],0001523526,[],2021-05-28,2021-07-08,41,4,2
005-87366,34,10,6,4,True,"['SC 14D9', 'SC 14D9/A', 'SC TO-T', 'SC TO-T/A']","['target_recommendation', 'third_party_tender']",mixed,['TETRAPHASE PHARMACEUTICALS INC'],TETRAPHASE PHARMACEUTICALS INC,"['0000920465', '0001373707', '0001461993']",0000920465,[],2020-06-12,2020-07-29,47,24,10
005-87389,92,32,16,16,True,"['SC 14D9', 'SC TO-T', 'SC TO-T/A']","['target_recommendation', 'third_party_tender']",mixed,"['CIM REAL ESTATE FINANCE TRUST, INC.']","CIM REAL ESTATE FINANCE TRUST, INC.","['0001498547', '0001726993']",0001498547,['CMRF'],2020-02-26,2025-03-28,1857,60,32
005-87396,10,3,2,1,True,"['SC TO-I', 'SC TO-I/A']",['issuer_tender'],issuer_tender,"['KBS Real Estate Investment Trust III, Inc.']","KBS Real Estate Investment Trust III, Inc.",['0001482430'],0001482430,['KBSR'],2021-06-04,2021-07-12,38,7,3
005-87398,10,4,3,1,True,"['SC TO-I', 'SC TO-I/A']",['issuer_tender'],issuer_tender,"['Phillips Edison & Company, Inc.']","Phillips Edison & Company, Inc.",['0001476204'],0001476204,['PECO'],2020-11-10,2021-01-07,58,6,4
005-87403,9,3,1,2,True,"['SC 14D9', 'SC TO-T', 'SC TO-T/A']","['target_recommendation', 'third_party_tender']",mixed,"['Strategic Realty Trust, Inc.']","Strategic Realty Trust, Inc.","['0001446371', '0001870412']",0001446371,['SGIC'],2022-10-21,2022-12-06,46,6,3
005-87404,8,2,1,1,True,"['SC TO-T', 'SC TO-T/A']",['third_party_tender'],third_party_tender,"['KBS Real Estate Investment Trust II, Inc.']","KBS Real Estate Investment Trust II, Inc.","['0001411059', '0001659587']",0001411059,[],2020-02-03,2020-03-10,36,6,2
005-87416,8,3,2,1,True,"['SC TO-I', 'SC TO-I/A']",['issuer_tender'],issuer_tender,['Ready Capital Corp'],Ready Capital Corp,['0001527590'],0001527590,"['RC', 'RC-PC', 'RC-PE', 'RCB', 'RCC']",2021-04-02,2021-05-05,33,5,3
005-87424,29,11,8,3,True,"['SC 14D9', 'SC TO-I', 'SC TO-I/A', 'SC TO-T', 'SC TO-T/A']","['issuer_tender', 'target_recommendation', 'third_party_tender']",mixed,['Brookfield Property Partners L.P.'],Brookfield Property Partners L.P.,"['0001001085', '0001545772']",0001001085,"['BPYPM', 'BPYPN', 'BPYPO', 'BPYPP']",2020-07-06,2020-09-03,59,18,11
005-87446,40,16,11,5,True,"['SC 14D9', 'SC 14D9/A', 'SC TO-I', 'SC TO-I/A', 'SC TO-T', 'SC TO-T/A']","['issuer_tender', 'target_recommendation', 'third_party_tender']",mixed,['QIWI'],QIWI,"['0001561566', '0001936575']",0001561566,[],2022-07-07,2022-12-23,169,24,16
005-87472,26,14,12,2,True,"['SC 14D9', 'SC 14D9/A', 'SC TO-T', 'SC TO-T/A']","['target_recommendation', 'third_party_tender']",mixed,['PORTOLA PHARMACEUTICALS INC'],PORTOLA PHARMACEUTICALS INC,"['0000899866', '0001269021']",0000899866,[],2020-05-27,2020-07-02,36,12,14
005-87481,21,8,6,2,True,"['SC 14D9', 'SC 14D9/A', 'SC TO-T', 'SC TO-T/A']","['target_recommendation', 'third_party_tender']",mixed,"['Epizyme, Inc.']","Epizyme, Inc.","['0001370483', '0001571498']",0001370483,[],2022-07-12,2022-08-12,31,13,8
005-87523,16,3,2,1,True,"['SC TO-I', 'SC TO-I/A']",['issuer_tender'],issuer_tender,['Gogo Inc.'],Gogo Inc.,['0001537054'],0001537054,['GOGO'],2020-05-14,2020-06-15,32,13,3
005-87526,78,28,26,2,True,"['SC 14D9', 'SC 14D9/A', 'SC TO-T', 'SC TO-T/A']","['target_recommendation', 'third_party_tender']",mixed,"['bluebird bio, Inc.']","bluebird bio, Inc.","['0001293971', '0001873422']",0001293971,['BLUE'],2025-03-07,2025-05-30,84,50,28
005-87612,25,9,6,3,True,"['SC TO-I', 'SC TO-I/A']",['issuer_tender'],issuer_tender,['A&Q Masters Fund'],A&Q Masters Fund,['0001580166'],0001580166,[],2020-03-13,2021-03-22,374,16,9
005-87619,1,1,1,0,True,['SC TO-I/A'],['issuer_tender'],issuer_tender,['Blackstone Alternative Alpha Fund II'],Blackstone Alternative Alpha Fund II,['0001566814'],0001566814,[],2020-03-09,2020-03-09,0,0,1
005-87623,20,10,8,2,True,"['SC 14D9', 'SC 14D9/A', 'SC TO-T', 'SC TO-T/A']","['target_recommendation', 'third_party_tender']",mixed,"['FIVE PRIME THERAPEUTICS, INC.']","FIVE PRIME THERAPEUTICS, INC.","['0000318154', '0001175505']",0000318154,[],2021-03-18,2021-04-16,29,10,10
005-87630,33,16,11,5,True,"['SC 14D9', 'SC 14D9/A', 'SC TO-T', 'SC TO-T/A']","['target_recommendation', 'third_party_tender']",mixed,['ACCELERON PHARMA INC'],ACCELERON PHARMA INC,"['0000064978', '0001280600', '0001633313', '0001700574', '0001839209']",0000064978,[],2021-10-12,2021-11-22,41,17,16
005-87690,27,14,12,2,True,"['SC 14D9', 'SC 14D9/A', 'SC TO-T', 'SC TO-T/A']","['target_recommendation', 'third_party_tender']",mixed,['CHIMERIX INC'],CHIMERIX INC,"['0001117480', '0001232524']",0001117480,['CMRX'],2025-03-21,2025-04-18,28,13,14
005-87705,13,2,1,1,True,"['SC TO-I', 'SC TO-I/A']",['issuer_tender'],issuer_tender,['Karyopharm Therapeutics Inc.'],Karyopharm Therapeutics Inc.,['0001503802'],0001503802,['KPTI'],2024-06-20,2024-07-19,29,11,2
005-87720,31,10,8,2,True,"['SC 14D9', 'SC 14D9/A', 'SC TO-T', 'SC TO-T/A']","['target_recommendation', 'third_party_tender']",mixed,['Houghton Mifflin Harcourt Co'],Houghton Mifflin Harcourt Co,"['0001580156', '0001915076']",0001580156,[],2022-03-07,2022-04-07,31,21,10
005-87762,37,8,4,4,True,"['SC TO-I', 'SC TO-I/A', 'SC TO-T/A']","['issuer_tender', 'third_party_tender']",mixed,['FSI Low Beta Absolute Return Fund'],FSI Low Beta Absolute Return Fund,['0001527413'],0001527413,[],2020-03-02,2021-05-21,445,29,8
005-87769,21,7,4,3,True,"['SC TO-I', 'SC TO-I/A']",['issuer_tender'],issuer_tender,['FS Global Credit Opportunities Fund-A'],FS Global Credit Opportunities Fund-A,['0001568193'],0001568193,[],2020-01-22,2020-11-10,293,14,7
005-87786,11,2,1,1,True,"['SC TO-I', 'SC TO-I/A']",['issuer_tender'],issuer_tender,['ClearBridge MLP & Midstream Total Return Fund Inc.'],ClearBridge MLP & Midstream Total Return Fund Inc.,['0001547341'],0001547341,['CTR'],2024-05-21,2024-06-25,35,9,2
005-87794,31,6,4,2,True,"['SC TO-I', 'SC TO-I/A']",['issuer_tender'],issuer_tender,"['Tortoise Midstream Energy Fund, Inc.']","Tortoise Midstream Energy Fund, Inc.",['0001490286'],0001490286,['NTG'],2022-10-03,2023-11-07,400,25,6
005-87848,29,16,14,2,True,"['SC 14D9', 'SC 14D9/A', 'SC TO-T', 'SC TO-T/A']","['target_recommendation', 'third_party_tender']",mixed,"['BIOTELEMETRY, INC.']","BIOTELEMETRY, INC.","['0000313216', '0001574774']",0000313216,[],2020-12-23,2021-02-09,48,13,16
005-87866,21,9,7,2,True,"['SC 14D9', 'SC 14D9/A', 'SC TO-T', 'SC TO-T/A']","['target_recommendation', 'third_party_tender']",mixed,['Dicerna Pharmaceuticals Inc'],Dicerna Pharmaceuticals Inc,"['0000353278', '0001399529']",0000353278,[],2021-11-24,2021-12-28,34,12,9
005-87872,15,5,3,2,True,"['SC 14D9', 'SC 14D9/A', 'SC TO-T', 'SC TO-T/A']","['target_recommendation', 'third_party_tender']",mixed,['Evoke Pharma Inc'],Evoke Pharma Inc,"['0001403708', '0002093432']",0001403708,['EVOK'],2025-11-17,2025-12-17,30,10,5
005-87875,15,6,4,2,True,"['SC 14D9', 'SC 14D9/A', 'SC TO-T', 'SC TO-T/A']","['target_recommendation', 'third_party_tender']",mixed,['New Home Co Inc.'],New Home Co Inc.,"['0001574596', '0001784683']",0001574596,[],2021-08-10,2021-09-08,29,9,6
005-87905,29,6,4,2,True,"['SC TO-I', 'SC TO-I/A']",['issuer_tender'],issuer_tender,"['TORTOISE PIPELINE & ENERGY FUND, INC.']","TORTOISE PIPELINE & ENERGY FUND, INC.",['0001526329'],0001526329,['TTP'],2022-10-03,2023-11-07,400,23,6
005-87909,16,7,5,2,True,"['SC 14D9', 'SC 14D9/A', 'SC TO-T', 'SC TO-T/A']","['target_recommendation', 'third_party_tender']",mixed,['POTBELLY CORP'],POTBELLY CORP,"['0001195734', '0002086808']",0001195734,['PBPB'],2025-09-23,2025-10-23,30,9,7
005-87950,26,13,11,2,True,"['SC 14D9', 'SC 14D9/A', 'SC TO-T', 'SC TO-T/A']","['target_recommendation', 'third_party_tender']",mixed,"['CymaBay Therapeutics, Inc.']","CymaBay Therapeutics, Inc.","['0000882095', '0001042074']",0000882095,[],2024-02-23,2024-03-22,28,13,13
005-87957,19,11,9,2,True,"['SC 14D9', 'SC 14D9/A', 'SC TO-T', 'SC TO-T/A']","['target_recommendation', 'third_party_tender']",mixed,"['HD Supply Holdings, Inc.']","HD Supply Holdings, Inc.","['0000354950', '0001573097']",0000354950,[],2020-11-24,2020-12-28,34,8,11
005-87959,42,12,8,4,True,"['SC TO-I', 'SC TO-I/A']",['issuer_tender'],issuer_tender,['BlackRock Resources & Commodities Strategy Trust'],BlackRock Resources & Commodities Strategy Trust,['0001506289'],0001506289,['BCX'],2024-07-19,2025-05-21,306,30,12
005-87971,16,9,7,2,True,"['SC 14D9', 'SC 14D9/A', 'SC TO-T', 'SC TO-T/A']","['target_recommendation', 'third_party_tender']",mixed,['ENETI INC.'],ENETI INC.,"['0001587264', '0001978867']",0001587264,[],2023-11-07,2023-12-18,41,7,9
005-87998,17,5,4,1,True,"['SC TO-I', 'SC TO-I/A']",['issuer_tender'],issuer_tender,['GeoPark Ltd'],GeoPark Ltd,['0001464591'],0001464591,['GPRK'],2024-03-20,2024-04-22,33,12,5
005-88023,38,14,12,2,True,"['SC 14D9', 'SC 14D9/A', 'SC TO-T', 'SC TO-T/A']","['target_recommendation', 'third_party_tender']",mixed,"['Revance Therapeutics, Inc.']","Revance Therapeutics, Inc.","['0001479290', '0002033289']",0001479290,['RVNC'],2024-12-12,2025-02-05,55,24,14
005-88027,19,7,4,3,True,"['SC TO-I', 'SC TO-I/A']",['issuer_tender'],issuer_tender,['FS Global Credit Opportunities Fund-D'],FS Global Credit Opportunities Fund-D,['0001568192'],0001568192,[],2020-01-22,2020-11-10,293,12,7
005-88031,24,11,9,2,True,"['SC 14D9', 'SC 14D9/A', 'SC TO-T', 'SC TO-T/A']","['target_recommendation', 'third_party_tender']",mixed,['Flexion Therapeutics Inc'],Flexion Therapeutics Inc,"['0001396814', '0001419600']",0001396814,[],2021-10-22,2021-11-19,28,13,11
005-88033,19,6,4,2,True,"['SC 14D9', 'SC 14D9/A', 'SC TO-T', 'SC TO-T/A']","['target_recommendation', 'third_party_tender']",mixed,"['CONCERT PHARMACEUTICALS, INC.']","CONCERT PHARMACEUTICALS, INC.","['0001197089', '0001367920']",0001197089,[],2023-02-02,2023-03-06,32,13,6
005-88035,29,6,4,2,True,"['SC 14D9', 'SC TO-T', 'SC TO-T/A']","['target_recommendation', 'third_party_tender']",mixed,['AENZA S.A.A.'],AENZA S.A.A.,"['0001572621', '0001807206']",0001572621,[],2021-06-16,2021-08-06,51,23,6
005-88042,37,11,8,3,True,"['SC 14D9', 'SC 14D9/A', 'SC TO-I', 'SC TO-I/A', 'SC TO-T', 'SC TO-T/A']","['issuer_tender', 'target_recommendation', 'third_party_tender']",mixed,"['Societal CDMO, Inc.']","Societal CDMO, Inc.","['0001588972', '0001635467']",0001588972,[],2022-06-01,2024-04-08,677,26,11
005-88054,146,39,27,12,True,"['SC TO-I', 'SC TO-I/A']",['issuer_tender'],issuer_tender,"['Skybridge G II Fund, LLC', 'Skybridge G II Fund']","Skybridge G II Fund, LLC",['0001520568'],0001520568,[],2020-01-02,2025-11-04,2133,108,38
005-88059,1,1,1,0,True,['SC TO-I/A'],['issuer_tender'],issuer_tender,['Grosvenor Registered Multi-Strategy Fund'],Grosvenor Registered Multi-Strategy Fund,['0001580120'],0001580120,[],2020-02-10,2020-02-10,0,0,1
005-88071,40,12,10,2,True,"['SC 14D9', 'SC 14D9/A', 'SC TO-T', 'SC TO-T/A']","['target_recommendation', 'third_party_tender']",mixed,['APPLIED GENETIC TECHNOLOGIES CORP'],APPLIED GENETIC TECHNOLOGIES CORP,"['0001273636', '0001725042']",0001273636,[],2022-10-26,2022-12-01,36,28,12
005-88076,19,8,6,2,True,"['SC 14D9', 'SC 14D9/A', 'SC TO-T', 'SC TO-T/A']","['target_recommendation', 'third_party_tender']",mixed,"['CASTLIGHT HEALTH, INC.']","CASTLIGHT HEALTH, INC.","['0001433714', '0001903231']",0001433714,[],2022-01-19,2022-02-17,29,11,8
005-88086,2,2,2,0,True,['SC TO-I/A'],['issuer_tender'],issuer_tender,['Blackstone Real Estate Income Fund'],Blackstone Real Estate Income Fund,['0001588807'],0001588807,[],2020-02-10,2020-05-11,91,0,2
005-88087,2,2,2,0,True,['SC TO-I/A'],['issuer_tender'],issuer_tender,['Blackstone Real Estate Income Fund II'],Blackstone Real Estate Income Fund II,['0001589029'],0001589029,[],2020-02-10,2020-05-11,91,0,2
005-88106,22,10,6,4,True,"['SC 14D9', 'SC 14D9/A', 'SC TO-T', 'SC TO-T/A']","['target_recommendation', 'third_party_tender']",mixed,['Adamas Pharmaceuticals Inc'],Adamas Pharmaceuticals Inc,"['0001328143', '0001356576']",0001328143,[],2021-10-12,2021-11-24,43,12,10
005-88140,7,2,1,1,True,"['SC TO-I', 'SC TO-I/A']",['issuer_tender'],issuer_tender,['Western Asset Middle Market Debt Fund Inc.'],Western Asset Middle Market Debt Fund Inc.,['0001555085'],0001555085,[],2020-06-03,2020-07-09,36,5,2
005-88164,199,48,24,24,True,"['SC TO-I', 'SC TO-I/A']",['issuer_tender'],issuer_tender,['INFINITY CORE ALTERNATIVE FUND'],INFINITY CORE ALTERNATIVE FUND,['0001588474'],0001588474,[],2020-03-02,2025-11-26,2095,150,48
005-88172,12,3,2,1,True,"['SC TO-I', 'SC TO-I/A']",['issuer_tender'],issuer_tender,['DORIAN LPG LTD.'],DORIAN LPG LTD.,['0001596993'],0001596993,['LPG'],2021-02-02,2021-03-08,34,9,3
005-88186,28,7,5,2,True,"['SC 14D9', 'SC 14D9/A', 'SC TO-T', 'SC TO-T/A']","['target_recommendation', 'third_party_tender']",mixed,['Resonant Inc'],Resonant Inc,"['0001446591', '0001579910']",0001446591,[],2022-02-28,2022-03-28,28,21,7
005-88210,157,48,24,24,True,"['SC TO-I', 'SC TO-I/A']",['issuer_tender'],issuer_tender,"['Evanston Alternative Opportunities Fund', 'North Square Evanston Multi-Alpha Fund']",Evanston Alternative Opportunities Fund,['0001589390'],0001589390,[],2020-02-05,2025-12-22,2147,109,48
005-88240,14,3,2,1,True,"['SC TO-I', 'SC TO-I/A']",['issuer_tender'],issuer_tender,"['Minerva Neurosciences, Inc.']","Minerva Neurosciences, Inc.",['0001598646'],0001598646,['NERV'],2021-07-06,2021-08-09,34,11,3
005-88253,19,9,7,2,True,"['SC 14D9', 'SC 14D9/A', 'SC TO-T', 'SC TO-T/A']","['target_recommendation', 'third_party_tender']",mixed,['Pfenex Inc.'],Pfenex Inc.,"['0000886163', '0001478121']",0000886163,[],2020-08-31,2020-09-30,30,10,9
005-88266,15,5,3,2,True,"['SC 14D9', 'SC 14D9/A', 'SC TO-T', 'SC TO-T/A']","['target_recommendation', 'third_party_tender']",mixed,"['Adverum Biotechnologies, Inc.']","Adverum Biotechnologies, Inc.","['0000059478', '0001501756']",0000059478,['ADVM'],2025-11-07,2025-12-09,32,10,5
005-88269,14,6,4,2,True,"['SC 14D9', 'SC 14D9/A', 'SC TO-T', 'SC TO-T/A']","['target_recommendation', 'third_party_tender']",mixed,"['MARINUS PHARMACEUTICALS, INC.']","MARINUS PHARMACEUTICALS, INC.","['0001267813', '0002050522']",0001267813,['MRNS'],2025-01-08,2025-02-07,30,8,6
005-88272,43,11,7,4,True,"['SC TO-I', 'SC TO-I/A']",['issuer_tender'],issuer_tender,"['Spark Energy, Inc.', 'Via Renewables, Inc.']","Spark Energy, Inc.",['0001606268'],0001606268,['VIASP'],2020-05-11,2025-06-03,1849,32,11
005-88275,34,12,9,3,True,"['SC 14D9', 'SC 14D9/A', 'SC TO-I', 'SC TO-I/A', 'SC TO-T', 'SC TO-T/A']","['issuer_tender', 'target_recommendation', 'third_party_tender']",mixed,"['Sage Therapeutics, Inc.']","Sage Therapeutics, Inc.","['0001356576', '0001597553']",0001356576,['SAGE'],2024-01-23,2025-07-31,555,22,12
005-88328,9,3,2,1,True,"['SC TO-I', 'SC TO-I/A']",['issuer_tender'],issuer_tender,['Blackstone Real Estate Income Master Fund'],Blackstone Real Estate Income Master Fund,['0001590213'],0001590213,[],2020-02-10,2020-05-11,91,6,3
005-88329,34,15,12,3,True,"['SC TO-I', 'SC TO-I/A']",['issuer_tender'],issuer_tender,"['Wheeler Real Estate Investment Trust, Inc.']","Wheeler Real Estate Investment Trust, Inc.",['0001527541'],0001527541,"['WHLR', 'WHLRD', 'WHLRL', 'WHLRP']",2020-12-23,2023-01-23,761,19,15
005-88347,16,7,5,2,True,"['SC 14D9', 'SC 14D9/A', 'SC TO-T', 'SC TO-T/A']","['target_recommendation', 'third_party_tender']",mixed,"['Dermira, Inc.']","Dermira, Inc.","['0000059478', '0001557883']",0000059478,[],2020-01-22,2020-02-20,29,9,7
005-88370,241,51,27,24,True,"['SC TO-I', 'SC TO-I/A']",['issuer_tender'],issuer_tender,"['NexPoint Capital, Inc.']","NexPoint Capital, Inc.",['0001588272'],0001588272,['NXPT'],2020-01-03,2025-12-22,2180,190,51
005-88373,24,10,8,2,True,"['SC 14D9', 'SC 14D9/A', 'SC TO-T', 'SC TO-T/A']","['target_recommendation', 'third_party_tender']",mixed,"['CDK Global, Inc.']","CDK Global, Inc.","['0001609702', '0001922838']",0001609702,[],2022-04-22,2022-07-06,75,14,10
005-88402,4,2,1,1,True,"['SC TO-I', 'SC TO-I/A']",['issuer_tender'],issuer_tender,"['Coherus BioSciences, Inc.']","Coherus BioSciences, Inc.",['0001512762'],0001512762,['CHRS'],2025-04-16,2025-05-15,29,2,2
005-88540,15,5,4,1,True,"['SC TO-I', 'SC TO-I/A']",['issuer_tender'],issuer_tender,['BOX INC'],BOX INC,['0001372612'],0001372612,['BOX'],2021-06-02,2021-07-02,30,10,5
005-88552,24,10,8,2,True,"['SC TO-I', 'SC TO-I/A']",['issuer_tender'],issuer_tender,"['Theravance Biopharma, Inc.']","Theravance Biopharma, Inc.",['0001583107'],0001583107,['TBPH'],2022-07-26,2022-11-22,119,14,10
005-88567,9,3,2,1,True,"['SC TO-I', 'SC TO-I/A']",['issuer_tender'],issuer_tender,['Hello Group Inc.'],Hello Group Inc.,['0001610601'],0001610601,['MOMO'],2023-05-05,2023-06-30,56,6,3
005-88578,69,18,16,2,True,"['SC TO-I', 'SC TO-I/A']",['issuer_tender'],issuer_tender,"['Exela Technologies, Inc.']","Exela Technologies, Inc.",['0001620179'],0001620179,"['XELA', 'XELAP']",2022-01-26,2022-05-17,111,51,18
005-88599,23,9,7,2,True,"['SC 14D9', 'SC 14D9/A', 'SC TO-T', 'SC TO-T/A']","['target_recommendation', 'third_party_tender']",mixed,['Care.com Inc'],Care.com Inc,"['0000891103', '0001412270']",0000891103,[],2020-01-13,2020-02-11,29,14,9
005-88608,32,11,9,2,True,"['SC 14D9', 'SC 14D9/A', 'SC TO-T', 'SC TO-T/A']","['target_recommendation', 'third_party_tender']",mixed,"['Sky Solar Holdings, Ltd.']","Sky Solar Holdings, Ltd.","['0001594124', '0001815886']",0001594124,[],2020-07-06,2020-10-13,99,21,11
005-88610,22,10,8,2,True,"['SC 14D9', 'SC 14D9/A', 'SC TO-T', 'SC TO-T/A']","['target_recommendation', 'third_party_tender']",mixed,['Jumei International Holding Ltd'],Jumei International Holding Ltd,"['0001597680', '0001631969']",0001597680,[],2020-02-26,2020-04-15,49,12,10
005-88619,16,8,6,2,True,"['SC 14D9', 'SC 14D9/A', 'SC TO-T', 'SC TO-T/A']","['target_recommendation', 'third_party_tender']",mixed,"['Diplomat Pharmacy, Inc.']","Diplomat Pharmacy, Inc.","['0000731766', '0001610092']",0000731766,[],2020-01-09,2020-02-07,29,8,8
005-88621,50,12,9,3,True,"['SC TO-I', 'SC TO-I/A']",['issuer_tender'],issuer_tender,"['TRINET GROUP, INC.']","TRINET GROUP, INC.",['0000937098'],0000937098,['TNET'],2022-02-17,2023-08-31,560,38,12
005-88638,15,3,2,1,True,"['SC TO-I', 'SC TO-I/A']",['issuer_tender'],issuer_tender,"['ROYCE GLOBAL VALUE TRUST, INC.']","ROYCE GLOBAL VALUE TRUST, INC.",['0001514490'],0001514490,['RGT'],2020-10-28,2020-12-23,56,12,3
005-88643,15,4,3,1,True,"['SC TO-I', 'SC TO-I/A']",['issuer_tender'],issuer_tender,"['Triumph Bancorp, Inc.', 'Triumph Financial, Inc.']","Triumph Bancorp, Inc.",['0001539638'],0001539638,"['TFIN', 'TFINP']",2022-11-07,2022-12-09,32,11,4
005-88663,68,37,33,4,True,"['SC 14D9', 'SC 14D9/A', 'SC TO-I', 'SC TO-I/A', 'SC TO-T', 'SC TO-T/A']","['issuer_tender', 'target_recommendation', 'third_party_tender']",mixed,['Santander Consumer USA Holdings Inc.'],Santander Consumer USA Holdings Inc.,"['0000811830', '0001074034', '0001580608']",0000811830,[],2020-01-30,2022-01-28,729,31,37
005-88684,30,14,12,2,True,"['SC 14D9', 'SC 14D9/A', 'SC TO-T', 'SC TO-T/A']","['target_recommendation', 'third_party_tender']",mixed,"['Michaels Companies, Inc.']","Michaels Companies, Inc.","['0001593936', '0001849949']",0001593936,[],2021-03-16,2021-04-15,30,16,14
005-88707,16,5,3,2,True,"['SC 14D9', 'SC TO-T', 'SC TO-T/A']","['target_recommendation', 'third_party_tender']",mixed,['Atento S.A.'],Atento S.A.,"['0001606457', '0001736804']",0001606457,[],2022-11-18,2023-01-11,54,11,5
005-88770,9,3,2,1,True,"['SC TO-I', 'SC TO-I/A']",['issuer_tender'],issuer_tender,['JMP GROUP LLC'],JMP GROUP LLC,['0001302350'],0001302350,[],2020-02-24,2020-03-19,24,7,2
005-88806,18,5,3,2,True,"['SC 14D9', 'SC 14D9/A', 'SC TO-T', 'SC TO-T/A']","['target_recommendation', 'third_party_tender']",mixed,"['Cidara Therapeutics, Inc.']","Cidara Therapeutics, Inc.","['0000310158', '0001610618']",0000310158,['CDTX'],2025-12-05,2025-12-19,14,13,5
005-88810,25,7,5,2,True,"['SC TO-I', 'SC TO-I/A']",['issuer_tender'],issuer_tender,['XBiotech Inc.'],XBiotech Inc.,['0001626878'],0001626878,['XBIT'],2020-01-14,2023-06-20,1253,18,7
005-88827,20,8,6,2,True,"['SC 14D9', 'SC 14D9/A', 'SC TO-T', 'SC TO-T/A']","['target_recommendation', 'third_party_tender']",mixed,['Blueprint Medicines Corp'],Blueprint Medicines Corp,"['0001121404', '0001597264']",0001121404,['BPMC'],2025-06-17,2025-07-18,31,12,8
005-88851,176,60,38,22,True,"['SC TO-I', 'SC TO-I/A']",['issuer_tender'],issuer_tender,"['Priority Income Fund, Inc.']","Priority Income Fund, Inc.",['0001554625'],0001554625,"['PRIF-PD', 'PRIF-PF', 'PRIF-PG', 'PRIF-PH', 'PRIF-PI', 'PRIF-PJ', 'PRIF-PK', 'PRIF-PL']",2020-01-27,2025-10-20,2093,117,59
005-88878,162,40,21,19,True,"['SC TO-I', 'SC TO-I/A']",['issuer_tender'],issuer_tender,['CROSS SHORE DISCOVERY FUND'],CROSS SHORE DISCOVERY FUND,['0001609706'],0001609706,[],2020-03-11,2024-12-16,1741,122,40
005-88884,258,47,25,22,True,"['SC TO-I', 'SC TO-I/A']",['issuer_tender'],issuer_tender,"['CPG Carlyle Commitments Fund, LLC']","CPG Carlyle Commitments Fund, LLC",['0001560916'],0001560916,[],2020-03-20,2025-11-26,2077,212,46
005-88885,182,45,23,22,True,"['SC TO-I', 'SC TO-I/A']",['issuer_tender'],issuer_tender,"['CPG Carlyle Commitments Master Fund, LLC']","CPG Carlyle Commitments Master Fund, LLC",['0001560917'],0001560917,[],2020-03-20,2025-08-25,1984,138,44
005-88889,19,10,5,5,True,"['SC TO-I', 'SC TO-I/A']",['issuer_tender'],issuer_tender,['GUGGENHEIM CREDIT INCOME FUND'],GUGGENHEIM CREDIT INCOME FUND,['0001618697'],0001618697,[],2020-02-03,2021-03-15,406,9,10
005-88896,18,8,6,2,True,"['SC 14D9', 'SC 14D9/A', 'SC TO-T', 'SC TO-T/A']","['target_recommendation', 'third_party_tender']",mixed,"['ALPINE IMMUNE SCIENCES, INC.']","ALPINE IMMUNE SCIENCES, INC.","['0000875320', '0001626199']",0000875320,[],2024-04-22,2024-05-20,28,10,8
005-88918,2,1,1,0,True,['SC TO-I/A'],['issuer_tender'],issuer_tender,['Gannett Media Corp.'],Gannett Media Corp.,['0001635718'],0001635718,[],2020-01-02,2020-01-02,0,1,1
005-88925,12,3,2,1,True,"['SC TO-I', 'SC TO-I/A']",['issuer_tender'],issuer_tender,"['KushCo Holdings, Inc.']","KushCo Holdings, Inc.",['0001604627'],0001604627,[],2020-07-31,2020-08-31,31,9,3
005-88963,16,6,4,2,True,"['SC 14D9', 'SC 14D9/A', 'SC TO-T', 'SC TO-T/A']","['target_recommendation', 'third_party_tender']",mixed,['Horizon Global Corp'],Horizon Global Corp,"['0001637655', '0001960811']",0001637655,[],2023-01-10,2023-02-08,29,9,6
005-88968,56,16,8,8,True,"['SC TO-I', 'SC TO-I/A']",['issuer_tender'],issuer_tender,['Audax Credit BDC Inc.'],Audax Credit BDC Inc.,['0001633858'],0001633858,[],2022-04-25,2024-11-19,939,40,16
005-88971,28,12,10,2,True,"['SC 14D9', 'SC 14D9/A', 'SC TO-T', 'SC TO-T/A']","['target_recommendation', 'third_party_tender']",mixed,"['Zynerba Pharmaceuticals, Inc.']","Zynerba Pharmaceuticals, Inc.","['0001621443', '0001802665']",0001621443,[],2023-08-28,2023-10-11,44,16,12
005-88972,26,14,12,2,True,"['SC 14D9', 'SC 14D9/A', 'SC TO-T', 'SC TO-T/A']","['target_recommendation', 'third_party_tender']",mixed,"['Aimmune Therapeutics, Inc.']","Aimmune Therapeutics, Inc.","['0001631650', '0001803539']",0001631650,[],2020-09-14,2020-10-13,29,12,14
005-88982,14,10,8,2,True,"['SC 14D9', 'SC 14D9/A', 'SC TO-T', 'SC TO-T/A']","['target_recommendation', 'third_party_tender']",mixed,"['Hostess Brands, Inc.']","Hostess Brands, Inc.","['0000091419', '0001644406']",0000091419,[],2023-10-10,2023-11-07,28,4,10
005-89078,7,5,3,2,True,"['SC TO-I', 'SC TO-I/A']",['issuer_tender'],issuer_tender,"['fuboTV Inc. /FL', 'FuboTV Inc.']",fuboTV Inc. /FL,['0001484769'],0001484769,['FUBO'],2021-01-27,2025-11-24,1762,2,5
005-89150,25,10,5,5,True,"['SC TO-I', 'SC TO-I/A']",['issuer_tender'],issuer_tender,['GUGGENHEIM CREDIT INCOME FUND 2019'],GUGGENHEIM CREDIT INCOME FUND 2019,['0001618696'],0001618696,[],2020-02-03,2021-03-17,408,15,10
005-89169,23,9,7,2,True,"['SC 14D9', 'SC 14D9/A', 'SC TO-T', 'SC TO-T/A']","['target_recommendation', 'third_party_tender']",mixed,"['MyoKardia, Inc.']","MyoKardia, Inc.","['0000014272', '0001552451']",0000014272,[],2020-10-19,2020-11-17,29,14,9
005-89201,13,5,3,2,True,"['SC TO-I', 'SC TO-I/A']",['issuer_tender'],issuer_tender,"['MacKenzie Realty Capital, Inc.']","MacKenzie Realty Capital, Inc.",['0001550913'],0001550913,"['AENPP', 'MKZR']",2020-02-18,2021-04-23,430,8,5
005-89250,207,47,23,24,True,"['SC TO-I', 'SC TO-I/A']",['issuer_tender'],issuer_tender,['ABS Long/Short Strategies Fund'],ABS Long/Short Strategies Fund,['0001649363'],0001649363,[],2020-01-16,2025-10-29,2113,161,46
005-89253,49,19,15,4,True,"['SC 14D9', 'SC 14D9/A', 'SC TO-T', 'SC TO-T/A']","['target_recommendation', 'third_party_tender']",mixed,"['Euronav NV', 'CMB.TECH NV']",Euronav NV,"['0001604481', '0001910283']",0001604481,['CMBT'],2024-02-14,2024-11-22,282,30,19
005-89329,16,5,3,2,True,"['SC 14D9', 'SC 14D9/A', 'SC TO-T', 'SC TO-T/A']","['target_recommendation', 'third_party_tender']",mixed,['INSTRUCTURE INC'],INSTRUCTURE INC,"['0001355754', '0001803476']",0001355754,[],2020-02-24,2020-03-23,28,11,5
005-89337,32,6,4,2,True,"['SC TO-I', 'SC TO-I/A']",['issuer_tender'],issuer_tender,['TORTOISE POWER & ENERGY INFRASTRUCTURE FUND INC'],TORTOISE POWER & ENERGY INFRASTRUCTURE FUND INC,['0001408201'],0001408201,['TPZ'],2022-10-03,2023-11-07,400,27,5
005-89353,7,2,1,1,True,"['SC TO-I', 'SC TO-I/A']",['issuer_tender'],issuer_tender,['Baozun Inc.'],Baozun Inc.,['0001625414'],0001625414,"['BAZNF', 'BZUN']",2022-04-01,2022-05-02,31,5,2
005-89365,13,4,3,1,True,"['SC TO-I', 'SC TO-I/A']",['issuer_tender'],issuer_tender,['Nomad Foods Ltd'],Nomad Foods Ltd,['0001651717'],0001651717,['NOMD'],2020-08-11,2020-09-14,34,9,4
005-89376,16,6,3,3,True,"['SC TO-I', 'SC TO-I/A']",['issuer_tender'],issuer_tender,"['Terra Income Fund 6, Inc.']","Terra Income Fund 6, Inc.",['0001577134'],0001577134,['TFSA'],2020-02-21,2022-01-03,682,10,6
005-89393,77,23,12,11,True,"['SC TO-I', 'SC TO-I/A']",['issuer_tender'],issuer_tender,['Western Asset Middle Market Income Fund Inc.'],Western Asset Middle Market Income Fund Inc.,['0001525355'],0001525355,[],2020-01-09,2022-10-07,1002,54,23
005-89478,18,6,3,3,True,"['SC TO-I', 'SC TO-I/A']",['issuer_tender'],issuer_tender,['FS Global Credit Opportunities Fund - ADV'],FS Global Credit Opportunities Fund - ADV,['0001667293'],0001667293,[],2020-01-22,2020-08-24,215,12,6
005-89479,21,7,4,3,True,"['SC TO-I', 'SC TO-I/A']",['issuer_tender'],issuer_tender,['FS Global Credit Opportunities Fund - T'],FS Global Credit Opportunities Fund - T,['0001667292'],0001667292,[],2020-01-22,2020-11-10,293,14,7
005-89488,14,4,3,1,True,"['SC TO-I', 'SC TO-I/A']",['issuer_tender'],issuer_tender,"['Red Rock Resorts, Inc.']","Red Rock Resorts, Inc.",['0001653653'],0001653653,['RRR'],2021-11-10,2021-12-14,34,10,4
005-89509,69,48,25,23,True,"['SC TO-I', 'SC TO-I/A']",['issuer_tender'],issuer_tender,['USCA All Terrain Fund'],USCA All Terrain Fund,"['0001638600', '0001678523']",0001638600,[],2020-02-18,2025-08-25,2015,21,48
005-89510,20,10,8,2,True,"['SC 14D9', 'SC 14D9/A', 'SC TO-T', 'SC TO-T/A']","['target_recommendation', 'third_party_tender']",mixed,['Merus N.V.'],Merus N.V.,"['0001434265', '0001651311']",0001434265,['MRUS'],2025-10-21,2025-12-30,70,10,10
005-89525,134,48,25,23,True,"['SC TO-I', 'SC TO-I/A']",['issuer_tender'],issuer_tender,"['TP Flexible Income Fund, Inc.', 'Prospect Flexible Income Fund, Inc.', 'Prospect Sustainable Income Fund, Inc.', 'Prospect Floating Rate & Alternative Income Fund, Inc.']","TP Flexible Income Fund, Inc.",['0001521945'],0001521945,[],2020-01-09,2025-12-29,2181,86,48
005-89562,8,3,2,1,True,"['SC TO-I', 'SC TO-I/A']",['issuer_tender'],issuer_tender,"['HERTZ GLOBAL HOLDINGS, INC']","HERTZ GLOBAL HOLDINGS, INC",['0001657853'],0001657853,"['HTZ', 'HTZWW']",2021-11-23,2021-12-22,29,5,3
005-89574,4,4,4,0,True,"['SC 14D9/A', 'SC TO-T/A']","['target_recommendation', 'third_party_tender']",mixed,"['Audentes Therapeutics, Inc.']","Audentes Therapeutics, Inc.","['0001376684', '0001628738']",0001376684,[],2020-01-07,2020-01-15,8,0,4
005-89580,25,10,5,5,True,"['SC TO-I', 'SC TO-I/A']",['issuer_tender'],issuer_tender,['GUGGENHEIM CREDIT INCOME FUND 2016 T'],GUGGENHEIM CREDIT INCOME FUND 2016 T,['0001618694'],0001618694,[],2020-02-03,2021-03-17,408,15,10
005-89584,20,3,2,1,True,"['SC TO-I', 'SC TO-I/A']",['issuer_tender'],issuer_tender,['Aptevo Therapeutics Inc.'],Aptevo Therapeutics Inc.,['0001671584'],0001671584,['APVO'],2020-06-29,2020-07-29,30,17,3
005-89596,19,6,3,3,True,"['SC 14D9', 'SC TO-I', 'SC TO-I/A', 'SC TO-T', 'SC TO-T/A']","['issuer_tender', 'target_recommendation', 'third_party_tender']",mixed,"['Healthcare Trust, Inc.']","Healthcare Trust, Inc.","['0001561032', '0001726993']",0001561032,"['HLTC', 'HTIA', 'HTIBP']",2020-01-09,2020-03-17,68,13,6
005-89603,17,4,3,1,True,"['SC TO-I', 'SC TO-I/A']",['issuer_tender'],issuer_tender,"['Highlands REIT, Inc.']","Highlands REIT, Inc.",['0001661458'],0001661458,[],2023-10-24,2023-12-08,45,13,4
005-89622,12,5,4,1,True,"['SC TO-I', 'SC TO-I/A']",['issuer_tender'],issuer_tender,['Gabelli Go Anywhere Trust'],Gabelli Go Anywhere Trust,['0001635193'],0001635193,[],2021-08-03,2021-10-01,59,7,5
005-89626,78,40,38,2,True,"['SC 14D9', 'SC 14D9/A', 'SC TO-T', 'SC TO-T/A']","['target_recommendation', 'third_party_tender']",mixed,"['F-star Therapeutics, Inc.']","F-star Therapeutics, Inc.","['0001566373', '0001932556']",0001566373,[],2022-07-07,2023-03-09,245,38,40
005-89631,197,48,24,24,True,"['SC TO-I', 'SC TO-I/A']",['issuer_tender'],issuer_tender,"['AMG Pantheon Master Fund, LLC']","AMG Pantheon Master Fund, LLC",['0001609212'],0001609212,[],2020-01-09,2025-12-22,2174,151,46
005-89632,200,49,25,24,True,"['SC TO-I', 'SC TO-I/A']",['issuer_tender'],issuer_tender,"['AMG Pantheon Fund, LLC']","AMG Pantheon Fund, LLC",['0001609211'],0001609211,[],2020-01-09,2025-12-22,2174,151,49
005-89723,13,4,3,1,True,"['SC TO-I', 'SC TO-I/A']",['issuer_tender'],issuer_tender,['MVB FINANCIAL CORP'],MVB FINANCIAL CORP,['0001277902'],0001277902,['MVBF'],2020-11-17,2020-12-23,36,9,4
005-89731,1,1,0,1,False,['SC TO-I'],['issuer_tender'],issuer_tender,"['Yatra Online, Inc.']","Yatra Online, Inc.",['0001516899'],0001516899,['YTRA'],2020-01-17,2020-01-17,0,0,1
005-89754,212,48,24,24,True,"['SC TO-I', 'SC TO-I/A']",['issuer_tender'],issuer_tender,['Peachtree Alternative Strategies Fund'],Peachtree Alternative Strategies Fund,['0001682662'],0001682662,[],2020-01-16,2025-12-12,2157,164,48
005-89804,18,3,2,1,True,"['SC TO-I', 'SC TO-I/A']",['issuer_tender'],issuer_tender,['VALVOLINE INC'],VALVOLINE INC,['0001674910'],0001674910,['VVV'],2023-05-11,2023-06-13,33,15,3
005-89831,22,8,5,3,True,"['SC 14D9', 'SC 14D9/A', 'SC TO-T', 'SC TO-T/A']","['target_recommendation', 'third_party_tender']",mixed,"['Jounce Therapeutics, Inc.']","Jounce Therapeutics, Inc.","['0001640455', '0001972123']",0001640455,[],2023-03-27,2023-05-04,38,14,8
005-89832,6,3,2,1,True,"['SC TO-I', 'SC TO-I/A']",['issuer_tender'],issuer_tender,"['Colony Capital, Inc.']","Colony Capital, Inc.",['0001679688'],0001679688,"['DBRG', 'DBRG-PH', 'DBRG-PI', 'DBRG-PJ']",2020-08-27,2020-09-25,29,3,3
005-89835,7,2,1,1,True,"['SC TO-I', 'SC TO-I/A']",['issuer_tender'],issuer_tender,['ZTO Express'],ZTO Express,['0001677250'],0001677250,"['ZTO', 'ZTOEF']",2025-07-30,2025-08-29,30,5,2
005-89857,28,10,8,2,True,"['SC 14D9', 'SC 14D9/A', 'SC TO-T', 'SC TO-T/A']","['target_recommendation', 'third_party_tender']",mixed,['Talend S.A.'],Talend S.A.,"['0001668105', '0001849479']",0001668105,[],2021-06-11,2021-08-10,60,18,10
005-89858,35,9,6,3,True,"['SC TO-I', 'SC TO-I/A']",['issuer_tender'],issuer_tender,['BlackRock Energy & Resources Trust'],BlackRock Energy & Resources Trust,['0001306550'],0001306550,['BGR'],2024-07-17,2025-02-25,223,26,9
005-89859,25,12,10,2,True,"['SC 14D9', 'SC 14D9/A', 'SC TO-T', 'SC TO-T/A']","['target_recommendation', 'third_party_tender']",mixed,['LINE Corp'],LINE Corp,"['0001611820', '0001730798']",0001611820,[],2020-05-27,2020-09-16,112,13,12
005-89876,20,8,5,3,True,"['SC 14D9', 'SC 14D9/A', 'SC TO-T', 'SC TO-T/A']","['target_recommendation', 'third_party_tender']",mixed,['At Home Group Inc.'],At Home Group Inc.,"['0001646228', '0001697591', '0001868485']",0001646228,[],2021-06-21,2021-07-23,32,12,8
005-89877,27,13,11,2,True,"['SC 14D9', 'SC 14D9/A', 'SC TO-T', 'SC TO-T/A']","['target_recommendation', 'third_party_tender']",mixed,['GMS Inc.'],GMS Inc.,"['0000354950', '0001600438']",0000354950,['GMS'],2025-07-14,2025-09-04,52,14,13
005-89903,112,29,15,14,True,"['SC TO-I', 'SC TO-I/A']",['issuer_tender'],issuer_tender,['Guggenheim Energy & Income Fund'],Guggenheim Energy & Income Fund,['0001642563'],0001642563,[],2020-01-07,2023-07-07,1277,83,29
005-89905,31,9,5,4,True,"['SC 14D9', 'SC TO-T', 'SC TO-T/A']","['target_recommendation', 'third_party_tender']",mixed,"['Benefit Street Partners Realty Trust, Inc.']","Benefit Street Partners Realty Trust, Inc.","['0001562528', '0001726993']",0001562528,"['FBRT', 'FBRT-PE']",2020-10-23,2021-07-06,256,22,9
005-89908,30,18,16,2,True,"['SC 14D9', 'SC 14D9/A', 'SC TO-T', 'SC TO-T/A']","['target_recommendation', 'third_party_tender']",mixed,['Playa Hotels & Resorts N.V.'],Playa Hotels & Resorts N.V.,"['0001468174', '0001692412']",0001468174,['PLYA'],2025-02-24,2025-06-17,113,12,18
005-89919,223,50,26,24,True,"['SC TO-I', 'SC TO-I/A']",['issuer_tender'],issuer_tender,['Pomona Investment Fund'],Pomona Investment Fund,['0001616203'],0001616203,[],2020-01-02,2025-12-19,2178,173,50
005-89921,5,3,2,1,True,"['SC TO-I', 'SC TO-I/A']",['issuer_tender'],issuer_tender,['Ardagh Group S.A.'],Ardagh Group S.A.,['0001689662'],0001689662,[],2021-09-08,2021-10-12,34,2,3
005-89940,158,64,62,2,True,"['SC 14D9', 'SC 14D9/A', 'SC TO-T', 'SC TO-T/A']","['target_recommendation', 'third_party_tender']",mixed,"['Southwest Gas Holdings, Inc.']","Southwest Gas Holdings, Inc.","['0001692115', '0001889149']",0001692115,['SWX'],2021-10-27,2022-05-23,208,94,64
005-89950,143,46,23,23,True,"['SC TO-I', 'SC TO-I/A']",['issuer_tender'],issuer_tender,"['Federated Project & Trade Finance Tender Fund', 'Federated Hermes Project & Trade Finance Tender Fund']",Federated Project & Trade Finance Tender Fund,['0001677615'],0001677615,['XPTFX'],2020-01-10,2025-11-21,2142,97,46
005-89955,182,52,29,23,True,"['SC TO-I', 'SC TO-I/A']",['issuer_tender'],issuer_tender,"['Owl Rock Capital Corp II', 'Blue Owl Capital Corp II']",Owl Rock Capital Corp II,['0001655887'],0001655887,[],2020-03-02,2025-09-25,2033,132,50
005-89984,4,3,2,1,True,"['SC TO-I', 'SC TO-I/A']",['issuer_tender'],issuer_tender,['National Energy Services Reunited Corp.'],National Energy Services Reunited Corp.,['0001698514'],0001698514,"['NESR', 'NESRW']",2025-05-30,2025-07-01,32,1,3
005-90031,18,7,5,2,True,"['SC 14D9', 'SC 14D9/A', 'SC TO-T', 'SC TO-T/A']","['target_recommendation', 'third_party_tender']",mixed,"['Blue Apron Holdings, Inc.']","Blue Apron Holdings, Inc.","['0001701114', '0001995164']",0001701114,[],2023-10-13,2023-11-13,31,11,7
005-90033,11,4,2,2,True,"['SC 14D9', 'SC 14D9/A', 'SC TO-T', 'SC TO-T/A']","['target_recommendation', 'third_party_tender']",mixed,"['Mersana Therapeutics, Inc.']","Mersana Therapeutics, Inc.","['0001442836', '0001845337']",0001442836,['MRSN'],2025-12-05,2025-12-29,24,7,4
005-90040,3,3,2,1,True,"['SC TO-I', 'SC TO-I/A']",['issuer_tender'],issuer_tender,"['Accel Entertainment, Inc.']","Accel Entertainment, Inc.",['0001698991'],0001698991,['ACEL'],2020-07-14,2020-08-14,31,0,3
005-90051,27,13,11,2,True,"['SC 14D9', 'SC 14D9/A', 'SC TO-T', 'SC TO-T/A']","['target_recommendation', 'third_party_tender']",mixed,"['AKCEA THERAPEUTICS, INC.']","AKCEA THERAPEUTICS, INC.","['0000874015', '0001662524']",0000874015,[],2020-09-14,2020-10-13,29,14,13
005-90054,16,3,2,1,True,"['SC TO-I', 'SC TO-I/A']",['issuer_tender'],issuer_tender,"['Kala Pharmaceuticals, Inc.']","Kala Pharmaceuticals, Inc.",['0001479419'],0001479419,['KALA'],2023-05-01,2023-05-31,30,13,3
005-90063,10,2,1,1,True,"['SC TO-I', 'SC TO-I/A']",['issuer_tender'],issuer_tender,"['Concrete Pumping Holdings, Inc.']","Concrete Pumping Holdings, Inc.",['0001703956'],0001703956,['BBCP'],2020-10-01,2020-10-30,29,8,2
005-90074,84,48,24,24,True,"['SC TO-I', 'SC TO-I/A']",['issuer_tender'],issuer_tender,"['Altegris KKR Commitments Master Fund', 'iCapital KKR Private Markets Fund', 'iDirect Private Markets Fund']",Altegris KKR Commitments Master Fund,['0001606789'],0001606789,[],2020-02-14,2025-11-14,2100,36,48
005-90111,24,9,8,1,True,"['SC TO-I', 'SC TO-I/A']",['issuer_tender'],issuer_tender,"['INNOVATE BIOPHARMACEUTICALS, INC.']","INNOVATE BIOPHARMACEUTICALS, INC.",['0001551986'],0001551986,['NMTRQ'],2020-02-12,2020-05-01,79,15,9
005-90120,87,47,23,24,True,"['SC TO-I', 'SC TO-I/A']",['issuer_tender'],issuer_tender,"['Princeton Private Investments Access Fund', 'Princeton Everest Fund']",Princeton Private Investments Access Fund,['0001620515'],0001620515,[],2020-01-15,2025-12-19,2165,40,47
005-90130,22,8,6,2,True,"['SC 14D9', 'SC 14D9/A', 'SC TO-T', 'SC TO-T/A']","['target_recommendation', 'third_party_tender']",mixed,"['Deciphera Pharmaceuticals, Inc.']","Deciphera Pharmaceuticals, Inc.","['0001654151', '0002020962']",0001654151,[],2024-05-13,2024-06-11,29,14,8
005-90160,23,8,6,2,True,"['SC 14D9', 'SC 14D9/A', 'SC TO-T', 'SC TO-T/A']","['target_recommendation', 'third_party_tender']",mixed,"['FORESCOUT TECHNOLOGIES, INC']","FORESCOUT TECHNOLOGIES, INC","['0001145057', '0001817892']",0001145057,[],2020-07-20,2020-08-17,28,15,8
005-90182,18,10,9,1,True,"['SC TO-I', 'SC TO-I/A']",['issuer_tender'],issuer_tender,['Legacy Acquisition Corp.'],Legacy Acquisition Corp.,['0001698113'],0001698113,[],2020-10-05,2020-11-20,46,8,10
005-90193,24,12,10,2,True,"['SC 14D9', 'SC 14D9/A', 'SC TO-T', 'SC TO-T/A']","['target_recommendation', 'third_party_tender']",mixed,['scPharmaceuticals Inc.'],scPharmaceuticals Inc.,"['0000899460', '0001604950']",0000899460,['SCPH'],2025-09-08,2025-10-07,29,12,12
005-90213,19,7,4,3,True,"['SC TO-I', 'SC TO-I/A']",['issuer_tender'],issuer_tender,['FS Global Credit Opportunities Fund-T2'],FS Global Credit Opportunities Fund-T2,['0001701341'],0001701341,[],2020-01-22,2020-11-10,293,12,7
005-90214,22,7,5,2,True,"['SC 14D9', 'SC 14D9/A', 'SC TO-T', 'SC TO-T/A']","['target_recommendation', 'third_party_tender']",mixed,"['G1 Therapeutics, Inc.']","G1 Therapeutics, Inc.","['0001560241', '0002032940']",0001560241,['GTHX'],2024-08-20,2024-09-18,29,15,7
005-90216,16,4,3,1,True,"['SC TO-I', 'SC TO-I/A']",['issuer_tender'],issuer_tender,['HIGHLAND OPPORTUNITIES & INCOME FUND'],HIGHLAND OPPORTUNITIES & INCOME FUND,['0001710680'],0001710680,"['HFRO', 'HFRO-PA']",2025-02-03,2025-03-13,38,12,4
005-90234,220,48,31,17,True,"['SC 14D9', 'SC 14D9/A', 'SC TO-I', 'SC TO-I/A', 'SC TO-T', 'SC TO-T/A']","['issuer_tender', 'target_recommendation', 'third_party_tender']",mixed,"['Carlyle Credit Solutions, Inc.']","Carlyle Credit Solutions, Inc.","['0001702510', '0001918593']",0001702510,[],2022-04-05,2025-12-22,1357,172,48
005-90238,12,6,4,2,True,"['SC 14D9', 'SC 14D9/A', 'SC TO-T', 'SC TO-T/A']","['target_recommendation', 'third_party_tender']",mixed,"['Parking REIT, Inc.']","Parking REIT, Inc.","['0001642985', '0001879127']",0001642985,[],2021-10-05,2021-11-09,35,6,6
005-90248,31,6,4,2,True,"['SC TO-I', 'SC TO-I/A']",['issuer_tender'],issuer_tender,"['TORTOISE ENERGY INDEPENDENCE FUND, INC.']","TORTOISE ENERGY INDEPENDENCE FUND, INC.",['0001547158'],0001547158,['NDP'],2022-10-03,2023-11-07,400,25,6
005-90261,47,15,10,5,True,"['SC 14D9', 'SC TO-I', 'SC TO-I/A', 'SC TO-T', 'SC TO-T/A']","['issuer_tender', 'target_recommendation', 'third_party_tender']",mixed,"['American Strategic Investment Co.', 'New York City REIT, Inc.']",American Strategic Investment Co.,"['0001595527', '0001907225']",0001595527,['NYC'],2020-12-28,2024-07-16,1296,32,15
005-90263,4,3,2,1,True,"['SC TO-I', 'SC TO-I/A']",['issuer_tender'],issuer_tender,['Target Hospitality Corp.'],Target Hospitality Corp.,['0001712189'],0001712189,['TH'],2022-11-18,2022-12-19,31,1,3
005-90267,2,2,1,1,True,"['SC TO-I', 'SC TO-I/A']",['issuer_tender'],issuer_tender,['Ranpak Holdings Corp.'],Ranpak Holdings Corp.,['0001712463'],0001712463,['PACK'],2020-08-06,2020-09-03,28,0,2
005-90272,14,7,6,1,True,"['SC TO-I', 'SC TO-I/A']",['issuer_tender'],issuer_tender,"['DuPont de Nemours, Inc.']","DuPont de Nemours, Inc.",['0001666700'],0001666700,['DD'],2020-12-31,2021-02-03,34,7,7
005-90276,14,3,2,1,True,"['SC TO-I', 'SC TO-I/A']",['issuer_tender'],issuer_tender,"['Cannae Holdings, Inc.']","Cannae Holdings, Inc.",['0001704720'],0001704720,['CNNE'],2024-03-01,2024-04-05,35,11,3
005-90339,32,8,6,2,True,"['SC TO-I', 'SC TO-I/A']",['issuer_tender'],issuer_tender,"['Altice USA, Inc.']","Altice USA, Inc.",['0001702780'],0001702780,['ATUS'],2020-11-23,2023-03-02,829,24,8
005-90381,36,11,7,4,True,"['SC 14D9', 'SC 14D9/A', 'SC TO-T', 'SC TO-T/A']","['target_recommendation', 'third_party_tender']",mixed,"['Banco Santander Mexico S.A., Institucion de Banca Multiple, Grupo Financiero Santander Mexico']","Banco Santander Mexico S.A., Institucion de Banca Multiple, Grupo Financiero Santander Mexico","['0000891478', '0001698287']",0000891478,[],2021-11-03,2023-11-16,743,25,11
005-90427,22,7,4,3,True,"['SC TO-I', 'SC TO-I/A']",['issuer_tender'],issuer_tender,"['Partners Group Private Income Opportunities, LLC']","Partners Group Private Income Opportunities, LLC",['0001682692'],0001682692,[],2020-02-21,2021-02-24,369,15,7
005-90431,12,2,1,1,True,"['SC TO-I', 'SC TO-I/A']",['issuer_tender'],issuer_tender,['Unum Therapeutics Inc.'],Unum Therapeutics Inc.,['0001622229'],0001622229,['COGT'],2020-04-08,2020-05-11,33,10,2
005-90438,22,7,4,3,True,"['SC TO-I', 'SC TO-I/A']",['issuer_tender'],issuer_tender,"['iQIYI, Inc.']","iQIYI, Inc.",['0001722608'],0001722608,['IQ'],2021-10-25,2024-08-01,1011,15,7
005-90489,20,7,4,3,True,"['SC 14D9', 'SC 14D9/A', 'SC TO-T', 'SC TO-T/A']","['target_recommendation', 'third_party_tender']",mixed,"['Pluralsight, Inc.']","Pluralsight, Inc.","['0001107310', '0001725579', '0001849302']",0001107310,[],2021-03-09,2021-04-06,28,13,7
005-90490,44,14,8,6,True,"['SC TO-I', 'SC TO-I/A']",['issuer_tender'],issuer_tender,"['Infinity Long/Short Equity Fund, LLC']","Infinity Long/Short Equity Fund, LLC",['0001687430'],0001687430,[],2020-03-02,2021-11-10,618,30,14
005-90494,12,2,1,1,True,"['SC TO-I', 'SC TO-I/A']",['issuer_tender'],issuer_tender,"['Presidio Property Trust, Inc.']","Presidio Property Trust, Inc.",['0001080657'],0001080657,"['SQFT', 'SQFTP', 'SQFTW']",2025-04-08,2025-05-07,29,10,2
005-90531,14,5,3,2,True,"['SC TO-I', 'SC TO-I/A']",['issuer_tender'],issuer_tender,['Flat Rock Capital Corp.'],Flat Rock Capital Corp.,['0001701724'],0001701724,[],2020-01-08,2020-09-25,261,9,5
005-90534,14,2,1,1,True,"['SC TO-I', 'SC TO-I/A']",['issuer_tender'],issuer_tender,['XERIS PHARMACEUTICALS INC'],XERIS PHARMACEUTICALS INC,['0001346302'],0001346302,[],2020-11-10,2020-12-14,34,12,2
005-90536,18,7,4,3,True,"['SC 14D9', 'SC 14D9/A', 'SC TO-T', 'SC TO-T/A']","['target_recommendation', 'third_party_tender']",mixed,['Landsea Homes Corp'],Landsea Homes Corp,"['0001721386', '0001784683']",0001721386,"['LSEA', 'LSEAW']",2025-05-13,2025-06-24,42,11,7
005-90545,23,9,7,2,True,"['SC 14D9', 'SC 14D9/A', 'SC TO-T', 'SC TO-T/A']","['target_recommendation', 'third_party_tender']",mixed,"['Provention Bio, Inc.']","Provention Bio, Inc.","['0001121404', '0001695357']",0001121404,[],2023-03-24,2023-04-27,34,14,9
005-90546,30,9,7,2,True,"['SC 14D9', 'SC 14D9/A', 'SC TO-T', 'SC TO-T/A']","['target_recommendation', 'third_party_tender']",mixed,['Grindrod Shipping Holdings Ltd.'],Grindrod Shipping Holdings Ltd.,"['0001725293', '0001899852']",0001725293,[],2022-10-28,2022-12-20,53,21,9
005-90547,13,7,5,2,True,"['SC 14D9', 'SC 14D9/A', 'SC TO-T', 'SC TO-T/A']","['target_recommendation', 'third_party_tender']",mixed,"['Translate Bio, Inc.']","Translate Bio, Inc.","['0001121404', '0001693415']",0001121404,[],2021-08-16,2021-09-14,29,6,7
005-90549,13,2,1,1,True,"['SC TO-I', 'SC TO-I/A']",['issuer_tender'],issuer_tender,"['Tricida, Inc.']","Tricida, Inc.",['0001595585'],0001595585,[],2021-07-15,2021-08-16,32,11,2
005-90560,21,13,11,2,True,"['SC 14D9', 'SC 14D9/A', 'SC TO-T', 'SC TO-T/A']","['target_recommendation', 'third_party_tender']",mixed,"['Forty Seven, Inc.']","Forty Seven, Inc.","['0000882095', '0001667633']",0000882095,[],2020-03-10,2020-04-07,28,8,13
005-90567,119,36,14,22,True,"['SC 14D9', 'SC TO-T', 'SC TO-T/A']","['target_recommendation', 'third_party_tender']",mixed,"['CNL Healthcare Properties, Inc.']","CNL Healthcare Properties, Inc.","['0001496454', '0001726993', '0001997952']",0001496454,['CHTH'],2020-08-03,2025-06-09,1771,83,36
005-90572,21,10,8,2,True,"['SC 14D9', 'SC 14D9/A', 'SC TO-T', 'SC TO-T/A']","['target_recommendation', 'third_party_tender']",mixed,['CONSTELLATION PHARMACEUTICALS INC'],CONSTELLATION PHARMACEUTICALS INC,"['0001340243', '0001434418']",0001340243,[],2021-06-16,2021-07-15,29,11,10
005-90578,11,4,2,2,True,"['SC 14D9', 'SC 14D9/A', 'SC TO-T', 'SC TO-T/A']","['target_recommendation', 'third_party_tender']",mixed,['Allakos Inc.'],Allakos Inc.,"['0001564824', '0002064010']",0001564824,['ALLK'],2025-04-15,2025-05-15,30,7,4
005-90585,17,7,5,2,True,"['SC TO-I', 'SC TO-I/A']",['issuer_tender'],issuer_tender,"['Pinduoduo Inc.', 'PDD Holdings Inc.']",Pinduoduo Inc.,['0001737806'],0001737806,['PDD'],2022-09-02,2023-12-04,458,10,7
005-90609,12,6,6,0,True,['SC TO-I/A'],['issuer_tender'],issuer_tender,['TKK SYMPHONY ACQUISITION Corp'],TKK SYMPHONY ACQUISITION Corp,['0001738758'],0001738758,"['CHR', 'GSMGW']",2020-01-03,2020-02-19,47,6,6
005-90632,63,20,8,12,True,"['SC 14D9', 'SC TO-T', 'SC TO-T/A']","['target_recommendation', 'third_party_tender']",mixed,"['Inland Real Estate Income Trust, Inc.']","Inland Real Estate Income Trust, Inc.","['0001528985', '0001726993']",0001528985,['INRE'],2022-07-29,2025-04-25,1001,44,19
005-90643,19,9,7,2,True,"['SC 14D9', 'SC 14D9/A', 'SC TO-T', 'SC TO-T/A']","['target_recommendation', 'third_party_tender']",mixed,['Principia Biopharma Inc.'],Principia Biopharma Inc.,"['0001121404', '0001510487']",0001121404,[],2020-08-28,2020-09-28,31,10,9
005-90649,20,6,4,2,True,"['SC 14D9', 'SC 14D9/A', 'SC TO-T', 'SC TO-T/A']","['target_recommendation', 'third_party_tender']",mixed,"['Y-mAbs Therapeutics, Inc.']","Y-mAbs Therapeutics, Inc.","['0001722964', '0002079359']",0001722964,['YMAB'],2025-08-18,2025-09-16,29,14,6
005-90651,26,9,6,3,True,"['SC 14D9', 'SC 14D9/A', 'SC TO-I', 'SC TO-I/A', 'SC TO-T', 'SC TO-T/A']","['issuer_tender', 'target_recommendation', 'third_party_tender']",mixed,['Entasis Therapeutics Holdings Inc.'],Entasis Therapeutics Holdings Inc.,"['0001080014', '0001724344']",0001080014,[],2021-06-17,2022-07-08,386,17,9
005-90661,22,7,4,3,True,"['SC TO-I', 'SC TO-I/A']",['issuer_tender'],issuer_tender,['NIO Inc.'],NIO Inc.,['0001736541'],0001736541,"['NIO', 'NIOIF']",2022-01-03,2025-01-31,1124,15,7
005-90674,21,6,3,3,True,"['SC TO-I', 'SC TO-I/A']",['issuer_tender'],issuer_tender,['Bilibili Inc.'],Bilibili Inc.,['0001723690'],0001723690,"['BILI', 'BLBLF']",2023-05-08,2024-11-29,571,15,6
005-90685,15,3,2,1,True,"['SC TO-I', 'SC TO-I/A']",['issuer_tender'],issuer_tender,"['Allogene Therapeutics, Inc.']","Allogene Therapeutics, Inc.",['0001737287'],0001737287,['ALLO'],2022-06-21,2022-07-20,29,12,3
005-90696,20,4,2,2,True,"['SC 14D9', 'SC 14D9/A', 'SC TO-T', 'SC TO-T/A']","['target_recommendation', 'third_party_tender']",mixed,"['LogicBio Therapeutics, Inc.']","LogicBio Therapeutics, Inc.","['0000899866', '0001664106']",0000899866,[],2022-10-18,2022-11-16,29,16,4
005-90716,40,11,7,4,True,"['SC 14D9', 'SC TO-T', 'SC TO-T/A']","['target_recommendation', 'third_party_tender']",mixed,['Life Partners Position Holder Trust'],Life Partners Position Holder Trust,"['0001692144', '0001761828']",0001692144,[],2020-10-28,2021-08-20,296,28,11
005-90723,169,51,27,24,True,"['SC TO-I', 'SC TO-I/A']",['issuer_tender'],issuer_tender,"['Hancock Park Corporate Income, Inc.']","Hancock Park Corporate Income, Inc.",['0001661306'],0001661306,[],2020-02-21,2025-11-21,2100,118,51
005-90728,3,3,2,1,True,"['SC TO-I', 'SC TO-I/A']",['issuer_tender'],issuer_tender,"['ATLAS TECHNICAL CONSULTANTS, INC.']","ATLAS TECHNICAL CONSULTANTS, INC.",['0001751143'],0001751143,[],2020-10-20,2020-11-17,28,0,3
005-90731,196,40,20,20,True,"['SC TO-I', 'SC TO-I/A']",['issuer_tender'],issuer_tender,['AB Private Credit Investors Corp'],AB Private Credit Investors Corp,['0001634452'],0001634452,[],2021-02-26,2025-11-28,1736,157,39
005-90741,10,8,8,0,True,"['SC 14D9/A', 'SC TO-T/A']","['target_recommendation', 'third_party_tender']",mixed,"['Synthorx, Inc.']","Synthorx, Inc.","['0001121404', '0001609727']",0001121404,[],2020-01-07,2020-01-23,16,2,8
005-90744,11,3,2,1,True,"['SC TO-I', 'SC TO-I/A']",['issuer_tender'],issuer_tender,['BiomX Inc.'],BiomX Inc.,['0001739174'],0001739174,"['PHGE', 'PHGE-UN', 'PHGEW']",2023-11-09,2023-12-12,33,8,3
005-90749,12,3,2,1,True,"['SC TO-I', 'SC TO-I/A']",['issuer_tender'],issuer_tender,"['Moderna, Inc.']","Moderna, Inc.",['0001682852'],0001682852,['MRNA'],2025-11-13,2025-12-16,33,9,3
005-90752,206,59,35,24,True,"['SC TO-I', 'SC TO-I/A']",['issuer_tender'],issuer_tender,['AIP Alternative Lending Fund A'],AIP Alternative Lending Fund A,['0001709447'],0001709447,[],2020-04-01,2025-12-31,2100,148,58
005-90753,190,49,25,24,True,"['SC TO-I', 'SC TO-I/A']",['issuer_tender'],issuer_tender,['AIP Alternative Lending Fund P'],AIP Alternative Lending Fund P,['0001709406'],0001709406,[],2020-04-01,2025-12-31,2100,141,49
005-90772,31,10,5,5,True,"['SC TO-I', 'SC TO-I/A']",['issuer_tender'],issuer_tender,"['FS Global Credit Opportunities Fund', 'FS Credit Opportunities Corp.']",FS Global Credit Opportunities Fund,['0001568194'],0001568194,['FSCO'],2021-02-22,2022-05-16,448,21,10
005-90791,97,32,16,16,True,"['SC TO-I', 'SC TO-I/A']",['issuer_tender'],issuer_tender,['Monroe Capital Income Plus Corp'],Monroe Capital Income Plus Corp,['0001742313'],0001742313,[],2022-03-16,2025-12-23,1378,65,32
005-90815,8,3,2,1,True,"['SC TO-I', 'SC TO-I/A']",['issuer_tender'],issuer_tender,"['Equitable Holdings, Inc.']","Equitable Holdings, Inc.",['0001333986'],0001333986,"['EQH', 'EQH-PA', 'EQH-PC']",2025-03-12,2025-04-10,29,5,3
005-90824,18,8,4,4,True,"['SC 14D9', 'SC TO-T', 'SC TO-T/A']","['target_recommendation', 'third_party_tender']",mixed,['Pure Acquisition Corp.'],Pure Acquisition Corp.,"['0001726293', '0001735983']",0001726293,[],2020-01-21,2020-08-03,195,10,8
005-90825,28,5,4,1,True,"['SC TO-I', 'SC TO-I/A']",['issuer_tender'],issuer_tender,['ADT Inc.'],ADT Inc.,['0001703056'],0001703056,['ADT'],2022-09-12,2022-10-26,44,23,5
005-90832,46,20,18,2,True,"['SC 14D9', 'SC 14D9/A', 'SC TO-T', 'SC TO-T/A']","['target_recommendation', 'third_party_tender']",mixed,"['WYNDHAM HOTELS & RESORTS, INC.']","WYNDHAM HOTELS & RESORTS, INC.","['0001046311', '0001722684']",0001046311,['WH'],2023-12-12,2024-03-18,97,26,20
005-90872,111,33,29,4,True,"['SC 14D9', 'SC 14D9/A', 'SC TO-T', 'SC TO-T/A']","['target_recommendation', 'third_party_tender']",mixed,['MorphoSys AG'],MorphoSys AG,"['0001114448', '0001340243']",0001114448,['MPSYF'],2024-04-11,2024-08-13,124,78,33
005-90875,11,2,1,1,True,"['SC TO-I', 'SC TO-I/A']",['issuer_tender'],issuer_tender,"['Nuveen Preferred & Income Term Fund', 'Nuveen Preferred Securities & Income Opportunities Fund']",Nuveen Preferred & Income Term Fund,['0001547994'],0001547994,['JPI'],2024-07-17,2024-08-20,34,9,2
005-90893,13,3,2,1,True,"['SC TO-I', 'SC TO-I/A']",['issuer_tender'],issuer_tender,['X Financial'],X Financial,['0001725033'],0001725033,['XYF'],2024-06-05,2024-07-15,40,10,3
005-90917,14,4,3,1,True,"['SC TO-I', 'SC TO-I/A']",['issuer_tender'],issuer_tender,['Castor Maritime Inc.'],Castor Maritime Inc.,['0001720161'],0001720161,['CTRM'],2024-04-22,2024-06-03,42,10,4
005-90924,20,5,4,1,True,"['SC TO-I', 'SC TO-I/A']",['issuer_tender'],issuer_tender,['Amerant Bancorp Inc.'],Amerant Bancorp Inc.,['0001734342'],0001734342,['AMTB'],2020-11-20,2020-12-23,33,15,5
005-90933,38,17,15,2,True,"['SC 14D9', 'SC 14D9/A', 'SC TO-T', 'SC TO-T/A']","['target_recommendation', 'third_party_tender']",mixed,"['Romeo Power, Inc.']","Romeo Power, Inc.","['0001731289', '0001757932']",0001731289,[],2022-08-29,2022-10-14,46,21,17
005-90936,32,2,1,1,True,"['SC TO-I', 'SC TO-I/A']",['issuer_tender'],issuer_tender,['TCR2 THERAPEUTICS INC.'],TCR2 THERAPEUTICS INC.,['0001750019'],0001750019,[],2022-10-19,2022-11-18,30,30,2
005-90961,98,33,17,16,True,"['SC TO-I', 'SC TO-I/A']",['issuer_tender'],issuer_tender,['BlackRock Multi-Sector Opportunities Trust'],BlackRock Multi-Sector Opportunities Trust,['0001715468'],0001715468,[],2020-01-02,2023-11-09,1407,65,33
005-90962,16,5,4,1,True,"['SC TO-I', 'SC TO-I/A']",['issuer_tender'],issuer_tender,['Bioceres Crop Solutions Corp.'],Bioceres Crop Solutions Corp.,['0001769484'],0001769484,['BIOX'],2020-07-27,2020-08-25,29,11,5
005-90965,183,48,24,24,True,"['SC TO-I', 'SC TO-I/A']",['issuer_tender'],issuer_tender,['Hedge Fund Guided Portfolio Solution'],Hedge Fund Guided Portfolio Solution,['0001738008'],0001738008,[],2020-02-10,2025-12-22,2142,136,47
005-90966,17,5,4,1,True,"['SC TO-I', 'SC TO-I/A']",['issuer_tender'],issuer_tender,"['SHIFT TECHNOLOGIES, INC.']","SHIFT TECHNOLOGIES, INC.",['0001762322'],0001762322,['SFTGQ'],2020-11-05,2020-12-28,53,12,5
005-90968,17,5,4,1,True,"['SC TO-I', 'SC TO-I/A']",['issuer_tender'],issuer_tender,"[""Bally's Corp""]",Bally's Corp,['0001747079'],0001747079,['BALY'],2022-06-24,2022-07-27,33,12,5
005-90978,21,7,5,2,True,"['SC 14D9', 'SC 14D9/A', 'SC TO-T', 'SC TO-T/A']","['target_recommendation', 'third_party_tender']",mixed,['NGM BIOPHARMACEUTICALS INC'],NGM BIOPHARMACEUTICALS INC,"['0001347769', '0001426332']",0001347769,[],2024-03-08,2024-04-05,28,14,7
005-90985,16,2,1,1,True,"['SC TO-I', 'SC TO-I/A']",['issuer_tender'],issuer_tender,['HOOKIPA Pharma Inc.'],HOOKIPA Pharma Inc.,['0001760542'],0001760542,['HOOK'],2023-08-10,2023-09-12,33,14,2
005-90986,21,10,8,2,True,"['SC 14D9', 'SC 14D9/A', 'SC TO-T', 'SC TO-T/A']","['target_recommendation', 'third_party_tender']",mixed,"['Turning Point Therapeutics, Inc.']","Turning Point Therapeutics, Inc.","['0000014272', '0001595893']",0000014272,[],2022-06-17,2022-08-16,60,11,10
005-90993,13,2,1,1,True,"['SC TO-I', 'SC TO-I/A']",['issuer_tender'],issuer_tender,['Brainsway Ltd.'],Brainsway Ltd.,['0001505065'],0001505065,"['BRSYF', 'BWAY']",2021-05-04,2021-06-03,30,11,2
005-91017,11,2,0,2,False,"['SC 14D9', 'SC TO-T']","['target_recommendation', 'third_party_tender']",mixed,"['Applied Therapeutics, Inc.']","Applied Therapeutics, Inc.","['0001697532', '0002102677']",0001697532,['APLT'],2025-12-29,2025-12-29,0,9,2
005-91049,24,10,8,2,True,"['SC 14D9', 'SC 14D9/A', 'SC TO-T', 'SC TO-T/A']","['target_recommendation', 'third_party_tender']",mixed,['Prevail Therapeutics Inc.'],Prevail Therapeutics Inc.,"['0000059478', '0001714798']",0000059478,[],2020-12-22,2021-01-22,31,14,10
005-91051,15,4,3,1,True,"['SC TO-I', 'SC TO-I/A']",['issuer_tender'],issuer_tender,"['Stoke Therapeutics, Inc.']","Stoke Therapeutics, Inc.",['0001623526'],0001623526,['STOK'],2023-11-02,2023-12-05,33,11,4
005-91052,2,2,1,1,True,"['SC TO-I', 'SC TO-I/A']",['issuer_tender'],issuer_tender,['BTRS Holdings Inc.'],BTRS Holdings Inc.,['0001774155'],0001774155,[],2021-11-18,2021-12-17,29,0,2
005-91053,21,8,6,2,True,"['SC 14D9', 'SC 14D9/A', 'SC TO-T', 'SC TO-T/A']","['target_recommendation', 'third_party_tender']",mixed,"['Morphic Holding, Inc.']","Morphic Holding, Inc.","['0000059478', '0001679363']",0000059478,[],2024-07-19,2024-08-16,28,13,8
005-91083,10,7,5,2,True,"['SC 14D9', 'SC 14D9/A', 'SC TO-T', 'SC TO-T/A']","['target_recommendation', 'third_party_tender']",mixed,['Carlyle Credit Income Fund'],Carlyle Credit Income Fund,"['0001517767', '0001790577']",0001517767,"['CCIA', 'CCIF']",2023-07-18,2023-08-30,43,3,7
005-91126,20,8,6,2,True,"['SC 14D9', 'SC 14D9/A', 'SC TO-T', 'SC TO-T/A']","['target_recommendation', 'third_party_tender']",mixed,"['Satsuma Pharmaceuticals, Inc.']","Satsuma Pharmaceuticals, Inc.","['0001657770', '0001692830']",0001657770,[],2023-05-05,2023-06-08,34,12,8
005-91132,25,8,5,3,True,"['SC 14D9', 'SC 14D9/A', 'SC TO-I', 'SC TO-I/A', 'SC TO-T', 'SC TO-T/A']","['issuer_tender', 'target_recommendation', 'third_party_tender']",mixed,"['IGM Biosciences, Inc.']","IGM Biosciences, Inc.","['0001496323', '0001970065']",0001496323,['IGMS'],2024-06-20,2025-08-14,420,17,8
005-91137,10,3,2,1,True,"['SC TO-I', 'SC TO-I/A']",['issuer_tender'],issuer_tender,"['AvePoint, Inc.']","AvePoint, Inc.",['0001777921'],0001777921,"['AVPT', 'AVPTW']",2024-08-27,2024-09-26,30,7,3
005-91139,189,45,22,23,True,"['SC TO-I', 'SC TO-I/A']",['issuer_tender'],issuer_tender,"['CPG Focused Access Fund, LLC', 'Macquarie Focused Access Fund, LLC']","CPG Focused Access Fund, LLC",['0001742836'],0001742836,[],2020-03-20,2025-11-03,2054,144,45
005-91166,12,3,2,1,True,"['SC TO-I', 'SC TO-I/A']",['issuer_tender'],issuer_tender,['DIRTT ENVIRONMENTAL SOLUTIONS LTD'],DIRTT ENVIRONMENTAL SOLUTIONS LTD,['0001340476'],0001340476,"['DESLF', 'DRTTF']",2024-02-15,2024-03-25,39,9,3
005-91167,34,12,10,2,True,"['SC 14D9', 'SC 14D9/A', 'SC TO-T', 'SC TO-T/A']","['target_recommendation', 'third_party_tender']",mixed,"['Viela Bio, Inc.']","Viela Bio, Inc.","['0001492426', '0001734517']",0001492426,[],2021-02-12,2021-03-15,31,23,11
005-91182,16,2,1,1,True,"['SC TO-I', 'SC TO-I/A']",['issuer_tender'],issuer_tender,"['Phathom Pharmaceuticals, Inc.']","Phathom Pharmaceuticals, Inc.",['0001783183'],0001783183,['PHAT'],2023-06-15,2023-07-17,32,14,2
005-91186,25,8,5,3,True,"['SC 14D9', 'SC 14D9/A', 'SC TO-T', 'SC TO-T/A']","['target_recommendation', 'third_party_tender']",mixed,"['Oyster Point Pharma, Inc.']","Oyster Point Pharma, Inc.","['0001720725', '0001792044']",0001720725,[],2022-12-01,2023-01-03,33,17,8
005-91200,18,6,4,2,True,"['SC 14D9', 'SC 14D9/A', 'SC TO-T', 'SC TO-T/A']","['target_recommendation', 'third_party_tender']",mixed,"['89bio, Inc.']","89bio, Inc.","['0000904566', '0001785173']",0000904566,['ETNB'],2025-10-01,2025-10-30,29,12,6
005-91208,1,1,1,0,True,['SC TO-T/A'],['third_party_tender'],third_party_tender,"['Hartman Short Term Income Properties XX, Inc.']","Hartman Short Term Income Properties XX, Inc.","['0001446687', '0001659587']",0001446687,[],2020-01-07,2020-01-07,0,0,1
005-91234,12,4,3,1,True,"['SC TO-I', 'SC TO-I/A']",['issuer_tender'],issuer_tender,['BrightSphere Investment Group Inc.'],BrightSphere Investment Group Inc.,['0001748824'],0001748824,['BSIG'],2021-11-04,2021-12-09,35,8,4
005-91241,16,7,6,1,True,"['SC 14D9', 'SC 14D9/A', 'SC TO-T/A']","['target_recommendation', 'third_party_tender']",mixed,['Woodbridge Liquidation Trust'],Woodbridge Liquidation Trust,"['0001785494', '0001794661']",0001785494,['WBQNL'],2020-01-06,2020-02-05,30,9,7
005-91252,178,48,24,24,True,"['SC TO-I', 'SC TO-I/A']",['issuer_tender'],issuer_tender,['Clarion Partners Real Estate Income Fund Inc.'],Clarion Partners Real Estate Income Fund Inc.,['0001762562'],0001762562,['CPRDX'],2020-01-27,2025-12-15,2149,130,48
005-91349,11,3,2,1,True,"['SC TO-I', 'SC TO-I/A']",['issuer_tender'],issuer_tender,"['Arcutis Biotherapeutics, Inc.']","Arcutis Biotherapeutics, Inc.",['0001787306'],0001787306,['ARQT'],2024-01-16,2024-02-15,30,8,3
005-91359,25,10,8,2,True,"['SC 14D9', 'SC 14D9/A', 'SC TO-T', 'SC TO-T/A']","['target_recommendation', 'third_party_tender']",mixed,['Wanda Sports Group Co Ltd'],Wanda Sports Group Co Ltd,"['0001594326', '0001771279']",0001594326,[],2020-12-23,2021-04-09,107,15,10
005-91403,10,4,3,1,True,"['SC TO-I', 'SC TO-I/A']",['issuer_tender'],issuer_tender,['Epsilon Energy Ltd.'],Epsilon Energy Ltd.,['0001726126'],0001726126,['EPSN'],2020-05-19,2020-07-07,49,6,4
005-91457,17,4,3,1,True,"['SC TO-I', 'SC TO-I/A']",['issuer_tender'],issuer_tender,"['Vincerx Pharma, Inc.']","Vincerx Pharma, Inc.",['0001796129'],0001796129,['VINC'],2024-08-13,2024-09-30,48,13,4
005-91471,45,9,8,1,True,"['SC TO-I', 'SC TO-I/A']",['issuer_tender'],issuer_tender,['International General Insurance Holdings Ltd.'],International General Insurance Holdings Ltd.,['0001794338'],0001794338,['IGIC'],2023-07-28,2023-09-19,53,36,9
005-91479,19,5,4,1,True,"['SC TO-I', 'SC TO-I/A']",['issuer_tender'],issuer_tender,['Meten EdtechX Education Group Ltd.'],Meten EdtechX Education Group Ltd.,['0001796514'],0001796514,"['BTCT', 'BTCTW']",2020-12-07,2021-01-08,32,14,5
005-91482,6,1,1,0,True,['SC TO-T/A'],['third_party_tender'],third_party_tender,['APERTURE TECHNOLOGIES INC'],APERTURE TECHNOLOGIES INC,"['0000940911', '0001415798']",0000940911,[],2020-07-16,2020-07-16,0,5,1
005-91484,13,3,2,1,True,"['SC TO-I', 'SC TO-I/A']",['issuer_tender'],issuer_tender,"['Keros Therapeutics, Inc.']","Keros Therapeutics, Inc.",['0001664710'],0001664710,['KROS'],2025-10-20,2025-11-20,31,10,3
005-91490,12,2,1,1,True,"['SC TO-I', 'SC TO-I/A']",['issuer_tender'],issuer_tender,"['Oric Pharmaceuticals, Inc.']","Oric Pharmaceuticals, Inc.",['0001796280'],0001796280,['ORIC'],2022-06-21,2022-07-21,30,10,2
005-91495,10,2,1,1,True,"['SC TO-I', 'SC TO-I/A']",['issuer_tender'],issuer_tender,"['PharmaCyte Biotech, Inc.']","PharmaCyte Biotech, Inc.",['0001157075'],0001157075,['PMCB'],2023-05-11,2023-06-15,35,8,2
005-91517,20,5,4,1,True,"['SC TO-I', 'SC TO-I/A']",['issuer_tender'],issuer_tender,['ADC Therapeutics SA'],ADC Therapeutics SA,['0001771910'],0001771910,['ADCT'],2023-03-06,2023-04-05,30,15,5
005-91521,24,9,7,2,True,"['SC 14D9', 'SC 14D9/A', 'SC TO-T', 'SC TO-T/A']","['target_recommendation', 'third_party_tender']",mixed,"['Inari Medical, Inc.']","Inari Medical, Inc.","['0000310764', '0001531048']",0000310764,['NARI'],2025-01-17,2025-02-19,33,15,9
005-91523,25,10,8,2,True,"['SC 14D9', 'SC 14D9/A', 'SC TO-T', 'SC TO-T/A']","['target_recommendation', 'third_party_tender']",mixed,['Calliditas Therapeutics AB'],Calliditas Therapeutics AB,"['0001446531', '0001795579']",0001446531,['CALT'],2024-07-18,2024-09-18,62,15,10
005-91541,22,8,6,2,True,"['SC 14D9', 'SC 14D9/A', 'SC TO-T', 'SC TO-T/A']","['target_recommendation', 'third_party_tender']",mixed,"['Forma Therapeutics Holdings, Inc.']","Forma Therapeutics Holdings, Inc.","['0000353278', '0001538927']",0000353278,[],2022-09-15,2022-10-14,29,14,8
005-91545,182,43,21,22,True,"['SC TO-I', 'SC TO-I/A']",['issuer_tender'],issuer_tender,"['BBR ALO Fund, LLC']","BBR ALO Fund, LLC",['0001811114'],0001811114,[],2020-06-29,2025-12-12,1992,140,42
005-91550,80,26,14,12,True,"['SC TO-I', 'SC TO-I/A']",['issuer_tender'],issuer_tender,['BlackRock Multi-Sector Opportunities Trust II'],BlackRock Multi-Sector Opportunities Trust II,['0001741600'],0001741600,[],2020-07-09,2023-05-18,1043,54,26
005-91554,168,41,21,20,True,"['SC TO-I', 'SC TO-I/A']",['issuer_tender'],issuer_tender,['FlowStone Opportunity Fund'],FlowStone Opportunity Fund,['0001741739'],0001741739,[],2020-07-06,2025-09-16,1898,127,41
005-91555,18,9,7,2,True,"['SC 14D9', 'SC 14D9/A', 'SC TO-T', 'SC TO-T/A']","['target_recommendation', 'third_party_tender']",mixed,"['Akouos, Inc.']","Akouos, Inc.","['0000059478', '0001722271']",0000059478,[],2022-10-31,2022-11-30,30,9,9
005-91572,1,1,0,1,False,['SC TO-T'],['third_party_tender'],third_party_tender,['E*TRADE FUTURES LLC'],E*TRADE FUTURES LLC,"['0000940911', '0001415798']",0000940911,[],2020-07-15,2020-07-15,0,0,1
005-91575,30,17,15,2,True,"['SC 14D9', 'SC 14D9/A', 'SC TO-T', 'SC TO-T/A']","['target_recommendation', 'third_party_tender']",mixed,['POINT Biopharma Global Inc.'],POINT Biopharma Global Inc.,"['0000059478', '0001811764']",0000059478,[],2023-10-13,2023-12-26,74,13,17
005-91578,15,6,4,2,True,"['SC 14D9', 'SC 14D9/A', 'SC TO-T', 'SC TO-T/A']","['target_recommendation', 'third_party_tender']",mixed,"['Pandion Therapeutics, Inc.']","Pandion Therapeutics, Inc.","['0000064978', '0001807901']",0000064978,[],2021-03-04,2021-04-01,28,9,6
005-91585,11,2,1,1,True,"['SC TO-I', 'SC TO-I/A']",['issuer_tender'],issuer_tender,['ALX ONCOLOGY HOLDINGS INC'],ALX ONCOLOGY HOLDINGS INC,['0001810182'],0001810182,['ALXO'],2024-12-02,2024-12-31,29,9,2
005-91586,19,9,7,2,True,"['SC 14D9', 'SC 14D9/A', 'SC TO-T', 'SC TO-T/A']","['target_recommendation', 'third_party_tender']",mixed,"['Inozyme Pharma, Inc.']","Inozyme Pharma, Inc.","['0001048477', '0001693011']",0001048477,['INZY'],2025-06-02,2025-07-01,29,10,9
005-91587,4,3,2,1,True,"['SC TO-I', 'SC TO-I/A']",['issuer_tender'],issuer_tender,"['MARKETWISE, INC.']","MARKETWISE, INC.",['0001805651'],0001805651,['MKTW'],2022-08-17,2022-09-15,29,1,3
005-91592,4,3,2,1,True,"['SC TO-I', 'SC TO-I/A']",['issuer_tender'],issuer_tender,"['Abacus Global Management, Inc.']","Abacus Global Management, Inc.",['0001814287'],0001814287,"['ABL', 'ABLLL', 'ABLLW']",2025-06-30,2025-07-30,30,1,3
005-91594,16,4,2,2,True,"['SC TO-I', 'SC TO-I/A']",['issuer_tender'],issuer_tender,"['Pershing Square Tontine Holdings, Ltd.']","Pershing Square Tontine Holdings, Ltd.",['0001811882'],0001811882,[],2021-07-08,2021-07-21,13,12,4
005-91596,16,5,3,2,True,"['SC 14D9', 'SC 14D9/A', 'SC TO-T', 'SC TO-T/A']","['target_recommendation', 'third_party_tender']",mixed,"['iTeos Therapeutics, Inc.']","iTeos Therapeutics, Inc.","['0001808865', '0001970065']",0001808865,['ITOS'],2025-08-01,2025-08-29,28,11,5
005-91599,21,7,5,2,True,"['SC 14D9', 'SC TO-T', 'SC TO-T/A']","['target_recommendation', 'third_party_tender']",mixed,['Vasta Platform Ltd'],Vasta Platform Ltd,"['0001792829', '0001844123']",0001792829,['VSTA'],2025-09-17,2025-12-11,85,14,7
005-91606,23,10,8,2,True,"['SC 14D9', 'SC 14D9/A', 'SC TO-T', 'SC TO-T/A']","['target_recommendation', 'third_party_tender']",mixed,"['Poseida Therapeutics, Inc.']","Poseida Therapeutics, Inc.","['0000904566', '0001661460']",0000904566,['PSTX'],2024-12-09,2025-01-08,30,13,10
005-91611,7,2,1,1,True,"['SC TO-I', 'SC TO-I/A']",['issuer_tender'],issuer_tender,['Li Auto Inc.'],Li Auto Inc.,['0001791706'],0001791706,"['LAAOF', 'LI']",2024-03-27,2024-04-30,34,5,2
005-91617,18,8,6,2,True,"['SC 14D9', 'SC 14D9/A', 'SC TO-T', 'SC TO-T/A']","['target_recommendation', 'third_party_tender']",mixed,"['Checkmate Pharmaceuticals, Inc.']","Checkmate Pharmaceuticals, Inc.","['0000872589', '0001651431']",0000872589,[],2022-05-02,2022-05-31,29,10,8
005-91622,16,4,3,1,True,"['SC TO-I', 'SC TO-I/A']",['issuer_tender'],issuer_tender,"['ATI Physical Therapy, Inc.']","ATI Physical Therapy, Inc.",['0001815849'],0001815849,"['ATIP', 'ATIPW']",2024-12-17,2025-01-16,30,12,4
005-91630,27,13,11,2,True,"['SC 14D9', 'SC 14D9/A', 'SC TO-T', 'SC TO-T/A']","['target_recommendation', 'third_party_tender']",mixed,['CureVac N.V.'],CureVac N.V.,"['0001776985', '0001809122']",0001776985,['CVAC'],2025-10-21,2025-12-18,58,14,13
005-91656,126,38,19,19,True,"['SC TO-I', 'SC TO-I/A']",['issuer_tender'],issuer_tender,"['BNY Mellon Alcentra Global Multi-Strategy Credit Fund, Inc.']","BNY Mellon Alcentra Global Multi-Strategy Credit Fund, Inc.",['0001729678'],0001729678,['XALCX'],2020-10-14,2025-05-16,1675,88,38
005-91658,79,16,13,3,True,"['SC 14D9', 'SC 14D9/A', 'SC TO-T', 'SC TO-T/A']","['target_recommendation', 'third_party_tender']",mixed,['Global Blue Group Holding AG'],Global Blue Group Holding AG,"['0001794669', '0001799983']",0001794669,"['GB', 'GB-WT', 'GBGWF']",2025-02-18,2025-07-03,135,63,16
005-91677,4,3,2,1,True,"['SC TO-I', 'SC TO-I/A']",['issuer_tender'],issuer_tender,"['Spire Global, Inc.']","Spire Global, Inc.",['0001816017'],0001816017,['SPIR'],2022-11-16,2022-12-15,29,1,3
005-91714,11,2,1,1,True,"['SC TO-I', 'SC TO-I/A']",['issuer_tender'],issuer_tender,"['PMV Pharmaceuticals, Inc.']","PMV Pharmaceuticals, Inc.",['0001699382'],0001699382,['PMVP'],2024-07-16,2024-08-14,29,9,2
005-91721,4,3,2,1,True,"['SC TO-I', 'SC TO-I/A']",['issuer_tender'],issuer_tender,['Perella Weinberg Partners'],Perella Weinberg Partners,['0001777835'],0001777835,['PWP'],2022-07-22,2022-08-19,28,1,3
005-91729,37,8,6,2,True,"['SC TO-I', 'SC TO-I/A']",['issuer_tender'],issuer_tender,"['Global Business Travel Group, Inc.']","Global Business Travel Group, Inc.",['0001820872'],0001820872,['GBTG'],2022-09-09,2023-01-30,143,29,8
005-91751,43,15,12,3,True,"['SC TO-I', 'SC TO-I/A']",['issuer_tender'],issuer_tender,"['BBX Capital, Inc.']","BBX Capital, Inc.",['0001814974'],0001814974,"['BBXIA', 'BBXIB']",2021-05-25,2023-12-27,946,28,15
005-91758,4,3,2,1,True,"['SC TO-I', 'SC TO-I/A']",['issuer_tender'],issuer_tender,['Nerdy Inc.'],Nerdy Inc.,['0001819404'],0001819404,['NRDY'],2023-08-21,2023-09-26,36,1,3
005-91770,13,2,1,1,True,"['SC TO-I', 'SC TO-I/A']",['issuer_tender'],issuer_tender,"['Aligos Therapeutics, Inc.']","Aligos Therapeutics, Inc.",['0001799448'],0001799448,['ALGS'],2024-01-30,2024-02-28,29,11,2
005-91779,24,11,8,3,True,"['SC 14D9', 'SC 14D9/A', 'SC TO-I', 'SC TO-I/A', 'SC TO-T', 'SC TO-T/A']","['issuer_tender', 'target_recommendation', 'third_party_tender']",mixed,['Paya Holdings Inc.'],Paya Holdings Inc.,"['0001765159', '0001819881']",0001765159,[],2021-08-13,2023-02-22,558,13,11
005-91799,20,4,3,1,True,"['SC TO-I', 'SC TO-I/A']",['issuer_tender'],issuer_tender,"['PLAYSTUDIOS, Inc.']","PLAYSTUDIOS, Inc.",['0001823878'],0001823878,"['MYPS', 'MYPSW']",2022-04-01,2022-05-18,47,16,4
005-91800,168,39,18,21,True,"['SC TO-I', 'SC TO-I/A']",['issuer_tender'],issuer_tender,['Keystone Private Income Fund'],Keystone Private Income Fund,['0001788420'],0001788420,[],2020-10-30,2025-10-30,1826,130,38
005-91801,218,50,31,19,True,"['SC TO-I', 'SC TO-I/A']",['issuer_tender'],issuer_tender,['Blackstone Private Credit Fund'],Blackstone Private Credit Fund,['0001803498'],0001803498,[],2021-05-03,2025-12-10,1682,168,50
005-91818,15,3,2,1,True,"['SC TO-I', 'SC TO-I/A']",['issuer_tender'],issuer_tender,['BIODESIX INC'],BIODESIX INC,['0001439725'],0001439725,['BDSX'],2023-06-23,2023-07-26,33,12,3
005-91820,14,6,5,1,True,"['SC TO-I', 'SC TO-I/A']",['issuer_tender'],issuer_tender,"['PROG Holdings, Inc.']","PROG Holdings, Inc.",['0001808834'],0001808834,['PRG'],2021-11-04,2021-12-08,34,8,6
005-91822,15,4,2,2,True,"['SC 14D9', 'SC TO-T', 'SC TO-T/A']","['target_recommendation', 'third_party_tender']",mixed,"['MediaAlpha, Inc.']","MediaAlpha, Inc.","['0000776867', '0001818383']",0000776867,['MAX'],2023-05-26,2023-06-30,35,11,4
005-91835,99,23,12,11,True,"['SC TO-I', 'SC TO-I/A']",['issuer_tender'],issuer_tender,"['CPG Cooper Square International Equity, LLC']","CPG Cooper Square International Equity, LLC",['0001818255'],0001818255,[],2021-10-08,2024-09-30,1088,76,23
005-91857,39,10,7,3,True,"['SC 14D9', 'SC 14D9/A', 'SC TO-I', 'SC TO-I/A', 'SC TO-T', 'SC TO-T/A']","['issuer_tender', 'target_recommendation', 'third_party_tender']",mixed,"['Science 37 Holdings, Inc.']","Science 37 Holdings, Inc.","['0001819113', '0002008155']",0001819113,[],2023-04-03,2024-03-12,344,29,10
005-91886,6,3,2,1,True,"['SC TO-I', 'SC TO-I/A']",['issuer_tender'],issuer_tender,"['CompoSecure, Inc.']","CompoSecure, Inc.",['0001823144'],0001823144,"['CMPO', 'CMPOW']",2024-10-09,2024-12-05,57,3,3
005-91893,20,7,5,2,True,"['SC 14D9', 'SC 14D9/A', 'SC TO-T', 'SC TO-T/A']","['target_recommendation', 'third_party_tender']",mixed,['Kinnate Biopharma Inc.'],Kinnate Biopharma Inc.,"['0000791908', '0001797768']",0000791908,[],2024-03-04,2024-04-03,30,13,7
005-91932,16,6,4,2,True,"['SC TO-I', 'SC TO-I/A']",['issuer_tender'],issuer_tender,['FOXO TECHNOLOGIES INC.'],FOXO TECHNOLOGIES INC.,['0001812360'],0001812360,"['FOXO', 'FOXOW']",2023-04-27,2023-05-30,33,10,6
005-91951,7,5,3,2,True,"['SC TO-I', 'SC TO-I/A']",['issuer_tender'],issuer_tender,"['TriSalus Life Sciences, Inc.']","TriSalus Life Sciences, Inc.",['0001826667'],0001826667,"['TLSI', 'TLSIW']",2024-05-24,2025-07-25,427,2,5
005-92011,19,8,6,2,True,"['SC 14D9', 'SC 14D9/A', 'SC TO-T', 'SC TO-T/A']","['target_recommendation', 'third_party_tender']",mixed,"['GreenLight Biosciences Holdings, PBC']","GreenLight Biosciences Holdings, PBC","['0001822691', '0001979560']",0001822691,[],2023-06-21,2023-07-20,29,11,8
005-92016,51,12,10,2,True,"['SC TO-I', 'SC TO-I/A']",['issuer_tender'],issuer_tender,['Playtika Holding Corp.'],Playtika Holding Corp.,['0001828016'],0001828016,['PLTK'],2022-08-29,2023-03-27,210,39,12
005-92039,14,6,4,2,True,"['SC 14D9', 'SC 14D9/A', 'SC TO-T', 'SC TO-T/A']","['target_recommendation', 'third_party_tender']",mixed,['PhenomeX Inc.'],PhenomeX Inc.,"['0001109354', '0001689657']",0001109354,[],2023-08-31,2023-09-29,29,8,6
005-92128,42,12,8,4,True,"['SC TO-I', 'SC TO-I/A']",['issuer_tender'],issuer_tender,['BlackRock Science & Technology Term Trust'],BlackRock Science & Technology Term Trust,['0001768666'],0001768666,['BSTZ'],2024-07-19,2025-05-22,307,30,12
005-92129,34,9,6,3,True,"['SC TO-I', 'SC TO-I/A']",['issuer_tender'],issuer_tender,['BlackRock Health Sciences Term Trust'],BlackRock Health Sciences Term Trust,['0001785971'],0001785971,['BMEZ'],2024-07-18,2025-04-22,278,25,9
005-92141,16,6,4,2,True,"['SC 14D9', 'SC 14D9/A', 'SC TO-T', 'SC TO-T/A']","['target_recommendation', 'third_party_tender']",mixed,['Lufax Holding Ltd'],Lufax Holding Ltd,"['0001816007', '0001844293']",0001816007,['LU'],2024-09-27,2024-10-28,31,10,6
005-92154,13,3,2,1,True,"['SC TO-I', 'SC TO-I/A']",['issuer_tender'],issuer_tender,"['Mondee Holdings, Inc.']","Mondee Holdings, Inc.",['0001828852'],0001828852,['MOND'],2022-09-16,2022-10-21,35,10,3
005-92162,9,2,1,1,True,"['SC TO-I', 'SC TO-I/A']",['issuer_tender'],issuer_tender,['Qualtrics International Inc.'],Qualtrics International Inc.,['0001747748'],0001747748,[],2021-08-12,2021-09-15,34,7,2
005-92163,21,8,7,1,True,"['SC TO-I', 'SC TO-I/A']",['issuer_tender'],issuer_tender,['CONX Corp.'],CONX Corp.,['0001823000'],0001823000,"['CNXX', 'CNXXW']",2024-04-01,2024-04-30,29,13,8
005-92176,16,6,4,2,True,"['SC 14D9', 'SC 14D9/A', 'SC TO-T', 'SC TO-T/A']","['target_recommendation', 'third_party_tender']",mixed,"['Kronos Bio, Inc.']","Kronos Bio, Inc.","['0001741830', '0002068065']",0001741830,['KRON'],2025-05-15,2025-06-20,36,10,6
005-92195,17,8,6,2,True,"['SC 14D9', 'SC 14D9/A', 'SC TO-T', 'SC TO-T/A']","['target_recommendation', 'third_party_tender']",mixed,"['Sigilon Therapeutics, Inc.']","Sigilon Therapeutics, Inc.","['0000059478', '0001821323']",0000059478,[],2023-07-13,2023-08-10,28,9,8
005-92234,17,4,3,1,True,"['SC TO-I', 'SC TO-I/A']",['issuer_tender'],issuer_tender,['PureTech Health plc'],PureTech Health plc,['0001782999'],0001782999,"['PRTC', 'PTCHF']",2024-05-20,2024-06-24,35,13,4
005-92259,6,1,0,1,False,['SC TO-I'],['issuer_tender'],issuer_tender,['BMC FUND INC'],BMC FUND INC,['0000351786'],0000351786,[],2021-08-11,2021-08-11,0,5,1
005-92302,17,8,6,2,True,"['SC 14D9', 'SC 14D9/A', 'SC TO-T', 'SC TO-T/A']","['target_recommendation', 'third_party_tender']",mixed,"['Decibel Therapeutics, Inc.']","Decibel Therapeutics, Inc.","['0000872589', '0001656536']",0000872589,[],2023-08-25,2023-09-25,31,9,8
005-92315,14,4,3,1,True,"['SC TO-I', 'SC TO-I/A']",['issuer_tender'],issuer_tender,['Rumble Inc.'],Rumble Inc.,['0001830081'],0001830081,"['RUM', 'RUMBW']",2025-01-03,2025-02-07,35,10,4
005-92341,3,2,1,1,True,"['SC TO-I', 'SC TO-I/A']",['issuer_tender'],issuer_tender,['biote Corp.'],biote Corp.,['0001819253'],0001819253,['BTMD'],2023-05-09,2023-06-09,31,1,2
005-92379,26,9,7,2,True,"['SC 14D9', 'SC 14D9/A', 'SC TO-T', 'SC TO-T/A']","['target_recommendation', 'third_party_tender']",mixed,"['Longboard Pharmaceuticals, Inc.']","Longboard Pharmaceuticals, Inc.","['0001206828', '0001832168']",0001206828,['LBPH'],2024-10-30,2024-11-29,30,17,9
005-92409,161,36,17,19,True,"['SC TO-I', 'SC TO-I/A']",['issuer_tender'],issuer_tender,['Hamilton Lane Private Assets Fund'],Hamilton Lane Private Assets Fund,['0001803491'],0001803491,[],2021-03-29,2025-11-04,1681,125,36
005-92414,15,2,1,1,True,"['SC TO-I', 'SC TO-I/A']",['issuer_tender'],issuer_tender,"['Grove Collaborative Holdings, Inc.']","Grove Collaborative Holdings, Inc.",['0001841761'],0001841761,"['GROV', 'GROVW']",2022-09-26,2022-10-27,31,13,2
005-92425,27,14,12,2,True,"['SC 14D9', 'SC 14D9/A', 'SC TO-T', 'SC TO-T/A']","['target_recommendation', 'third_party_tender']",mixed,['LAVA Therapeutics NV'],LAVA Therapeutics NV,"['0000791908', '0001840748']",0000791908,['LVTX'],2025-08-15,2025-11-21,98,13,14
005-92428,12,2,1,1,True,"['SC TO-I', 'SC TO-I/A']",['issuer_tender'],issuer_tender,['Cresco Labs Inc.'],Cresco Labs Inc.,['0001832928'],0001832928,['CRLBF'],2025-08-20,2025-09-18,29,10,2
005-92431,193,40,22,18,True,"['SC TO-I', 'SC TO-I/A']",['issuer_tender'],issuer_tender,"['Owl Rock Core Income Corp.', 'Blue Owl Credit Income Corp.']",Owl Rock Core Income Corp.,['0001812554'],0001812554,[],2021-08-25,2025-11-26,1554,153,40
005-92437,3,2,1,1,True,"['SC TO-I', 'SC TO-I/A']",['issuer_tender'],issuer_tender,['OPAL Fuels Inc.'],OPAL Fuels Inc.,['0001842279'],0001842279,['OPAL'],2022-11-18,2022-12-20,32,1,2
005-92444,160,36,17,19,True,"['SC TO-I', 'SC TO-I/A']",['issuer_tender'],issuer_tender,"['ASPIRIANT RISK-MANAGED REAL ASSET FUND', 'ASPIRIANT RISK-MANAGED REAL ASSETS FUND', 'Aspiriant Risk-Managed Real Assets Fund', 'Aspiriant Real Assets Fund']",ASPIRIANT RISK-MANAGED REAL ASSET FUND,['0001830921'],0001830921,[],2021-04-02,2025-10-27,1669,124,36
005-92445,160,36,17,19,True,"['SC TO-I', 'SC TO-I/A']",['issuer_tender'],issuer_tender,"['ASPIRIANT RISK-MANAGED CAPITAL APPRECIATION FUND', 'Aspiriant Risk-Managed Capital Appreciation Fund', 'Aspiriant Capital Appreciation Fund']",ASPIRIANT RISK-MANAGED CAPITAL APPRECIATION FUND,['0001830974'],0001830974,[],2021-04-02,2025-10-27,1669,125,35
005-92476,4,2,1,1,True,"['SC TO-I', 'SC TO-I/A']",['issuer_tender'],issuer_tender,"['Hagerty, Inc.']","Hagerty, Inc.",['0001840776'],0001840776,"['HGTPW', 'HGTY']",2024-06-03,2024-07-05,32,2,2
005-92481,30,10,8,2,True,"['SC 14D9', 'SC 14D9/A', 'SC TO-T', 'SC TO-T/A']","['target_recommendation', 'third_party_tender']",mixed,['VectivBio Holding AG'],VectivBio Holding AG,"['0001446847', '0001836379']",0001446847,[],2023-05-31,2023-06-29,29,20,10
005-92499,158,35,17,18,True,"['SC TO-I', 'SC TO-I/A']",['issuer_tender'],issuer_tender,['Steele Creek Capital Corp'],Steele Creek Capital Corp,['0001817825'],0001817825,[],2021-09-01,2025-12-01,1552,123,35
005-92501,23,9,6,3,True,"['SC 14D9', 'SC 14D9/A', 'SC TO-T', 'SC TO-T/A']","['target_recommendation', 'third_party_tender']",mixed,['Rain Oncology Inc.'],Rain Oncology Inc.,"['0001724979', '0001967854']",0001724979,[],2023-12-14,2024-01-26,43,14,9
005-92513,83,29,27,2,True,"['SC 14D9', 'SC 14D9/A', 'SC TO-T', 'SC TO-T/A']","['target_recommendation', 'third_party_tender']",mixed,['PETROTEQ ENERGY INC.'],PETROTEQ ENERGY INC.,"['0001561180', '0001888790']",0001561180,['PQEFF'],2021-10-25,2022-08-30,309,54,29
005-92514,147,39,20,19,True,"['SC TO-I', 'SC TO-I/A']",['issuer_tender'],issuer_tender,"['YieldStreet Prism Fund Inc.', 'Yieldstreet Alternative Income Fund Inc.']",YieldStreet Prism Fund Inc.,['0001762229'],0001762229,[],2021-05-04,2025-12-12,1683,108,39
005-92541,44,11,10,1,True,"['SC TO-I', 'SC TO-I/A']",['issuer_tender'],issuer_tender,['Sonder Holdings Inc.'],Sonder Holdings Inc.,['0001819395'],0001819395,"['SOND', 'SONDW']",2022-10-18,2022-12-02,45,33,11
005-92543,25,8,6,2,True,"['SC 14D9', 'SC 14D9/A', 'SC TO-T', 'SC TO-T/A']","['target_recommendation', 'third_party_tender']",mixed,"['Tourmaline Bio, Inc.']","Tourmaline Bio, Inc.","['0001114448', '0001827506']",0001114448,['TRML'],2025-09-29,2025-10-28,29,17,8
005-92545,20,2,0,2,False,['SC TO-I'],['issuer_tender'],issuer_tender,"['Anebulo Pharmaceuticals, Inc.']","Anebulo Pharmaceuticals, Inc.",['0001815974'],0001815974,['ANEB'],2025-12-22,2025-12-22,0,18,2
005-92565,5,4,3,1,True,"['SC TO-I', 'SC TO-I/A']",['issuer_tender'],issuer_tender,"['AlTi Global, Inc.']","AlTi Global, Inc.",['0001838615'],0001838615,['ALTI'],2023-05-05,2023-06-05,31,1,4
005-92575,15,2,1,1,True,"['SC TO-I', 'SC TO-I/A']",['issuer_tender'],issuer_tender,"['Singular Genomics Systems, Inc.']","Singular Genomics Systems, Inc.",['0001850906'],0001850906,['OMIC'],2022-07-25,2022-08-22,28,13,2
005-92605,17,8,6,2,True,"['SC 14D9', 'SC 14D9/A', 'SC TO-T', 'SC TO-T/A']","['target_recommendation', 'third_party_tender']",mixed,"['Verve Therapeutics, Inc.']","Verve Therapeutics, Inc.","['0000059478', '0001840574']",0000059478,['VERV'],2025-06-25,2025-07-24,29,9,8
005-92610,15,6,5,1,True,"['SC TO-I', 'SC TO-I/A']",['issuer_tender'],issuer_tender,['CORNER GROWTH ACQUISITION CORP. 2'],CORNER GROWTH ACQUISITION CORP. 2,['0001847513'],0001847513,[],2022-10-21,2023-01-10,81,10,5
005-92613,167,36,17,19,True,"['SC TO-I', 'SC TO-I/A']",['issuer_tender'],issuer_tender,"['BlackRock Hedge Fund Guided Portfolio Solution', 'BlackRock Alpha Strategies Fund']",BlackRock Hedge Fund Guided Portfolio Solution,['0001833936'],0001833936,[],2021-06-25,2025-12-23,1642,131,36
005-92626,16,5,4,1,True,"['SC TO-I', 'SC TO-I/A']",['issuer_tender'],issuer_tender,['Nexxen International Ltd.'],Nexxen International Ltd.,['0001849396'],0001849396,['NEXN'],2025-05-02,2025-06-06,35,12,4
005-92642,15,4,3,1,True,"['SC TO-I', 'SC TO-I/A']",['issuer_tender'],issuer_tender,['Payoneer Global Inc.'],Payoneer Global Inc.,['0001845815'],0001845815,"['PAYO', 'PAYOW']",2024-08-12,2024-09-11,30,11,4
005-92647,13,4,2,2,True,"['SC 14D9', 'SC 14D9/A', 'SC TO-T', 'SC TO-T/A']","['target_recommendation', 'third_party_tender']",mixed,"['Akili, Inc.']","Akili, Inc.","['0001850266', '0002023820']",0001850266,[],2024-06-03,2024-07-02,29,9,4
005-92657,13,4,2,2,True,"['SC 14D9', 'SC 14D9/A', 'SC TO-T', 'SC TO-T/A']","['target_recommendation', 'third_party_tender']",mixed,"['Elevation Oncology, Inc.']","Elevation Oncology, Inc.","['0001783032', '0002070890']",0001783032,['ELEV'],2025-06-23,2025-07-23,30,9,4
005-92682,31,8,4,4,True,"['SC TO-I', 'SC TO-I/A']",['issuer_tender'],issuer_tender,['Forum CRE Income Fund'],Forum CRE Income Fund,['0001857314'],0001857314,[],2021-07-16,2022-04-29,287,23,8
005-92684,24,3,2,1,True,"['SC TO-I', 'SC TO-I/A']",['issuer_tender'],issuer_tender,"['Marti Technologies, Inc.']","Marti Technologies, Inc.",['0001852767'],0001852767,['MRT'],2023-11-21,2023-12-20,29,21,3
005-92696,13,3,2,1,True,"['SC TO-I', 'SC TO-I/A']",['issuer_tender'],issuer_tender,['Zura Bio Ltd'],Zura Bio Ltd,['0001855644'],0001855644,"['ZURA', 'ZURAW']",2024-07-12,2024-08-09,28,10,3
005-92697,17,7,5,2,True,"['SC 14D9', 'SC 14D9/A', 'SC TO-T', 'SC TO-T/A']","['target_recommendation', 'third_party_tender']",mixed,"['Imago BioSciences, Inc.']","Imago BioSciences, Inc.","['0000064978', '0001623715']",0000064978,[],2022-12-12,2023-01-11,30,10,7
005-92706,75,19,10,9,True,"['SC TO-I', 'SC TO-I/A']",['issuer_tender'],issuer_tender,['Bow River Capital Evergreen Fund'],Bow River Capital Evergreen Fund,['0001810256'],0001810256,[],2021-07-23,2025-10-01,1531,56,19
005-92727,156,35,17,18,True,"['SC TO-I', 'SC TO-I/A']",['issuer_tender'],issuer_tender,"['NB Crossroads Private Markets Access Fund LLC', 'NB Private Markets Access Fund LLC']",NB Crossroads Private Markets Access Fund LLC,['0001818105'],0001818105,[],2021-07-30,2025-12-03,1587,122,34
005-92771,23,11,9,2,True,"['SC 14D9', 'SC 14D9/A', 'SC TO-T', 'SC TO-T/A']","['target_recommendation', 'third_party_tender']",mixed,"['Icosavax, Inc.']","Icosavax, Inc.","['0000901832', '0001786255']",0000901832,[],2023-12-27,2024-02-21,56,12,11
005-92790,5,4,3,1,True,"['SC TO-I', 'SC TO-I/A']",['issuer_tender'],issuer_tender,['Jet.AI Inc.'],Jet.AI Inc.,['0001861622'],0001861622,"['JTAI', 'JTAIW', 'JTAIZ']",2024-06-27,2024-10-01,96,1,4
005-92810,4,3,2,1,True,"['SC TO-I', 'SC TO-I/A']",['issuer_tender'],issuer_tender,['Otonomo Technologies Ltd.'],Otonomo Technologies Ltd.,['0001842498'],0001842498,[],2023-07-24,2023-08-23,30,1,3
005-92816,130,35,18,17,True,"['SC TO-I', 'SC TO-I/A']",['issuer_tender'],issuer_tender,['KKR Real Estate Select Trust Inc.'],KKR Real Estate Select Trust Inc.,['0001803958'],0001803958,[],2021-12-17,2025-12-10,1454,95,35
005-92835,8,4,3,1,True,"['SC TO-I', 'SC TO-I/A']",['issuer_tender'],issuer_tender,['Cazoo Group Ltd'],Cazoo Group Ltd,['0001859639'],0001859639,['CZOOF'],2023-11-03,2023-12-05,32,4,4
005-92837,150,37,23,14,True,"['SC TO-I', 'SC TO-I/A']",['issuer_tender'],issuer_tender,['Barings Private Credit Corp'],Barings Private Credit Corp,['0001859919'],0001859919,[],2022-09-01,2025-12-01,1187,113,37
005-92838,13,3,2,1,True,"['SC TO-I', 'SC TO-I/A']",['issuer_tender'],issuer_tender,"['TIGO ENERGY, INC.']","TIGO ENERGY, INC.",['0001855447'],0001855447,['TYGO'],2024-11-12,2024-12-11,29,10,3
005-92842,9,3,1,2,True,"['SC 14D9', 'SC TO-T', 'SC TO-T/A']","['target_recommendation', 'third_party_tender']",mixed,"['DoubleDown Interactive Co., Ltd.']","DoubleDown Interactive Co., Ltd.","['0001464790', '0001799567']",0001464790,['DDI'],2021-09-23,2021-10-26,33,6,3
005-92867,12,5,4,1,True,"['SC TO-I', 'SC TO-I/A']",['issuer_tender'],issuer_tender,['Pasithea Therapeutics Corp.'],Pasithea Therapeutics Corp.,['0001841330'],0001841330,"['KTTA', 'KTTAW']",2023-08-09,2023-09-14,36,7,5
005-92872,7,3,2,1,True,"['SC TO-I', 'SC TO-I/A']",['issuer_tender'],issuer_tender,"['Macquarie Infrastructure Holdings, LLC']","Macquarie Infrastructure Holdings, LLC",['0001845290'],0001845290,[],2021-09-23,2021-10-22,29,5,2
005-92879,18,8,6,2,True,"['SC 14D9', 'SC 14D9/A', 'SC TO-T', 'SC TO-T/A']","['target_recommendation', 'third_party_tender']",mixed,"['DICE Therapeutics, Inc.']","DICE Therapeutics, Inc.","['0000059478', '0001645569']",0000059478,[],2023-06-30,2023-08-09,40,10,8
005-92880,16,5,4,1,True,"['SC TO-I', 'SC TO-I/A']",['issuer_tender'],issuer_tender,['Greenidge Generation Holdings Inc.'],Greenidge Generation Holdings Inc.,['0001844971'],0001844971,"['GREE', 'GREEL']",2025-06-17,2025-07-18,31,11,5
005-92889,23,4,3,1,True,"['SC TO-I', 'SC TO-I/A']",['issuer_tender'],issuer_tender,['Zhihu Inc.'],Zhihu Inc.,['0001835724'],0001835724,['ZH'],2024-09-09,2024-10-30,51,19,4
005-92918,38,12,11,1,True,"['SC TO-I', 'SC TO-I/A']",['issuer_tender'],issuer_tender,"['dMY Technology Group, Inc. VI']","dMY Technology Group, Inc. VI",['0001858327'],0001858327,[],2022-12-30,2023-04-07,98,26,12
005-92920,29,11,10,1,True,"['SC TO-I', 'SC TO-I/A']",['issuer_tender'],issuer_tender,['Assure Holdings Corp.'],Assure Holdings Corp.,['0001798270'],0001798270,['IONM'],2024-06-21,2024-09-24,95,18,11
005-92944,20,8,6,2,True,"['SC 14D9', 'SC 14D9/A', 'SC TO-T', 'SC TO-T/A']","['target_recommendation', 'third_party_tender']",mixed,"['Theseus Pharmaceuticals, Inc.']","Theseus Pharmaceuticals, Inc.","['0001745020', '0002004484']",0001745020,[],2024-01-09,2024-02-14,36,12,8
005-92946,5,4,3,1,True,"['SC TO-I', 'SC TO-I/A']",['issuer_tender'],issuer_tender,"['indie Semiconductor, Inc.']","indie Semiconductor, Inc.",['0001841925'],0001841925,['INDI'],2023-09-22,2023-10-23,31,1,4
005-92986,3,2,1,1,True,"['SC TO-I', 'SC TO-I/A']",['issuer_tender'],issuer_tender,['Babylon Holdings Ltd'],Babylon Holdings Ltd,['0001866390'],0001866390,['BBLNF'],2022-05-20,2022-06-21,32,1,2
005-92995,18,3,2,1,True,"['SC TO-I', 'SC TO-I/A']",['issuer_tender'],issuer_tender,"['Rent the Runway, Inc.']","Rent the Runway, Inc.",['0001468327'],0001468327,['RENT'],2023-06-09,2023-07-12,33,15,3
005-93049,19,11,9,2,True,"['SC 14D9', 'SC 14D9/A', 'SC TO-T', 'SC TO-T/A']","['target_recommendation', 'third_party_tender']",mixed,"['2seventy bio, Inc.']","2seventy bio, Inc.","['0000014272', '0001860782']",0000014272,['TSVT'],2025-04-14,2025-05-13,29,8,11
005-93096,10,1,0,1,False,['SC TO-T'],['third_party_tender'],third_party_tender,"['Paloma VI Merger Sub, Inc.']","Paloma VI Merger Sub, Inc.",['0001895996'],0001895996,[],2021-11-29,2021-11-29,0,9,1
005-93136,6,2,1,1,True,"['SC TO-I', 'SC TO-I/A']",['issuer_tender'],issuer_tender,['OceanPal Inc.'],OceanPal Inc.,['0001869467'],0001869467,"['OP', 'SVRN']",2025-12-03,2025-12-11,8,4,2
005-93142,24,8,6,2,True,"['SC 14D9', 'SC 14D9/A', 'SC TO-T', 'SC TO-T/A']","['target_recommendation', 'third_party_tender']",mixed,"['PARDES BIOSCIENCES, INC.']","PARDES BIOSCIENCES, INC.","['0001822711', '0001822712']",0001822711,[],2023-07-28,2023-08-31,34,16,8
005-93228,22,10,8,2,True,"['SC 14D9', 'SC 14D9/A', 'SC TO-T', 'SC TO-T/A']","['target_recommendation', 'third_party_tender']",mixed,"['CinCor Pharma, Inc.']","CinCor Pharma, Inc.","['0000901832', '0001868734']",0000901832,[],2023-01-23,2023-02-24,32,12,10
005-93248,6,2,1,1,True,"['SC TO-T', 'SC TO-T/A']",['third_party_tender'],third_party_tender,['ITRONICS INC'],ITRONICS INC,"['0000825203', '0001870412']",0000825203,[],2022-01-19,2022-03-21,61,4,2
005-93251,11,3,2,1,True,"['SC TO-I', 'SC TO-I/A']",['issuer_tender'],issuer_tender,['Nuveen Preferred & Income 2022 Term Fund'],Nuveen Preferred & Income 2022 Term Fund,['0001679033'],0001679033,[],2022-01-20,2022-02-24,35,8,3
005-93254,6,2,1,1,True,"['SC TO-T', 'SC TO-T/A']",['third_party_tender'],third_party_tender,['NanoFlex Power Corp'],NanoFlex Power Corp,"['0001571636', '0001870412']",0001571636,[],2022-01-19,2022-03-21,61,4,2
005-93284,8,4,2,2,True,"['SC 14D9', 'SC TO-T', 'SC TO-T/A']","['target_recommendation', 'third_party_tender']",mixed,['alpha-En Corp'],alpha-En Corp,"['0001023298', '0001870412']",0001023298,[],2022-01-28,2022-03-31,62,4,4
005-93285,3,2,1,1,True,"['SC TO-I', 'SC TO-I/A']",['issuer_tender'],issuer_tender,['Vivid Seats Inc.'],Vivid Seats Inc.,['0001856031'],0001856031,"['SEAT', 'SEATW']",2022-05-26,2022-06-30,35,1,2
005-93299,5,2,1,1,True,"['SC TO-I', 'SC TO-I/A']",['issuer_tender'],issuer_tender,['REE Automotive Ltd.'],REE Automotive Ltd.,['0001843588'],0001843588,['REE'],2022-08-26,2022-09-26,31,3,2
005-93360,97,37,35,2,True,"['SC 14D9', 'SC 14D9/A', 'SC TO-T', 'SC TO-T/A']","['target_recommendation', 'third_party_tender']",mixed,['Olink Holding AB'],Olink Holding AB,"['0000097745', '0001835539']",0000097745,['publ'],2023-10-31,2024-07-17,260,60,37
005-93373,18,6,4,2,True,"['SC 14D9', 'SC 14D9/A', 'SC TO-T', 'SC TO-T/A']","['target_recommendation', 'third_party_tender']",mixed,"['Thorne Healthtech, Inc.']","Thorne Healthtech, Inc.","['0001844280', '0001992140']",0001844280,[],2023-09-14,2023-10-13,29,12,6
005-93379,28,5,3,2,True,"['SC 14D9', 'SC 14D9/A', 'SC TO-T', 'SC TO-T/A']","['target_recommendation', 'third_party_tender']",mixed,['Pathfinder Acquisition Corp'],Pathfinder Acquisition Corp,"['0001839132', '0001951230']",0001839132,['MVLA'],2022-11-10,2023-01-06,57,23,5
005-93392,23,10,8,2,True,"['SC 14D9', 'SC 14D9/A', 'SC TO-T', 'SC TO-T/A']","['target_recommendation', 'third_party_tender']",mixed,['Home Point Capital Inc.'],Home Point Capital Inc.,"['0000933136', '0001830197']",0000933136,[],2023-05-26,2023-08-01,67,13,10
005-93406,15,3,2,1,True,"['SC TO-I', 'SC TO-I/A']",['issuer_tender'],issuer_tender,"['Udemy, Inc.']","Udemy, Inc.",['0001607939'],0001607939,['UDMY'],2022-07-11,2022-08-09,29,12,3
005-93410,43,9,7,2,True,"['SC 14D9', 'SC 14D9/A', 'SC TO-T', 'SC TO-T/A']","['target_recommendation', 'third_party_tender']",mixed,"['Squarespace, Inc.']","Squarespace, Inc.","['0001496963', '0002037259']",0001496963,['SQSP'],2024-09-16,2024-10-15,29,34,9
005-93414,40,12,10,2,True,"['SC 14D9', 'SC 14D9/A', 'SC TO-T', 'SC TO-T/A']","['target_recommendation', 'third_party_tender']",mixed,['Getnet Adquirencia E Servicos Para Meios De Pagamento S.A. - Instituicao De Pagamento'],Getnet Adquirencia E Servicos Para Meios De Pagamento S.A. - Instituicao De Pagamento,"['0001867325', '0001906217']",0001867325,[],2022-10-31,2023-02-10,102,28,12
005-93461,21,9,7,2,True,"['SC 14D9', 'SC 14D9/A', 'SC TO-T', 'SC TO-T/A']","['target_recommendation', 'third_party_tender']",mixed,['Miromatrix Medical Inc.'],Miromatrix Medical Inc.,"['0001082554', '0001527096']",0001082554,[],2023-11-13,2023-12-13,30,12,9
005-93469,12,3,2,1,True,"['SC TO-I', 'SC TO-I/A']",['issuer_tender'],issuer_tender,['GDEV Inc.'],GDEV Inc.,['0001848739'],0001848739,"['GDEV', 'GDEVW']",2023-12-19,2024-01-19,31,9,3
005-93490,12,4,3,1,True,"['SC TO-I', 'SC TO-I/A']",['issuer_tender'],issuer_tender,['Algoma Steel Group Inc.'],Algoma Steel Group Inc.,['0001860805'],0001860805,"['ASTL', 'ASTLW']",2022-06-21,2022-08-02,42,8,4
005-93523,11,7,6,1,True,"['SC TO-I', 'SC TO-I/A']",['issuer_tender'],issuer_tender,['Genius Sports Ltd'],Genius Sports Ltd,['0001834489'],0001834489,['GENI'],2022-11-18,2023-01-20,63,4,7
005-93545,6,3,2,1,True,"['SC TO-I', 'SC TO-I/A']",['issuer_tender'],issuer_tender,['Super Group'],Super Group,['0001878057'],0001878057,['SGHC'],2022-11-10,2022-12-12,32,3,3
005-93585,118,31,16,15,True,"['SC TO-I', 'SC TO-I/A']",['issuer_tender'],issuer_tender,"['Conversus StepStone Private Markets', 'StepStone Private Markets']",Conversus StepStone Private Markets,['0001789470'],0001789470,[],2022-03-01,2025-12-19,1389,88,30
005-93595,21,7,5,2,True,"['SC TO-I', 'SC TO-I/A']",['issuer_tender'],issuer_tender,"['Amprius Technologies, Inc.']","Amprius Technologies, Inc.",['0001899287'],0001899287,"['AMPX', 'AMPX-WT']",2024-05-13,2024-07-24,72,14,7
005-93598,138,29,15,14,True,"['SC TO-I', 'SC TO-I/A']",['issuer_tender'],issuer_tender,['Oaktree Strategic Credit Fund'],Oaktree Strategic Credit Fund,['0001872371'],0001872371,[],2022-08-15,2025-12-23,1226,109,29
005-93602,16,4,3,1,True,"['SC TO-I', 'SC TO-I/A']",['issuer_tender'],issuer_tender,"['Direct Digital Holdings, Inc.']","Direct Digital Holdings, Inc.",['0001880613'],0001880613,['DRCT'],2023-08-29,2023-09-29,31,12,4
005-93606,58,9,1,8,True,"['SC TO-I', 'SC TO-I/A']",['issuer_tender'],issuer_tender,"['MassMutual Access Pine Point Fund', 'Barings Access Pine Point Fund', 'Barings Private Equity Opportunities & Commitments Fund']",MassMutual Access Pine Point Fund,['0001864609'],0001864609,[],2022-03-22,2024-02-13,693,49,9
005-93626,121,27,13,14,True,"['SC TO-I', 'SC TO-I/A']",['issuer_tender'],issuer_tender,['Ares Private Markets Fund'],Ares Private Markets Fund,['0001876006'],0001876006,[],2022-08-16,2025-12-02,1204,95,26
005-93638,145,29,14,15,True,"['SC TO-I', 'SC TO-I/A']",['issuer_tender'],issuer_tender,['HPS Corporate Lending Fund'],HPS Corporate Lending Fund,['0001838126'],0001838126,[],2022-05-03,2025-11-03,1280,118,27
005-93640,15,4,2,2,True,"['SC 14D9', 'SC 14D9/A', 'SC TO-T', 'SC TO-T/A']","['target_recommendation', 'third_party_tender']",mixed,"['HilleVax, Inc.']","HilleVax, Inc.","['0000791908', '0001888012']",0000791908,['HLVX'],2025-08-18,2025-09-17,30,11,4
005-93645,38,12,6,6,True,"['SC TO-I', 'SC TO-I/A']",['issuer_tender'],issuer_tender,['Stellus Private Credit BDC'],Stellus Private Credit BDC,['0001901037'],0001901037,[],2024-08-15,2025-12-30,502,27,11
005-93652,133,35,20,15,True,"['SC TO-I', 'SC TO-I/A']",['issuer_tender'],issuer_tender,['North Haven Private Income Fund LLC'],North Haven Private Income Fund LLC,['0001851322'],0001851322,['PIF'],2022-05-11,2025-11-04,1273,98,35
005-93668,17,2,1,1,True,"['SC TO-I', 'SC TO-I/A']",['issuer_tender'],issuer_tender,"['Tenon Medical, Inc.']","Tenon Medical, Inc.",['0001560293'],0001560293,"['TNON', 'TNONW']",2024-04-08,2024-05-07,29,15,2
005-93670,146,29,14,15,True,"['SC TO-I', 'SC TO-I/A']",['issuer_tender'],issuer_tender,['Apollo Debt Solutions BDC'],Apollo Debt Solutions BDC,['0001837532'],0001837532,[],2022-05-19,2025-11-14,1275,117,29
005-93677,25,13,11,2,True,"['SC 14D9', 'SC 14D9/A', 'SC TO-T', 'SC TO-T/A']","['target_recommendation', 'third_party_tender']",mixed,"['Aspen Technology, Inc.']","Aspen Technology, Inc.","['0000032604', '0001897982']",0000032604,['AZPN'],2025-02-10,2025-03-12,30,12,13
005-93688,126,28,14,14,True,"['SC TO-I', 'SC TO-I/A']",['issuer_tender'],issuer_tender,['Eagle Point Institutional Income Fund'],Eagle Point Institutional Income Fund,['0001896036'],0001896036,['EIIA'],2022-08-31,2025-11-28,1185,98,28
005-93704,16,5,3,2,True,"['SC TO-I', 'SC TO-I/A']",['issuer_tender'],issuer_tender,['Franklin BSP Capital Corp'],Franklin BSP Capital Corp,['0001825248'],0001825248,['FRBP'],2024-02-29,2025-05-13,439,11,5
005-93712,17,4,2,2,True,"['SC TO-I', 'SC TO-I/A']",['issuer_tender'],issuer_tender,['PIMCO Capital Solutions BDC Corp.'],PIMCO Capital Solutions BDC Corp.,['0001905824'],0001905824,[],2023-12-22,2025-11-18,697,13,4
005-93713,42,12,6,6,True,"['SC TO-I', 'SC TO-I/A']",['issuer_tender'],issuer_tender,"['John Hancock Asset-Based Lending Fund', 'John Hancock Marathon Asset-Based Lending Fund']",John Hancock Asset-Based Lending Fund,['0001885778'],0001885778,[],2024-08-21,2025-11-21,457,30,12
005-93740,138,28,14,14,True,"['SC TO-I', 'SC TO-I/A']",['issuer_tender'],issuer_tender,['Star Mountain Lower Middle-Market Capital Corp'],Star Mountain Lower Middle-Market Capital Corp,['0001786835'],0001786835,[],2022-08-19,2025-12-02,1201,111,27
005-93743,159,31,17,14,True,"['SC TO-I', 'SC TO-I/A']",['issuer_tender'],issuer_tender,"['Owl Rock Technology Income Corp.', 'Blue Owl Technology Income Corp.']",Owl Rock Technology Income Corp.,['0001869453'],0001869453,[],2022-08-25,2025-12-23,1216,129,30
005-93748,28,5,1,4,True,"['SC TO-I', 'SC TO-I/A']",['issuer_tender'],issuer_tender,['IDR Core Property Index Fund Ltd'],IDR Core Property Index Fund Ltd,['0001783964'],0001783964,[],2022-08-29,2023-06-01,276,23,5
005-93751,7,5,4,1,True,"['SC TO-I', 'SC TO-I/A']",['issuer_tender'],issuer_tender,['Westrock Coffee Co'],Westrock Coffee Co,['0001806347'],0001806347,"['WEST', 'WESTW']",2024-08-28,2024-09-27,30,2,5
005-93763,8,2,1,1,True,"['SC TO-I', 'SC TO-I/A']",['issuer_tender'],issuer_tender,['Zell Capital'],Zell Capital,['0001809051'],0001809051,[],2023-01-20,2023-03-03,42,6,2
005-93781,7,2,1,1,True,"['SC TO-I', 'SC TO-I/A']",['issuer_tender'],issuer_tender,['John Hancock GA Mortgage Trust'],John Hancock GA Mortgage Trust,['0001742952'],0001742952,[],2022-10-11,2022-11-18,38,5,2
005-93782,106,23,11,12,True,"['SC TO-I', 'SC TO-I/A']",['issuer_tender'],issuer_tender,"['Constitution Capital Access Fund, LLC']","Constitution Capital Access Fund, LLC",['0001918767'],0001918767,[],2023-01-03,2025-10-22,1023,83,23
005-93798,4,3,2,1,True,"['SC TO-I', 'SC TO-I/A']",['issuer_tender'],issuer_tender,['TH International Ltd'],TH International Ltd,['0001877333'],0001877333,['THCH'],2023-05-12,2023-06-12,31,1,3
005-93805,12,3,2,1,True,"['SC TO-I', 'SC TO-I/A']",['issuer_tender'],issuer_tender,['BlackRock ESG Capital Allocation Term Trust'],BlackRock ESG Capital Allocation Term Trust,['0001864843'],0001864843,['ECAT'],2024-07-22,2024-08-23,32,9,3
005-93807,4,3,2,1,True,"['SC TO-I', 'SC TO-I/A']",['issuer_tender'],issuer_tender,"['Granite Ridge Resources, Inc.']","Granite Ridge Resources, Inc.",['0001928446'],0001928446,['GRNT'],2023-05-19,2023-06-20,32,1,3
005-93810,15,5,4,1,True,"['SC TO-I', 'SC TO-I/A']",['issuer_tender'],issuer_tender,['Perfect Corp.'],Perfect Corp.,['0001899830'],0001899830,"['PERF', 'PERF-WT']",2023-11-27,2023-12-28,31,10,5
005-93827,60,13,6,7,True,"['SC TO-I', 'SC TO-I/A']",['issuer_tender'],issuer_tender,['Destiny Alternative Fund LLC'],Destiny Alternative Fund LLC,['0001824796'],0001824796,[],2022-11-22,2025-12-01,1105,47,13
005-93828,61,13,6,7,True,"['SC TO-I', 'SC TO-I/A']",['issuer_tender'],issuer_tender,['Destiny Alternative Fund'],Destiny Alternative Fund,['0001904800'],0001904800,[],2022-11-22,2025-12-01,1105,48,13
005-93831,63,25,12,13,True,"['SC TO-I', 'SC TO-I/A']",['issuer_tender'],issuer_tender,"['Fundrise Growth Tech Fund, LLC']","Fundrise Growth Tech Fund, LLC",['0001867090'],0001867090,[],2022-11-29,2025-11-26,1093,38,25
005-93845,45,16,14,2,True,"['SC 14D9', 'SC 14D9/A', 'SC TO-T', 'SC TO-T/A']","['target_recommendation', 'third_party_tender']",mixed,['MariaDB plc'],MariaDB plc,"['0001929589', '0002020235']",0001929589,['MRDB'],2024-05-24,2024-07-24,61,29,16
005-93859,100,22,11,11,True,"['SC TO-I', 'SC TO-I/A']",['issuer_tender'],issuer_tender,"['AG Twin Brook Capital Income Fund', 'TPG Twin Brook Capital Income Fund']",AG Twin Brook Capital Income Fund,['0001913724'],0001913724,[],2023-06-29,2025-11-14,869,78,22
005-93861,80,18,9,9,True,"['SC TO-I', 'SC TO-I/A']",['issuer_tender'],issuer_tender,['ARES STRATEGIC INCOME FUND'],ARES STRATEGIC INCOME FUND,['0001918712'],0001918712,[],2023-11-21,2025-12-29,769,63,17
005-93864,123,37,25,12,True,"['SC TO-I', 'SC TO-I/A']",['issuer_tender'],issuer_tender,"['Onex Falcon Direct Lending BDC Fund', 'Onex Direct Lending BDC Fund']",Onex Falcon Direct Lending BDC Fund,['0001860424'],0001860424,[],2023-01-13,2025-11-12,1034,86,37
005-93878,104,23,11,12,True,"['SC TO-I', 'SC TO-I/A']",['issuer_tender'],issuer_tender,['Fairway Private Equity & Venture Capital Opportunities Fund'],Fairway Private Equity & Venture Capital Opportunities Fund,['0001877967'],0001877967,[],2023-01-30,2025-10-30,1004,81,23
005-93895,109,24,12,12,True,"['SC TO-I', 'SC TO-I/A']",['issuer_tender'],issuer_tender,"['MVP Private Markets Fund', 'FS MVP Private Markets Fund']",MVP Private Markets Fund,['0001856156'],0001856156,[],2023-02-03,2025-11-03,1004,85,24
005-93917,13,3,2,1,True,"['SC TO-I', 'SC TO-I/A']",['issuer_tender'],issuer_tender,['BlackRock Capital Allocation Term Trust'],BlackRock Capital Allocation Term Trust,['0001809541'],0001809541,['BCAT'],2024-07-17,2024-08-20,34,10,3
005-93922,33,13,9,4,True,"['SC 14D9', 'SC 14D9/A', 'SC TO-I', 'SC TO-I/A', 'SC TO-T', 'SC TO-T/A']","['issuer_tender', 'target_recommendation', 'third_party_tender']",mixed,['Allego N.V.'],Allego N.V.,"['0001874474', '0001961962']",0001874474,"['ALLG', 'ALLGF']",2023-08-25,2024-08-01,342,20,13
005-93961,100,20,10,10,True,"['SC TO-I', 'SC TO-I/A']",['issuer_tender'],issuer_tender,['Nuveen Churchill Private Capital Income Fund'],Nuveen Churchill Private Capital Income Fund,['0001911066'],0001911066,[],2023-08-31,2025-11-28,820,80,20
005-94006,14,3,2,1,True,"['SC TO-I', 'SC TO-I/A']",['issuer_tender'],issuer_tender,['Hammerhead Energy Inc.'],Hammerhead Energy Inc.,['0001946425'],0001946425,[],2023-04-28,2023-06-05,38,11,3
005-94016,33,9,6,3,True,"['SC TO-I', 'SC TO-I/A']",['issuer_tender'],issuer_tender,"['BlackRock Innovation & Growth Term Trust', 'BlackRock Technology & Private Equity Term Trust']",BlackRock Innovation & Growth Term Trust,['0001836057'],0001836057,"['BIGZ', 'BTX']",2024-07-22,2025-07-10,353,24,9
005-94017,12,3,2,1,True,"['SC TO-I', 'SC TO-I/A']",['issuer_tender'],issuer_tender,['illumin Holdings Inc.'],illumin Holdings Inc.,['0001861233'],0001861233,['ILLMF'],2023-07-27,2023-08-31,35,9,3
005-94022,98,21,10,11,True,"['SC TO-I', 'SC TO-I/A']",['issuer_tender'],issuer_tender,['BlackRock Private Investments Fund'],BlackRock Private Investments Fund,['0001816389'],0001816389,[],2023-03-22,2025-12-16,1000,77,21
005-94024,95,21,10,11,True,"['SC TO-I', 'SC TO-I/A']",['issuer_tender'],issuer_tender,['Fidelity Private Credit Fund'],Fidelity Private Credit Fund,['0001920453'],0001920453,[],2023-05-03,2025-10-31,912,74,21
005-94037,101,20,9,11,True,"['SC TO-I', 'SC TO-I/A']",['issuer_tender'],issuer_tender,['Kennedy Lewis Capital Co'],Kennedy Lewis Capital Co,['0001911321'],0001911321,[],2023-04-06,2025-12-01,970,81,20
005-94046,48,12,6,6,True,"['SC TO-I', 'SC TO-I/A']",['issuer_tender'],issuer_tender,"['SKK Access Income Fund', 'EMERY PARTNERS INCOME CREDIT STRATEGIES FUND']",SKK Access Income Fund,['0001830926'],0001830926,[],2023-04-25,2025-09-19,878,36,12
005-94048,10,2,1,1,True,"['SC TO-I', 'SC TO-I/A']",['issuer_tender'],issuer_tender,['TORO CORP.'],TORO CORP.,['0001941131'],0001941131,['TORO'],2025-07-10,2025-08-11,32,8,2
005-94050,113,24,13,11,True,"['SC TO-I', 'SC TO-I/A']",['issuer_tender'],issuer_tender,['BlackRock Private Credit Fund'],BlackRock Private Credit Fund,['0001902649'],0001902649,[],2023-04-28,2025-11-04,921,89,24
005-94053,36,9,5,4,True,"['SC TO-I', 'SC TO-I/A']",['issuer_tender'],issuer_tender,"['Delaware Wilshire Private Markets Master Fund', 'Wilshire Private Assets Master Fund']",Delaware Wilshire Private Markets Master Fund,['0001807333'],0001807333,[],2023-05-01,2024-11-26,575,27,9
005-94054,28,7,4,3,True,"['SC TO-I', 'SC TO-I/A']",['issuer_tender'],issuer_tender,"['Delaware Wilshire Private Markets Tender Fund', 'Wilshire Private Assets Tender Fund']",Delaware Wilshire Private Markets Tender Fund,['0001807272'],0001807272,[],2023-05-01,2024-06-05,401,21,7
005-94072,45,15,7,8,True,"['SC 14D9', 'SC 14D9/A', 'SC TO-T', 'SC TO-T/A']","['target_recommendation', 'third_party_tender']",mixed,"['Moody National REIT II, Inc.']","Moody National REIT II, Inc.","['0001615222', '0001726993']",0001615222,[],2023-06-12,2024-06-25,379,30,15
005-94079,55,14,8,6,True,"['SC TO-I', 'SC TO-I/A']",['issuer_tender'],issuer_tender,['KKR FS Income Trust'],KKR FS Income Trust,['0001930679'],0001930679,[],2024-09-03,2025-12-01,454,42,13
005-94087,35,10,5,5,True,"['SC TO-I', 'SC TO-I/A']",['issuer_tender'],issuer_tender,['KKR Asset-Based Income Fund'],KKR Asset-Based Income Fund,['0001966776'],0001966776,[],2024-05-30,2025-07-02,398,25,10
005-94110,34,7,3,4,True,"['SC TO-I', 'SC TO-I/A']",['issuer_tender'],issuer_tender,['Fidelity Private Credit Co LLC'],Fidelity Private Credit Co LLC,['0001899996'],0001899996,[],2024-08-28,2025-11-26,455,27,7
005-94116,62,15,7,8,True,"['SC TO-I', 'SC TO-I/A']",['issuer_tender'],issuer_tender,"['PGIM Private Real Estate Fund, Inc.']","PGIM Private Real Estate Fund, Inc.",['0001875084'],0001875084,[],2024-03-13,2025-12-29,656,47,15
005-94119,61,15,7,8,True,"['SC TO-I', 'SC TO-I/A']",['issuer_tender'],issuer_tender,['PGIM Private Credit Fund'],PGIM Private Credit Fund,['0001923622'],0001923622,['PGIM'],2024-03-28,2025-12-29,641,46,15
005-94121,49,10,5,5,True,"['SC TO-I', 'SC TO-I/A']",['issuer_tender'],issuer_tender,['First Eagle Private Credit Fund'],First Eagle Private Credit Fund,['0001890107'],0001890107,[],2024-10-31,2025-12-08,403,39,10
005-94123,14,6,4,2,True,"['SC 14D9', 'SC 14D9/A', 'SC TO-T', 'SC TO-T/A']","['target_recommendation', 'third_party_tender']",mixed,['Turnstone Biologics Corp.'],Turnstone Biologics Corp.,"['0000791908', '0001764974']",0000791908,['TSBX'],2025-07-11,2025-08-11,31,8,6
005-94124,66,13,5,8,True,"['SC TO-I', 'SC TO-I/A']",['issuer_tender'],issuer_tender,['JPMorgan Private Markets Fund'],JPMorgan Private Markets Fund,['0001940499'],0001940499,[],2024-02-12,2025-11-17,644,53,13
005-94128,79,19,9,10,True,"['SC TO-I', 'SC TO-I/A']",['issuer_tender'],issuer_tender,['Goldman Sachs Private Credit Corp.'],Goldman Sachs Private Credit Corp.,['0001920145'],0001920145,[],2023-08-03,2025-12-02,852,60,19
005-94150,14,3,2,1,True,"['SC TO-I', 'SC TO-I/A']",['issuer_tender'],issuer_tender,['Blue Owl Real Estate Net Lease Trust'],Blue Owl Real Estate Net Lease Trust,['0001944366'],0001944366,[],2023-08-29,2023-10-05,37,11,3
005-94159,19,8,6,2,True,"['SC 14D9', 'SC 14D9/A', 'SC TO-T', 'SC TO-T/A']","['target_recommendation', 'third_party_tender']",mixed,"['RayzeBio, Inc.']","RayzeBio, Inc.","['0000014272', '0001825367']",0000014272,[],2024-01-25,2024-02-23,29,11,8
005-94179,33,7,3,4,True,"['SC TO-I', 'SC TO-I/A']",['issuer_tender'],issuer_tender,['VISTA CREDIT STRATEGIC LENDING CORP.'],VISTA CREDIT STRATEGIC LENDING CORP.,['0001919369'],0001919369,[],2025-03-24,2025-12-23,274,26,7
005-94183,23,7,5,2,True,"['SC 14D9', 'SC TO-T', 'SC TO-T/A']","['target_recommendation', 'third_party_tender']",mixed,['Almacenes Exito S.A.'],Almacenes Exito S.A.,"['0001957146', '0001997390']",0001957146,['EXTO'],2023-12-18,2024-02-02,46,16,7
005-94193,50,18,12,6,True,"['SC 14D9', 'SC 14D9/A', 'SC TO-I', 'SC TO-I/A', 'SC TO-T', 'SC TO-T/A']","['issuer_tender', 'target_recommendation', 'third_party_tender']",mixed,"['Lightstone Value Plus REIT II, Inc.']","Lightstone Value Plus REIT II, Inc.","['0001436975', '0001997952']",0001436975,[],2023-11-07,2024-06-25,231,33,17
005-94201,79,20,11,9,True,"['SC TO-I', 'SC TO-I/A']",['issuer_tender'],issuer_tender,['Stepstone Private Credit Fund LLC'],Stepstone Private Credit Fund LLC,['0001950803'],0001950803,[],2023-11-01,2025-11-03,733,59,20
005-94202,72,19,10,9,True,"['SC TO-I', 'SC TO-I/A']",['issuer_tender'],issuer_tender,['North Haven Private Income Fund A LLC'],North Haven Private Income Fund A LLC,['0001973476'],0001973476,[],2023-11-01,2025-11-04,734,53,19
005-94225,17,6,4,2,True,"['SC 14D9', 'SC 14D9/A', 'SC TO-T', 'SC TO-T/A']","['target_recommendation', 'third_party_tender']",mixed,"['CARGO Therapeutics, Inc.']","CARGO Therapeutics, Inc.","['0001966494', '0001970065']",0001966494,['CRGX'],2025-07-21,2025-08-19,29,11,6
005-94234,44,10,5,5,True,"['SC TO-I', 'SC TO-I/A']",['issuer_tender'],issuer_tender,['AOG Institutional Fund'],AOG Institutional Fund,['0001897540'],0001897540,[],2023-11-24,2025-10-10,686,35,9
005-94236,23,4,1,3,True,"['SC TO-I', 'SC TO-I/A']",['issuer_tender'],issuer_tender,['ALTI PRIVATE EQUITY ACCESS & COMMITMENTS FUND'],ALTI PRIVATE EQUITY ACCESS & COMMITMENTS FUND,['0001759455'],0001759455,[],2023-11-27,2024-08-09,256,19,4
005-94239,71,17,8,9,True,"['SC TO-I', 'SC TO-I/A']",['issuer_tender'],issuer_tender,"['Oxford Park Income Fund, Inc.']","Oxford Park Income Fund, Inc.",['0001959353'],0001959353,[],2023-11-30,2025-12-02,733,54,17
005-94247,80,16,8,8,True,"['SC TO-I', 'SC TO-I/A']",['issuer_tender'],issuer_tender,['Bain Capital Private Credit'],Bain Capital Private Credit,['0001899017'],0001899017,[],2024-02-01,2025-11-13,651,64,16
005-94250,12,3,1,2,True,"['SC TO-I', 'SC TO-I/A']",['issuer_tender'],issuer_tender,['Manulife Private Credit Plus Fund'],Manulife Private Credit Plus Fund,['0001988855'],0001988855,[],2025-08-21,2025-11-21,92,9,3
005-94255,44,10,5,5,True,"['SC TO-I', 'SC TO-I/A']",['issuer_tender'],issuer_tender,['Jefferies Credit Partners BDC Inc.'],Jefferies Credit Partners BDC Inc.,['0001959604'],0001959604,[],2024-10-01,2025-11-04,399,34,10
005-94264,87,18,9,9,True,"['SC TO-I', 'SC TO-I/A']",['issuer_tender'],issuer_tender,['Golub Capital Private Credit Fund'],Golub Capital Private Credit Fund,['0001930087'],0001930087,[],2023-12-29,2025-12-19,721,69,18
005-94274,28,10,4,6,True,"['SC 14D9', 'SC TO-T', 'SC TO-T/A']","['target_recommendation', 'third_party_tender']",mixed,"['NorthStar Healthcare Income, Inc.']","NorthStar Healthcare Income, Inc.","['0001503707', '0001726993']",0001503707,['NHHS'],2024-01-08,2024-12-13,340,18,10
005-94280,15,5,4,1,True,"['SC TO-I', 'SC TO-I/A']",['issuer_tender'],issuer_tender,['Osprey Bitcoin Trust'],Osprey Bitcoin Trust,['0001767057'],0001767057,['OBTC'],2024-01-11,2024-02-07,27,10,5
005-94282,54,13,5,8,True,"['SC TO-I', 'SC TO-I/A']",['issuer_tender'],issuer_tender,['StepStone Private Venture & Growth Fund'],StepStone Private Venture & Growth Fund,['0001918642'],0001918642,[],2024-01-16,2025-10-23,646,41,13
005-94305,76,16,8,8,True,"['SC TO-I', 'SC TO-I/A']",['issuer_tender'],issuer_tender,['Carlyle AlpInvest Private Markets Fund'],Carlyle AlpInvest Private Markets Fund,['0001899610'],0001899610,[],2024-01-26,2025-10-31,644,60,16
005-94317,28,7,4,3,True,"['SC TO-I', 'SC TO-I/A']",['issuer_tender'],issuer_tender,"['Delaware Wilshire Private Markets Fund', 'Wilshire Private Assets Fund']",Delaware Wilshire Private Markets Fund,['0001807334'],0001807334,[],2024-01-31,2024-11-26,300,21,7
005-94323,78,15,7,8,True,"['SC TO-I', 'SC TO-I/A']",['issuer_tender'],issuer_tender,['T. Rowe Price OHA Select Private Credit Fund'],T. Rowe Price OHA Select Private Credit Fund,['0001901164'],0001901164,[],2024-02-02,2025-11-07,644,63,15
005-94334,8,2,1,1,True,"['SC TO-I', 'SC TO-I/A']",['issuer_tender'],issuer_tender,['Diversified Energy Co PLC'],Diversified Energy Co PLC,['0001922446'],0001922446,['DEC'],2024-02-26,2024-03-19,22,6,2
005-94408,13,3,2,1,True,"['SC TO-I', 'SC TO-I/A']",['issuer_tender'],issuer_tender,['Elevai Labs Inc.'],Elevai Labs Inc.,['0001840563'],0001840563,['ELAB'],2024-10-04,2024-11-22,49,10,3
005-94422,58,16,10,6,True,"['SC TO-I', 'SC TO-I/A']",['issuer_tender'],issuer_tender,['KKR FS Income Trust Select'],KKR FS Income Trust Select,['0001975736'],0001975736,[],2024-09-03,2025-12-01,454,42,16
005-94434,45,10,5,5,True,"['SC TO-I', 'SC TO-I/A']",['issuer_tender'],issuer_tender,['Crescent Private Credit Income Corp'],Crescent Private Credit Income Corp,['0001954360'],0001954360,[],2024-11-22,2025-12-29,402,35,10
005-94451,73,15,7,8,True,"['SC TO-I', 'SC TO-I/A']",['issuer_tender'],issuer_tender,['Felicitas Private Markets Fund'],Felicitas Private Markets Fund,['0001957121'],0001957121,[],2024-02-16,2025-11-21,644,59,14
005-94459,69,15,7,8,True,"['SC TO-I', 'SC TO-I/A']",['issuer_tender'],issuer_tender,['Brookfield Infrastructure Income Fund Inc.'],Brookfield Infrastructure Income Fund Inc.,['0001955857'],0001955857,[],2024-02-23,2025-11-25,641,54,15
005-94462,63,12,4,8,True,"['SC TO-I', 'SC TO-I/A']",['issuer_tender'],issuer_tender,['First Trust Private Assets Fund'],First Trust Private Assets Fund,['0001912938'],0001912938,[],2024-02-27,2025-12-31,673,51,12
005-94467,63,15,7,8,True,"['SC TO-I', 'SC TO-I/A']",['issuer_tender'],issuer_tender,['LGAM Private Credit LLC'],LGAM Private Credit LLC,['0001983514'],0001983514,[],2024-02-29,2025-12-02,642,48,15
005-94484,60,12,6,6,True,"['SC TO-I', 'SC TO-I/A']",['issuer_tender'],issuer_tender,['Blackstone Private Equity Strategies Fund L.P.'],Blackstone Private Equity Strategies Fund L.P.,['0001930054'],0001930054,[],2024-04-01,2025-10-24,571,48,12
005-94503,28,4,0,4,False,['SC TO-I'],['issuer_tender'],issuer_tender,['Coller Secondaries Private Equity Opportunities Fund'],Coller Secondaries Private Equity Opportunities Fund,['0001969180'],0001969180,[],2025-02-14,2025-11-14,273,24,4
005-94525,23,7,6,1,True,"['SC TO-I', 'SC TO-I/A']",['issuer_tender'],issuer_tender,"['Sila Realty Trust, Inc.']","Sila Realty Trust, Inc.",['0001567925'],0001567925,['SILA'],2024-06-13,2024-07-24,41,16,7
005-94568,52,11,5,6,True,"['SC TO-I', 'SC TO-I/A']",['issuer_tender'],issuer_tender,['Hartford Schroders Private Opportunities Fund'],Hartford Schroders Private Opportunities Fund,['0001903070'],0001903070,[],2024-07-29,2025-10-27,455,41,11
005-94572,57,11,5,6,True,"['SC TO-I', 'SC TO-I/A']",['issuer_tender'],issuer_tender,['HPS Corporate Capital Solutions Fund'],HPS Corporate Capital Solutions Fund,['0001989817'],0001989817,[],2024-08-01,2025-11-03,459,47,10
005-94596,11,1,0,1,False,['SC TO-T'],['third_party_tender'],third_party_tender,['Pharmacosmos A/S'],Pharmacosmos A/S,['0002032940'],0002032940,[],2024-08-20,2024-08-20,0,10,1
005-94609,38,8,3,5,True,"['SC TO-I', 'SC TO-I/A']",['issuer_tender'],issuer_tender,['AB Private Lending Fund'],AB Private Lending Fund,['0001982701'],0001982701,[],2024-12-27,2025-12-29,367,30,8
005-94632,25,10,5,5,True,"['SC TO-I', 'SC TO-I/A']",['issuer_tender'],issuer_tender,['Dynamic Alternatives Fund'],Dynamic Alternatives Fund,['0001854919'],0001854919,[],2024-09-27,2025-12-02,431,15,10
005-94654,17,3,1,2,True,"['SC TO-I', 'SC TO-I/A']",['issuer_tender'],issuer_tender,['Apollo S3 Private Markets Fund'],Apollo S3 Private Markets Fund,['0001978024'],0001978024,[],2025-08-15,2025-11-14,91,14,3
005-94676,16,3,1,2,True,"['SC TO-I', 'SC TO-I/A']",['issuer_tender'],issuer_tender,['Franklin Lexington Private Markets Fund'],Franklin Lexington Private Markets Fund,['0002008602'],0002008602,[],2025-08-15,2025-11-19,96,13,3
005-94773,9,2,1,1,True,"['SC TO-I', 'SC TO-I/A']",['issuer_tender'],issuer_tender,"['TechTarget, Inc.']","TechTarget, Inc.",['0002018064'],0002018064,['TTGT'],2024-12-20,2025-01-24,35,7,2
005-94785,38,7,3,4,True,"['SC TO-I', 'SC TO-I/A']",['issuer_tender'],issuer_tender,['New Mountain Private Credit Fund'],New Mountain Private Credit Fund,['0002037804'],0002037804,[],2025-02-05,2025-11-03,271,31,7
005-94810,28,4,0,4,False,['SC TO-I'],['issuer_tender'],issuer_tender,"['PARTNERS GROUP NEXT GENERATION INFRASTRUCTURE, LLC']","PARTNERS GROUP NEXT GENERATION INFRASTRUCTURE, LLC",['0001989393'],0001989393,[],2025-01-27,2025-10-29,275,24,4
005-94811,30,4,0,4,False,['SC TO-I'],['issuer_tender'],issuer_tender,"['Partners Group Growth, LLC']","Partners Group Growth, LLC",['0001991706'],0001991706,[],2025-01-27,2025-10-29,275,26,4
005-94824,27,6,3,3,True,"['SC TO-I', 'SC TO-I/A']",['issuer_tender'],issuer_tender,['CAZ Strategic Opportunities Fund'],CAZ Strategic Opportunities Fund,['0001984165'],0001984165,[],2025-01-30,2025-11-20,294,21,6
005-94825,36,8,4,4,True,"['SC TO-I', 'SC TO-I/A']",['issuer_tender'],issuer_tender,['Variant Alternative Lending Fund'],Variant Alternative Lending Fund,['0002022674'],0002022674,[],2025-01-30,2025-12-09,313,28,8
005-94828,36,8,4,4,True,"['SC TO-I', 'SC TO-I/A']",['issuer_tender'],issuer_tender,"['AMG Comvest Senior Lending Fund', 'John Hancock Comvest Private Income Fund']",AMG Comvest Senior Lending Fund,['0001987221'],0001987221,[],2025-01-31,2025-12-03,306,28,8
005-94843,7,1,0,1,False,['SC TO-I'],['issuer_tender'],issuer_tender,['SL Investment Fund II LLC'],SL Investment Fund II LLC,['0002028686'],0002028686,[],2025-12-31,2025-12-31,0,6,1
005-94849,18,4,2,2,True,"['SC TO-I', 'SC TO-I/A']",['issuer_tender'],issuer_tender,['Ares Core Infrastructure Fund'],Ares Core Infrastructure Fund,['0002031750'],0002031750,[],2025-08-21,2025-12-29,130,14,4
005-94860,38,7,3,4,True,"['SC TO-I', 'SC TO-I/A']",['issuer_tender'],issuer_tender,['Antares Private Credit Fund'],Antares Private Credit Fund,['0001976336'],0001976336,[],2025-02-14,2025-11-24,283,31,7
005-94863,16,4,2,2,True,"['SC TO-I', 'SC TO-I/A']",['issuer_tender'],issuer_tender,['Lord Abbett Private Credit Fund'],Lord Abbett Private Credit Fund,['0002008748'],0002008748,[],2025-08-01,2025-12-02,123,12,4
005-94926,23,4,2,2,True,"['SC TO-I', 'SC TO-I/A']",['issuer_tender'],issuer_tender,['83 Investment Group Income Fund'],83 Investment Group Income Fund,['0002036029'],0002036029,[],2025-03-14,2025-09-15,185,19,4
005-94970,23,4,1,3,True,"['SC TO-I', 'SC TO-I/A']",['issuer_tender'],issuer_tender,['Hamilton Lane Private Infrastructure Fund'],Hamilton Lane Private Infrastructure Fund,['0002020510'],0002020510,[],2025-05-12,2025-11-04,176,19,4
005-94977,21,3,0,3,False,['SC TO-I'],['issuer_tender'],issuer_tender,['Privacore PCAAM Alternative Growth Fund'],Privacore PCAAM Alternative Growth Fund,['0002017577'],0002017577,[],2025-04-30,2025-10-29,182,18,3
005-95016,7,1,0,1,False,['SC TO-I'],['issuer_tender'],issuer_tender,['HarbourVest Private Investments Fund'],HarbourVest Private Investments Fund,['0002020407'],0002020407,[],2025-11-21,2025-11-21,0,6,1
005-95032,9,2,1,1,True,"['SC TO-I', 'SC TO-I/A']",['issuer_tender'],issuer_tender,['North Haven Private Assets Fund'],North Haven Private Assets Fund,['0002029010'],0002029010,[],2025-06-02,2025-07-11,39,7,2
005-95033,16,3,1,2,True,"['SC TO-I', 'SC TO-I/A']",['issuer_tender'],issuer_tender,['ADAMS STREET PRIVATE EQUITY NAVIGATOR FUND LLC'],ADAMS STREET PRIVATE EQUITY NAVIGATOR FUND LLC,['0001862281'],0001862281,[],2025-08-20,2025-11-14,86,13,3
005-95034,17,3,1,2,True,"['SC TO-I', 'SC TO-I/A']",['issuer_tender'],issuer_tender,['Antares Strategic Credit Fund'],Antares Strategic Credit Fund,['0001993402'],0001993402,[],2025-05-16,2025-11-24,192,14,3
005-95036,16,3,1,2,True,"['SC TO-I', 'SC TO-I/A']",['issuer_tender'],issuer_tender,['First Trust Enhanced Private Credit Fund'],First Trust Enhanced Private Credit Fund,['0002021979'],0002021979,[],2025-05-16,2025-12-29,227,13,3
005-95068,7,2,1,1,True,"['SC TO-I', 'SC TO-I/A']",['issuer_tender'],issuer_tender,['Galaxy Digital Inc.'],Galaxy Digital Inc.,['0001859392'],0001859392,['GLXY'],2025-08-19,2025-09-17,29,5,2
005-95070,9,2,1,1,True,"['SC TO-I', 'SC TO-I/A']",['issuer_tender'],issuer_tender,['FT Vest Hedged Equity Income Fund: Series B1'],FT Vest Hedged Equity Income Fund: Series B1,['0002052961'],0002052961,[],2025-06-06,2025-09-25,111,7,2
005-95083,9,2,1,1,True,"['SC TO-I', 'SC TO-I/A']",['issuer_tender'],issuer_tender,['FT Vest Hedged Equity Income Fund: Series A2'],FT Vest Hedged Equity Income Fund: Series A2,['0002013732'],0002013732,[],2025-06-24,2025-10-03,101,7,2
005-95093,9,2,1,1,True,"['SC TO-I', 'SC TO-I/A']",['issuer_tender'],issuer_tender,['FT Vest Total Return Income Fund: Series A2'],FT Vest Total Return Income Fund: Series A2,['0002021966'],0002021966,[],2025-07-01,2025-10-07,98,7,2
005-95095,13,3,1,2,True,"['SC TO-I', 'SC TO-I/A']",['issuer_tender'],issuer_tender,['SEG Partners Long/Short Equity Fund'],SEG Partners Long/Short Equity Fund,['0002044490'],0002044490,[],2025-07-01,2025-10-14,105,10,3
005-95141,15,3,2,1,True,"['SC TO-I', 'SC TO-I/A']",['issuer_tender'],issuer_tender,['Stonepeak-Plus Infrastructure Fund LP'],Stonepeak-Plus Infrastructure Fund LP,['0002045458'],0002045458,[],2025-08-04,2025-09-29,56,12,3
005-95186,8,2,1,1,True,"['SC TO-I', 'SC TO-I/A']",['issuer_tender'],issuer_tender,['Lord Abbett Private Credit Fund S'],Lord Abbett Private Credit Fund S,['0002041841'],0002041841,[],2025-10-29,2025-12-02,34,6,2
005-95230,9,2,1,1,True,"['SC TO-I', 'SC TO-I/A']",['issuer_tender'],issuer_tender,['FT Vest Total Return Income Fund: Series A3'],FT Vest Total Return Income Fund: Series A3,['0002031546'],0002031546,[],2025-09-16,2025-12-04,79,7,2
005-95231,9,2,1,1,True,"['SC TO-I', 'SC TO-I/A']",['issuer_tender'],issuer_tender,['FT Vest Hedged Equity Income Fund: Series A3'],FT Vest Hedged Equity Income Fund: Series A3,['0002025933'],0002025933,[],2025-09-16,2025-11-14,59,7,2
005-95278,9,2,1,1,True,"['SC TO-I', 'SC TO-I/A']",['issuer_tender'],issuer_tender,['FT Vest Rising Dividend Achievers Total Return Fund'],FT Vest Rising Dividend Achievers Total Return Fund,['0002036648'],0002036648,[],2025-10-21,2025-12-31,71,7,2
005-95297,7,1,0,1,False,['SC TO-I'],['issuer_tender'],issuer_tender,['Hamilton Lane Private Secondary Fund'],Hamilton Lane Private Secondary Fund,['0002041398'],0002041398,[],2025-11-04,2025-11-04,0,6,1
005-95349,7,1,0,1,False,['SC TO-I'],['issuer_tender'],issuer_tender,"['iDirect Multi-Strategy Fund, LLC']","iDirect Multi-Strategy Fund, LLC",['0002023773'],0002023773,[],2025-11-14,2025-11-14,0,6,1
005-95350,7,1,0,1,False,['SC TO-I'],['issuer_tender'],issuer_tender,['Private Debt & Income Fund'],Private Debt & Income Fund,['0002043597'],0002043597,[],2025-11-14,2025-11-14,0,6,1
005-95357,10,3,2,1,True,"['SC TO-I', 'SC TO-I/A']",['issuer_tender'],issuer_tender,['SCE Trust V'],SCE Trust V,"['0000092103', '0001627426']",0000092103,[],2025-11-20,2025-12-22,32,7,3
005-95392,7,1,0,1,False,['SC TO-I'],['issuer_tender'],issuer_tender,['FT Vest Hedged Equity Income Fund: Series A4'],FT Vest Hedged Equity Income Fund: Series A4,['0002025934'],0002025934,[],2025-12-19,2025-12-19,0,6,1
005-95393,7,1,0,1,False,['SC TO-I'],['issuer_tender'],issuer_tender,['FT Vest Total Return Income Fund: Series A4'],FT Vest Total Return Income Fund: Series A4,['0002031545'],0002031545,[],2025-12-19,2025-12-19,0,6,1
005-95394,7,1,0,1,False,['SC TO-I'],['issuer_tender'],issuer_tender,"['Crestline Lending Solutions, LLC']","Crestline Lending Solutions, LLC",['0002035713'],0002035713,[],2025-12-19,2025-12-19,0,6,1
005-95405,10,1,0,1,False,['SC TO-I'],['issuer_tender'],issuer_tender,['Mount Logan Capital Inc.'],Mount Logan Capital Inc.,['0002051820'],0002051820,['MLCI'],2025-12-29,2025-12-29,0,9,1
