event_id,n_documents,n_filings,n_amendment_filings,n_initial_filings,has_amendment,forms,form_families,primary_form_family,entity_names,primary_entity,ciks,primary_cik,tickers,first_file_date,last_file_date,event_span_days,n_exhibits,n_primary_docs,forms_list,has_to_t,has_to_i,has_14d9,has_file_num,mvp_event_type_provisional,in_mvp_core,in_mvp_preferred,in_mvp_stretch,amendment_eval_band
005-02933,23,10,8,2,True,['SC 14D9' 'SC 14D9/A' 'SC TO-T' 'SC TO-T/A'],['target_recommendation' 'third_party_tender'],mixed,"['VOLT INFORMATION SCIENCES, INC.']","VOLT INFORMATION SCIENCES, INC.",['0000103872' '0001918612'],0000103872,[],2022-03-25,2022-04-25,31,13,10,"['SC 14D9', 'SC 14D9/A', 'SC TO-T', 'SC TO-T/A']",True,False,True,True,tender_offer,True,True,False,complex
005-06295,21,9,7,2,True,['SC 14D9' 'SC 14D9/A' 'SC TO-T' 'SC TO-T/A'],['target_recommendation' 'third_party_tender'],mixed,['VECTOR GROUP LTD'],VECTOR GROUP LTD,['0000059440' '0002032607'],0000059440,['VGR'],2024-09-04,2024-10-07,33,12,9,"['SC 14D9', 'SC 14D9/A', 'SC TO-T', 'SC TO-T/A']",True,False,True,True,tender_offer,True,True,False,complex
005-09319,25,11,8,3,True,['SC 13E3' 'SC 13E3/A' 'SC 14D9' 'SC 14D9/A' 'SC TO-T' 'SC TO-T/A'],['going_private' 'target_recommendation' 'third_party_tender'],mixed,['AVX Corp'],AVX Corp,['0000057083' '0000859163'],0000057083,[],2020-03-02,2020-03-30,28,14,11,"['SC 13E3', 'SC 13E3/A', 'SC 14D9', 'SC 14D9/A', 'SC TO-T', 'SC TO-T/A']",True,False,True,True,tender_offer,True,True,False,complex
005-09915,28,8,5,3,True,['SC 14D9' 'SC 14D9/A' 'SC TO-T' 'SC TO-T/A'],['target_recommendation' 'third_party_tender'],mixed,['EVANS & SUTHERLAND COMPUTER CORP'],EVANS & SUTHERLAND COMPUTER CORP,['0000276283' '0001802887'],0000276283,[],2020-02-10,2020-03-26,45,20,8,"['SC 14D9', 'SC 14D9/A', 'SC TO-T', 'SC TO-T/A']",True,False,True,True,tender_offer,True,True,False,simple
005-12061,18,7,4,3,True,['SC 14D9' 'SC 14D9/A' 'SC TO-T' 'SC TO-T/A'],['target_recommendation' 'third_party_tender'],mixed,['HP INC'],HP INC,['0000047217' '0001770450'],0000047217,['HPQ'],2020-03-02,2020-04-06,35,11,7,"['SC 14D9', 'SC 14D9/A', 'SC TO-T', 'SC TO-T/A']",True,False,True,True,tender_offer,True,True,False,simple
005-12857,49,14,9,5,True,['SC 14D9' 'SC 14D9/A' 'SC TO-I' 'SC TO-I/A' 'SC TO-T' 'SC TO-T/A'],['issuer_tender' 'target_recommendation' 'third_party_tender'],mixed,"['ADAMS NATURAL RESOURCES FUND, INC.']","ADAMS NATURAL RESOURCES FUND, INC.",['0000216851' '0001504304'],0000216851,['PEO'],2020-05-15,2020-09-10,118,35,14,"['SC 14D9', 'SC 14D9/A', 'SC TO-I', 'SC TO-I/A', 'SC TO-T', 'SC TO-T/A']",True,True,True,True,tender_offer,True,True,False,complex
005-18240,27,11,9,2,True,['SC 14D9' 'SC 14D9/A' 'SC TO-T' 'SC TO-T/A'],['target_recommendation' 'third_party_tender'],mixed,['CSS INDUSTRIES INC'],CSS INDUSTRIES INC,['0000020629' '0001800420'],0000020629,[],2020-01-31,2020-03-02,31,16,11,"['SC 14D9', 'SC 14D9/A', 'SC TO-T', 'SC TO-T/A']",True,False,True,True,tender_offer,True,True,False,complex
005-20723,37,14,11,3,True,['SC 14D9' 'SC 14D9/A' 'SC TO-I' 'SC TO-T' 'SC TO-T/A'],['issuer_tender' 'target_recommendation' 'third_party_tender'],mixed,['CONTINENTAL MATERIALS CORP'],CONTINENTAL MATERIALS CORP,['0000024104' '0001803105'],0000024104,[],2020-02-18,2020-04-20,62,23,14,"['SC 14D9', 'SC 14D9/A', 'SC TO-I', 'SC TO-T', 'SC TO-T/A']",True,True,True,True,tender_offer,True,True,False,complex
005-30797,43,9,7,2,True,['SC 14D9' 'SC 14D9/A' 'SC TO-T' 'SC TO-T/A'],['target_recommendation' 'third_party_tender'],mixed,['OVERSEAS SHIPHOLDING GROUP INC'],OVERSEAS SHIPHOLDING GROUP INC,['0000075208' '0001806446'],0000075208,[],2024-06-10,2024-07-10,30,34,9,"['SC 14D9', 'SC 14D9/A', 'SC TO-T', 'SC TO-T/A']",True,False,True,True,tender_offer,True,True,False,complex
005-31632,37,17,15,2,True,['SC 14D9' 'SC 14D9/A' 'SC TO-T' 'SC TO-T/A'],['target_recommendation' 'third_party_tender'],mixed,['GOLDFIELD CORP'],GOLDFIELD CORP,['0000042316' '0001832960'],0000042316,[],2020-12-01,2020-12-30,29,20,17,"['SC 14D9', 'SC 14D9/A', 'SC TO-T', 'SC TO-T/A']",True,False,True,True,tender_offer,True,True,False,complex
005-32163,32,18,16,2,True,['SC 14D9' 'SC 14D9/A' 'SC TO-T' 'SC TO-T/A'],['target_recommendation' 'third_party_tender'],mixed,['COMPUTER TASK GROUP INC'],COMPUTER TASK GROUP INC,['0000023111' '0001989032'],0000023111,[],2023-08-23,2023-12-13,112,14,18,"['SC 14D9', 'SC 14D9/A', 'SC TO-T', 'SC TO-T/A']",True,False,True,True,tender_offer,True,True,False,complex
005-32384,40,11,8,3,True,['SC 14D9' 'SC 14D9/A' 'SC TO-I' 'SC TO-I/A' 'SC TO-T' 'SC TO-T/A'],['issuer_tender' 'target_recommendation' 'third_party_tender'],mixed,"['TherapeuticsMD, Inc.']","TherapeuticsMD, Inc.",['0000025743' '0001931567'],0000025743,['TXMD'],2021-08-26,2022-07-13,321,29,11,"['SC 14D9', 'SC 14D9/A', 'SC TO-I', 'SC TO-I/A', 'SC TO-T', 'SC TO-T/A']",True,True,True,True,tender_offer,True,True,False,complex
005-32675,16,6,4,2,True,['SC 14D9' 'SC 14D9/A' 'SC TO-T' 'SC TO-T/A'],['target_recommendation' 'third_party_tender'],mixed,['SERVOTRONICS INC /DE/'],SERVOTRONICS INC /DE/,['0000089140' '0001260221'],0000089140,['SVT'],2025-06-02,2025-07-01,29,10,6,"['SC 14D9', 'SC 14D9/A', 'SC TO-T', 'SC TO-T/A']",True,False,True,True,tender_offer,True,True,False,simple
005-32746,25,8,6,2,True,['SC 14D9' 'SC 14D9/A' 'SC TO-T' 'SC TO-T/A'],['target_recommendation' 'third_party_tender'],mixed,['TRECORA RESOURCES'],TRECORA RESOURCES,['0000007039' '0001929558'],0000007039,[],2022-05-25,2022-06-24,30,17,8,"['SC 14D9', 'SC 14D9/A', 'SC TO-T', 'SC TO-T/A']",True,False,True,True,tender_offer,True,True,False,complex
005-35857,34,12,10,2,True,['SC 14D9' 'SC 14D9/A' 'SC TO-T' 'SC TO-T/A'],['target_recommendation' 'third_party_tender'],mixed,['IMMUNOMEDICS INC'],IMMUNOMEDICS INC,['0000722830' '0000882095'],0000722830,[],2020-09-24,2020-10-23,29,22,12,"['SC 14D9', 'SC 14D9/A', 'SC TO-T', 'SC TO-T/A']",True,False,True,True,tender_offer,True,True,False,complex
005-37717,21,9,7,2,True,['SC 14D9' 'SC 14D9/A' 'SC TO-T' 'SC TO-T/A'],['target_recommendation' 'third_party_tender'],mixed,['DAWSON GEOPHYSICAL CO'],DAWSON GEOPHYSICAL CO,['0000799165' '0001662888'],0000799165,['DWSN'],2021-11-01,2022-01-18,78,12,9,"['SC 14D9', 'SC 14D9/A', 'SC TO-T', 'SC TO-T/A']",True,False,True,True,tender_offer,True,True,False,complex
005-38281,54,19,17,2,True,['SC 14D9' 'SC 14D9/A' 'SC TO-T' 'SC TO-T/A'],['target_recommendation' 'third_party_tender'],mixed,['CERNER Corp'],CERNER Corp,['0000804753' '0001341439'],0000804753,[],2022-01-19,2022-06-07,139,35,19,"['SC 14D9', 'SC 14D9/A', 'SC TO-T', 'SC TO-T/A']",True,False,True,True,tender_offer,True,True,False,complex
005-38286,20,8,6,2,True,['SC 14D9' 'SC 14D9/A' 'SC TO-T' 'SC TO-T/A'],['target_recommendation' 'third_party_tender'],mixed,"['AMAG PHARMACEUTICALS, INC.']","AMAG PHARMACEUTICALS, INC.",['0000792977' '0001784683'],0000792977,[],2020-10-15,2020-11-16,32,12,8,"['SC 14D9', 'SC 14D9/A', 'SC TO-T', 'SC TO-T/A']",True,False,True,True,tender_offer,True,True,False,complex
005-38473,29,7,5,2,True,['SC 14D9' 'SC 14D9/A' 'SC TO-T' 'SC TO-T/A'],['target_recommendation' 'third_party_tender'],mixed,['TSR INC'],TSR INC,['0000098338' '0002023352'],0000098338,[],2024-05-30,2024-06-28,29,22,7,"['SC 14D9', 'SC 14D9/A', 'SC TO-T', 'SC TO-T/A']",True,False,True,True,tender_offer,True,True,False,simple
005-38995,23,12,10,2,True,['SC 14D9' 'SC 14D9/A' 'SC TO-T' 'SC TO-T/A'],['target_recommendation' 'third_party_tender'],mixed,['ABIOMED INC'],ABIOMED INC,['0000200406' '0000815094'],0000200406,[],2022-11-15,2022-12-22,37,11,12,"['SC 14D9', 'SC 14D9/A', 'SC TO-T', 'SC TO-T/A']",True,False,True,True,tender_offer,True,True,False,complex
005-39533,14,6,3,3,True,['SC 13E3' 'SC 13E3/A' 'SC 14D9' 'SC 14D9/A' 'SC TO-T' 'SC TO-T/A'],['going_private' 'target_recommendation' 'third_party_tender'],mixed,['INTERNATIONAL BALER CORP'],INTERNATIONAL BALER CORP,['0000781902' '0001638419'],0000781902,[],2022-04-20,2022-05-20,30,8,6,"['SC 13E3', 'SC 13E3/A', 'SC 14D9', 'SC 14D9/A', 'SC TO-T', 'SC TO-T/A']",True,False,True,True,tender_offer,True,True,False,simple
005-40533,24,10,8,2,True,['SC 14D9' 'SC 14D9/A' 'SC TO-T' 'SC TO-T/A'],['target_recommendation' 'third_party_tender'],mixed,['ZIX CORP'],ZIX CORP,['0000855612' '0001002638'],0000855612,[],2021-11-22,2021-12-23,31,14,10,"['SC 14D9', 'SC 14D9/A', 'SC TO-T', 'SC TO-T/A']",True,False,True,True,tender_offer,True,True,False,complex
005-41257,21,6,4,2,True,['SC 14D9' 'SC 14D9/A' 'SC TO-T' 'SC TO-T/A'],['target_recommendation' 'third_party_tender'],mixed,"['ICONIX BRAND GROUP, INC.']","ICONIX BRAND GROUP, INC.",['0000857737' '0001868513'],0000857737,[],2021-07-02,2021-08-02,31,15,6,"['SC 14D9', 'SC 14D9/A', 'SC TO-T', 'SC TO-T/A']",True,False,True,True,tender_offer,True,True,False,simple
005-42546,19,6,4,2,True,['SC 14D9' 'SC TO-T' 'SC TO-T/A'],['target_recommendation' 'third_party_tender'],mixed,['ALLIANCEBERNSTEIN HOLDING L.P.'],ALLIANCEBERNSTEIN HOLDING L.P.,['0000825313' '0001333986'],0000825313,['AB'],2025-02-24,2025-04-03,38,13,6,"['SC 14D9', 'SC TO-T', 'SC TO-T/A']",True,False,True,True,tender_offer,True,True,False,simple
005-42593,92,43,40,3,True,['SC 14D9' 'SC 14D9/A' 'SC TO-T' 'SC TO-T/A'],['target_recommendation' 'third_party_tender'],mixed,['SEACOR HOLDINGS INC /NEW/'],SEACOR HOLDINGS INC /NEW/,['0000080255' '0000859598' '0001834675'],0000080255,[],2020-12-18,2021-04-15,118,49,43,"['SC 14D9', 'SC 14D9/A', 'SC TO-T', 'SC TO-T/A']",True,False,True,True,tender_offer,True,True,False,complex
005-43486,15,7,5,2,True,['SC 14D9' 'SC 14D9/A' 'SC TO-T' 'SC TO-T/A'],['target_recommendation' 'third_party_tender'],mixed,['Qumu Corp'],Qumu Corp,['0000892482' '0001203589'],0000892482,[],2023-01-06,2023-02-07,32,8,7,"['SC 14D9', 'SC 14D9/A', 'SC TO-T', 'SC TO-T/A']",True,False,True,True,tender_offer,True,True,False,simple
005-44491,20,4,2,2,True,['SC 14D9' 'SC 14D9/A' 'SC TO-T' 'SC TO-T/A'],['target_recommendation' 'third_party_tender'],mixed,['GOODRICH PETROLEUM CORP'],GOODRICH PETROLEUM CORP,['0000943861' '0001895996'],0000943861,[],2021-11-24,2021-12-23,29,16,4,"['SC 14D9', 'SC 14D9/A', 'SC TO-T', 'SC TO-T/A']",True,False,True,True,tender_offer,True,True,False,simple
005-44849,16,6,4,2,True,['SC 14D9' 'SC 14D9/A' 'SC TO-T' 'SC TO-T/A'],['target_recommendation' 'third_party_tender'],mixed,['LA JOLLA PHARMACEUTICAL CO'],LA JOLLA PHARMACEUTICAL CO,['0000920465' '0001080014'],0000920465,[],2022-07-25,2022-08-22,28,10,6,"['SC 14D9', 'SC 14D9/A', 'SC TO-T', 'SC TO-T/A']",True,False,True,True,tender_offer,True,True,False,simple
005-45332,24,6,4,2,True,['SC 14D9' 'SC TO-T' 'SC TO-T/A'],['target_recommendation' 'third_party_tender'],mixed,['ENEL AMERICAS S.A.'],ENEL AMERICAS S.A.,['0000912505' '0001096200'],0000912505,[],2021-02-22,2021-04-16,53,18,6,"['SC 14D9', 'SC TO-T', 'SC TO-T/A']",True,False,True,True,tender_offer,True,True,False,simple
005-45693,30,9,7,2,True,['SC 13E3/A' 'SC 14D9' 'SC 14D9/A' 'SC TO-T' 'SC TO-T/A'],['going_private' 'target_recommendation' 'third_party_tender'],mixed,['INCOME OPPORTUNITY REALTY INVESTORS INC /TX/'],INCOME OPPORTUNITY REALTY INVESTORS INC /TX/,['0000733590' '0000949961'],0000733590,['IOR'],2024-12-16,2025-02-10,56,21,9,"['SC 13E3/A', 'SC 14D9', 'SC 14D9/A', 'SC TO-T', 'SC TO-T/A']",True,False,True,True,tender_offer,True,True,False,complex
005-45771,37,18,15,3,True,['SC 14D9' 'SC 14D9/A' 'SC TO-T' 'SC TO-T/A'],['target_recommendation' 'third_party_tender'],mixed,['IEC ELECTRONICS CORP'],IEC ELECTRONICS CORP,['0000049728' '0001878022'],0000049728,[],2021-08-12,2021-10-05,54,19,18,"['SC 14D9', 'SC 14D9/A', 'SC TO-T', 'SC TO-T/A']",True,False,True,True,tender_offer,True,True,False,complex
005-45887,16,7,4,3,True,['SC 14D9' 'SC 14D9/A' 'SC TO-T' 'SC TO-T/A'],['target_recommendation' 'third_party_tender'],mixed,"['VIDLER WATER RESOURCES, INC.']","VIDLER WATER RESOURCES, INC.",['0000830122' '0000882184'],0000830122,[],2022-04-14,2022-05-25,41,9,7,"['SC 14D9', 'SC 14D9/A', 'SC TO-T', 'SC TO-T/A']",True,False,True,True,tender_offer,True,True,False,simple
005-47211,35,11,7,4,True,['SC 14D9' 'SC 14D9/A' 'SC TO-T' 'SC TO-T/A'],['target_recommendation' 'third_party_tender'],mixed,"['BBQ HOLDINGS, INC.']","BBQ HOLDINGS, INC.",['0001021270' '0001940990'],0001021270,[],2022-08-09,2022-09-26,48,24,11,"['SC 14D9', 'SC 14D9/A', 'SC TO-T', 'SC TO-T/A']",True,False,True,True,tender_offer,True,True,False,complex
005-47265,20,9,7,2,True,['SC 14D9' 'SC 14D9/A' 'SC TO-T' 'SC TO-T/A'],['target_recommendation' 'third_party_tender'],mixed,['DOVER MOTORSPORTS INC'],DOVER MOTORSPORTS INC,['0000934648' '0001017673'],0000934648,[],2021-11-23,2021-12-22,29,11,9,"['SC 14D9', 'SC 14D9/A', 'SC TO-T', 'SC TO-T/A']",True,False,True,True,tender_offer,True,True,False,complex
005-47575,24,11,9,2,True,['SC 14D9' 'SC 14D9/A' 'SC TO-T' 'SC TO-T/A'],['target_recommendation' 'third_party_tender'],mixed,"['ANTARES PHARMA, INC.']","ANTARES PHARMA, INC.",['0001016169' '0001159036'],0001016169,[],2022-04-26,2022-05-24,28,13,11,"['SC 14D9', 'SC 14D9/A', 'SC TO-T', 'SC TO-T/A']",True,False,True,True,tender_offer,True,True,False,complex
005-48459,25,11,9,2,True,['SC 14D9' 'SC 14D9/A' 'SC TO-T' 'SC TO-T/A'],['target_recommendation' 'third_party_tender'],mixed,['CTI BIOPHARMA CORP'],CTI BIOPHARMA CORP,['0000891293' '0001789731'],0000891293,[],2023-05-25,2023-06-26,32,14,11,"['SC 14D9', 'SC 14D9/A', 'SC TO-T', 'SC TO-T/A']",True,False,True,True,tender_offer,True,True,False,complex
005-48819,9,8,8,0,True,['SC 14D9/A' 'SC TO-T/A'],['target_recommendation' 'third_party_tender'],mixed,['ARQULE INC'],ARQULE INC,['0000310158' '0001019695'],0000310158,[],2020-01-02,2020-01-16,14,1,8,"['SC 14D9/A', 'SC TO-T/A']",True,False,True,True,tender_offer,True,True,False,complex
005-49389,20,6,4,2,True,['SC 14D9' 'SC 14D9/A' 'SC TO-T' 'SC TO-T/A'],['target_recommendation' 'third_party_tender'],mixed,['SIGMATRON INTERNATIONAL INC'],SIGMATRON INTERNATIONAL INC,['0000915358' '0001934933'],0000915358,['SGMA'],2025-06-26,2025-07-25,29,14,6,"['SC 14D9', 'SC 14D9/A', 'SC TO-T', 'SC TO-T/A']",True,False,True,True,tender_offer,True,True,False,simple
005-49833,48,15,13,2,True,['SC 14D9' 'SC 14D9/A' 'SC TO-T' 'SC TO-T/A'],['target_recommendation' 'third_party_tender'],mixed,['MILLICOM INTERNATIONAL CELLULAR SA'],MILLICOM INTERNATIONAL CELLULAR SA,['0000912958' '0001952901'],0000912958,['MLCMF' 'TIGO'],2024-07-01,2024-08-28,58,33,15,"['SC 14D9', 'SC 14D9/A', 'SC TO-T', 'SC TO-T/A']",True,False,True,True,tender_offer,True,True,False,complex
005-50377,20,8,6,2,True,['SC 14D9' 'SC 14D9/A' 'SC TO-T' 'SC TO-T/A'],['target_recommendation' 'third_party_tender'],mixed,['INTEVAC INC'],INTEVAC INC,['0001001902' '0001137789'],0001001902,['IVAC'],2025-03-03,2025-03-31,28,12,8,"['SC 14D9', 'SC 14D9/A', 'SC TO-T', 'SC TO-T/A']",True,False,True,True,tender_offer,True,True,False,complex
005-51125,32,15,11,4,True,['SC 13E3' 'SC 13E3/A' 'SC 14D9' 'SC 14D9/A' 'SC TO-T' 'SC TO-T/A'],['going_private' 'target_recommendation' 'third_party_tender'],mixed,['NATIONAL HOLDINGS CORP'],NATIONAL HOLDINGS CORP,['0001023844' '0001464790'],0001023844,[],2021-01-11,2021-02-25,45,17,15,"['SC 13E3', 'SC 13E3/A', 'SC 14D9', 'SC 14D9/A', 'SC TO-T', 'SC TO-T/A']",True,False,True,True,tender_offer,True,True,False,complex
005-52745,23,10,7,3,True,['SC 13E3' 'SC 13E3/A' 'SC 14D9' 'SC TO-T' 'SC TO-T/A'],['going_private' 'target_recommendation' 'third_party_tender'],mixed,"['Startek, Inc.']","Startek, Inc.",['0001031029' '0001736804'],0001031029,[],2022-11-22,2024-01-05,409,13,10,"['SC 13E3', 'SC 13E3/A', 'SC 14D9', 'SC TO-T', 'SC TO-T/A']",True,False,True,True,tender_offer,True,True,False,complex
005-53191,18,7,5,2,True,['SC 14D9' 'SC 14D9/A' 'SC TO-T' 'SC TO-T/A'],['target_recommendation' 'third_party_tender'],mixed,['MAGAL SECURITY SYSTEMS LTD'],MAGAL SECURITY SYSTEMS LTD,['0000896494' '0001426753'],0000896494,[],2020-05-22,2020-07-06,45,11,7,"['SC 14D9', 'SC 14D9/A', 'SC TO-T', 'SC TO-T/A']",True,False,True,True,tender_offer,True,True,False,simple
005-53975,38,9,7,2,True,['SC 14D9' 'SC 14D9/A' 'SC TO-T' 'SC TO-T/A'],['target_recommendation' 'third_party_tender'],mixed,['SHARPS COMPLIANCE CORP'],SHARPS COMPLIANCE CORP,['0000898770' '0001938038'],0000898770,[],2022-07-25,2022-08-24,30,29,9,"['SC 14D9', 'SC 14D9/A', 'SC TO-T', 'SC TO-T/A']",True,False,True,True,tender_offer,True,True,False,complex
005-54659,107,31,29,2,True,['SC 14D9' 'SC 14D9/A' 'SC TO-T' 'SC TO-T/A'],['target_recommendation' 'third_party_tender'],mixed,['QIAGEN N.V.'],QIAGEN N.V.,['0000097745' '0001015820'],0000097745,['QGEN'],2020-04-28,2020-08-13,107,76,31,"['SC 14D9', 'SC 14D9/A', 'SC TO-T', 'SC TO-T/A']",True,False,True,True,tender_offer,True,True,False,complex
005-55087,16,4,2,2,True,['SC TO-I' 'SC TO-I/A' 'SC TO-T'],['issuer_tender' 'third_party_tender'],mixed,"['CRA INTERNATIONAL, INC.']","CRA INTERNATIONAL, INC.",['0001053706'],0001053706,['CRAI'],2021-03-08,2021-04-09,32,12,4,"['SC TO-I', 'SC TO-I/A', 'SC TO-T']",True,True,False,True,tender_offer,True,False,False,simple
005-56403,16,6,4,2,True,['SC 14D9' 'SC TO-T' 'SC TO-T/A'],['target_recommendation' 'third_party_tender'],mixed,['HUGOTON ROYALTY TRUST'],HUGOTON ROYALTY TRUST,['0000862022' '0000868809'],0000862022,['HGTXU'],2020-04-01,2020-05-28,57,10,6,"['SC 14D9', 'SC TO-T', 'SC TO-T/A']",True,False,True,True,tender_offer,True,True,False,simple
005-57307,29,11,9,2,True,['SC 14D9' 'SC 14D9/A' 'SC TO-T' 'SC TO-T/A'],['target_recommendation' 'third_party_tender'],mixed,['HUTTIG BUILDING PRODUCTS INC'],HUTTIG BUILDING PRODUCTS INC,['0001093082' '0001919881'],0001093082,[],2022-03-28,2022-05-03,36,18,11,"['SC 14D9', 'SC 14D9/A', 'SC TO-T', 'SC TO-T/A']",True,False,True,True,tender_offer,True,True,False,complex
005-57849,17,5,3,2,True,['SC 14D9' 'SC 14D9/A' 'SC TO-T' 'SC TO-T/A'],['target_recommendation' 'third_party_tender'],mixed,['PHX MINERALS INC.'],PHX MINERALS INC.,['0000315131' '0001921603'],0000315131,['PHX'],2025-05-22,2025-06-23,32,12,5,"['SC 14D9', 'SC 14D9/A', 'SC TO-T', 'SC TO-T/A']",True,False,True,True,tender_offer,True,True,False,simple
005-57907,22,10,7,3,True,['SC 14D9' 'SC 14D9/A' 'SC TO-T' 'SC TO-T/A'],['target_recommendation' 'third_party_tender'],mixed,['BIODELIVERY SCIENCES INTERNATIONAL INC'],BIODELIVERY SCIENCES INTERNATIONAL INC,['0001103021' '0001267565'],0001103021,[],2022-02-14,2022-03-21,35,12,10,"['SC 14D9', 'SC 14D9/A', 'SC TO-T', 'SC TO-T/A']",True,False,True,True,tender_offer,True,True,False,complex
005-58067,19,7,4,3,True,['SC 14D9' 'SC 14D9/A' 'SC TO-T' 'SC TO-T/A'],['target_recommendation' 'third_party_tender'],mixed,"['AutoWeb, Inc.']","AutoWeb, Inc.",['0001023364' '0001939800'],0001023364,[],2022-07-25,2022-08-31,37,12,7,"['SC 14D9', 'SC 14D9/A', 'SC TO-T', 'SC TO-T/A']",True,False,True,True,tender_offer,True,True,False,simple
005-58461,25,11,7,4,True,['SC 14D9' 'SC 14D9/A' 'SC TO-T' 'SC TO-T/A'],['target_recommendation' 'third_party_tender'],mixed,['BSQUARE CORP /WA'],BSQUARE CORP /WA,['0001054721' '0001996612'],0001054721,[],2023-10-11,2023-12-07,57,14,11,"['SC 14D9', 'SC 14D9/A', 'SC TO-T', 'SC TO-T/A']",True,False,True,True,tender_offer,True,True,False,complex
005-58473,53,14,10,4,True,['SC 14D9' 'SC 14D9/A' 'SC TO-T' 'SC TO-T/A'],['target_recommendation' 'third_party_tender'],mixed,['OPTIBASE LTD'],OPTIBASE LTD,['0001077618' '0001596005'],0001077618,[],2021-12-01,2022-03-23,112,39,14,"['SC 14D9', 'SC 14D9/A', 'SC TO-T', 'SC TO-T/A']",True,False,True,True,tender_offer,True,True,False,complex
005-59323,22,11,9,2,True,['SC 14D9' 'SC 14D9/A' 'SC TO-T' 'SC TO-T/A'],['target_recommendation' 'third_party_tender'],mixed,['PFSWEB INC'],PFSWEB INC,['0001095315' '0001852244'],0001095315,[],2023-09-21,2023-10-23,32,11,11,"['SC 14D9', 'SC 14D9/A', 'SC TO-T', 'SC TO-T/A']",True,False,True,True,tender_offer,True,True,False,complex
005-59779,37,15,13,2,True,['SC 14D9' 'SC 14D9/A' 'SC TO-T' 'SC TO-T/A'],['target_recommendation' 'third_party_tender'],mixed,['COLLECTORS UNIVERSE INC'],COLLECTORS UNIVERSE INC,['0001089143' '0001834779'],0001089143,[],2020-12-17,2021-02-08,53,22,15,"['SC 14D9', 'SC 14D9/A', 'SC TO-T', 'SC TO-T/A']",True,False,True,True,tender_offer,True,True,False,complex
005-60071,17,3,1,2,True,['SC 14D9' 'SC TO-T' 'SC TO-T/A'],['target_recommendation' 'third_party_tender'],mixed,['UNITED BREWERIES CO INC'],UNITED BREWERIES CO INC,['0000888746' '0001842662'],0000888746,['CCU'],2021-05-19,2021-06-21,33,14,3,"['SC 14D9', 'SC TO-T', 'SC TO-T/A']",True,False,True,True,tender_offer,True,True,False,simple
005-60201,3,2,2,0,True,['SC 14D9/A' 'SC TO-T/A'],['target_recommendation' 'third_party_tender'],mixed,['MEDICINES CO /DE'],MEDICINES CO /DE,['0001113481' '0001114448'],0001113481,[],2020-01-06,2020-01-06,0,1,2,"['SC 14D9/A', 'SC TO-T/A']",True,False,True,True,tender_offer,True,True,False,simple
005-60499,15,6,4,2,True,['SC 14D9' 'SC 14D9/A' 'SC TO-T' 'SC TO-T/A'],['target_recommendation' 'third_party_tender'],mixed,['DURECT CORP'],DURECT CORP,['0000885590' '0001082038'],0000885590,['DRRX'],2025-08-12,2025-09-11,30,9,6,"['SC 14D9', 'SC 14D9/A', 'SC TO-T', 'SC TO-T/A']",True,False,True,True,tender_offer,True,True,False,simple
005-61925,51,21,19,2,True,['SC 14D9' 'SC 14D9/A' 'SC TO-T' 'SC TO-T/A'],['target_recommendation' 'third_party_tender'],mixed,"['CHEMBIO DIAGNOSTICS, INC.']","CHEMBIO DIAGNOSTICS, INC.",['0001092662' '0001964166'],0001092662,[],2023-02-14,2023-04-27,72,30,21,"['SC 14D9', 'SC 14D9/A', 'SC TO-T', 'SC TO-T/A']",True,False,True,True,tender_offer,True,True,False,complex
005-62061,8,3,1,2,True,['SC 14D9' 'SC TO-T' 'SC TO-T/A'],['target_recommendation' 'third_party_tender'],mixed,"['Nuo Therapeutics, Inc.']","Nuo Therapeutics, Inc.",['0001091596' '0001870412'],0001091596,['AURX'],2022-01-21,2022-03-21,59,5,3,"['SC 14D9', 'SC TO-T', 'SC TO-T/A']",True,False,True,True,tender_offer,True,True,False,simple
005-62369,28,16,13,3,True,['SC 13E3' 'SC 13E3/A' 'SC 14D9' 'SC 14D9/A' 'SC TO-T' 'SC TO-T/A'],['going_private' 'target_recommendation' 'third_party_tender'],mixed,['AlerisLife Inc.'],AlerisLife Inc.,['0001159281' '0001686016'],0001159281,[],2023-02-17,2023-03-20,31,12,16,"['SC 13E3', 'SC 13E3/A', 'SC 14D9', 'SC 14D9/A', 'SC TO-T', 'SC TO-T/A']",True,False,True,True,tender_offer,True,True,False,complex
005-78334,27,12,8,4,True,['SC 14D9' 'SC 14D9/A' 'SC TO-T' 'SC TO-T/A'],['target_recommendation' 'third_party_tender'],mixed,['GLOBALSCAPE INC'],GLOBALSCAPE INC,['0001112920' '0001818947'],0001112920,[],2020-07-20,2020-08-28,39,15,12,"['SC 14D9', 'SC 14D9/A', 'SC TO-T', 'SC TO-T/A']",True,False,True,True,tender_offer,True,True,False,complex
005-79091,22,9,7,2,True,['SC 14D9' 'SC 14D9/A' 'SC TO-T' 'SC TO-T/A'],['target_recommendation' 'third_party_tender'],mixed,['BIOSPECIFICS TECHNOLOGIES CORP'],BIOSPECIFICS TECHNOLOGIES CORP,['0000875622' '0001593034'],0000875622,[],2020-11-02,2020-12-02,30,13,9,"['SC 14D9', 'SC 14D9/A', 'SC TO-T', 'SC TO-T/A']",True,False,True,True,tender_offer,True,True,False,complex
005-79318,22,7,3,4,True,['SC 14D9' 'SC TO-T' 'SC TO-T/A'],['target_recommendation' 'third_party_tender'],mixed,['SINOVAC BIOTECH LTD'],SINOVAC BIOTECH LTD,['0001084201' '0001870412'],0001084201,['SVA'],2023-08-25,2024-03-18,206,15,7,"['SC 14D9', 'SC TO-T', 'SC TO-T/A']",True,False,True,True,tender_offer,True,True,False,simple
005-79927,27,10,8,2,True,['SC 14D9' 'SC 14D9/A' 'SC TO-T' 'SC TO-T/A'],['target_recommendation' 'third_party_tender'],mixed,['MOMENTA PHARMACEUTICALS INC'],MOMENTA PHARMACEUTICALS INC,['0000200406' '0001235010'],0000200406,[],2020-09-02,2020-10-01,29,17,10,"['SC 14D9', 'SC 14D9/A', 'SC TO-T', 'SC TO-T/A']",True,False,True,True,tender_offer,True,True,False,complex
005-80234,133,56,54,2,True,['SC 14D9' 'SC 14D9/A' 'SC TO-T' 'SC TO-T/A'],['target_recommendation' 'third_party_tender'],mixed,['BEACON ROOFING SUPPLY INC'],BEACON ROOFING SUPPLY INC,['0001124941' '0001236275'],0001124941,['BECN'],2025-01-27,2025-04-29,92,77,56,"['SC 14D9', 'SC 14D9/A', 'SC TO-T', 'SC TO-T/A']",True,False,True,True,tender_offer,True,True,False,complex
005-80461,24,8,3,5,True,['SC 14D9' 'SC 14D9/A' 'SC TO-T' 'SC TO-T/A'],['target_recommendation' 'third_party_tender'],mixed,['Industrias Bachoco S.A.B. de C.V.'],Industrias Bachoco S.A.B. de C.V.,['0001044896' '0001919779'],0001044896,[],2022-03-25,2022-11-09,229,16,8,"['SC 14D9', 'SC 14D9/A', 'SC TO-T', 'SC TO-T/A']",True,False,True,True,tender_offer,True,True,False,simple
005-80508,21,8,5,3,True,['SC 13E3' 'SC 13E3/A' 'SC 14D9' 'SC 14D9/A' 'SC TO-T' 'SC TO-T/A'],['going_private' 'target_recommendation' 'third_party_tender'],mixed,['BANCO ITAU CHILE'],BANCO ITAU CHILE,['0001132597' '0001276671'],0001132597,[],2023-06-06,2023-07-06,30,13,8,"['SC 13E3', 'SC 13E3/A', 'SC 14D9', 'SC 14D9/A', 'SC TO-T', 'SC TO-T/A']",True,False,True,True,tender_offer,True,True,False,simple
005-80520,34,6,4,2,True,['SC TO-I' 'SC TO-I/A' 'SC TO-T' 'SC TO-T/A'],['issuer_tender' 'third_party_tender'],mixed,['MARCHEX INC'],MARCHEX INC,['0001224133' '0001666682'],0001224133,['MCHX'],2020-08-31,2020-10-08,38,28,6,"['SC TO-I', 'SC TO-I/A', 'SC TO-T', 'SC TO-T/A']",True,True,False,True,tender_offer,True,False,False,simple
005-81127,18,7,5,2,True,['SC 14D9' 'SC 14D9/A' 'SC TO-T' 'SC TO-T/A'],['target_recommendation' 'third_party_tender'],mixed,"['Ruths Hospitality Group, Inc.']","Ruths Hospitality Group, Inc.",['0000940944' '0001324272'],0000940944,[],2023-05-16,2023-06-14,29,11,7,"['SC 14D9', 'SC 14D9/A', 'SC TO-T', 'SC TO-T/A']",True,False,True,True,tender_offer,True,True,False,simple
005-81724,33,13,8,5,True,['SC 14D9' 'SC 14D9/A' 'SC TO-T' 'SC TO-T/A'],['target_recommendation' 'third_party_tender'],mixed,['General Finance CORP'],General Finance CORP,['0001067701' '0001342287'],0001067701,[],2021-04-16,2021-05-24,38,20,13,"['SC 14D9', 'SC 14D9/A', 'SC TO-T', 'SC TO-T/A']",True,False,True,True,tender_offer,True,True,False,complex
005-82531,48,24,20,4,True,['SC 14D9' 'SC 14D9/A' 'SC TO-T' 'SC TO-T/A'],['target_recommendation' 'third_party_tender'],mixed,"['H&E Equipment Services, Inc.']","H&E Equipment Services, Inc.",['0001067701' '0001339605' '0001364479'],0001067701,['HEES'],2025-01-28,2025-05-30,122,24,24,"['SC 14D9', 'SC 14D9/A', 'SC TO-T', 'SC TO-T/A']",True,False,True,True,tender_offer,True,True,False,complex
005-82556,8,2,1,1,True,['SC TO-T' 'SC TO-T/A'],['third_party_tender'],third_party_tender,['BCP Investment Corp'],BCP Investment Corp,['0001372807'],0001372807,['BCIC'],2025-11-12,2025-12-12,30,6,2,"['SC TO-T', 'SC TO-T/A']",True,False,False,True,tender_offer,True,False,False,simple
005-82627,37,11,8,3,True,['SC 14D9' 'SC 14D9/A' 'SC TO-T' 'SC TO-T/A'],['target_recommendation' 'third_party_tender'],mixed,['Central North Airport Group'],Central North Airport Group,['0001378239' '0001824550'],0001378239,['GAERF' 'OMAB'],2020-12-23,2021-07-07,196,26,11,"['SC 14D9', 'SC 14D9/A', 'SC TO-T', 'SC TO-T/A']",True,False,True,True,tender_offer,True,True,False,complex
005-82694,16,7,5,2,True,['SC 14D9' 'SC 14D9/A' 'SC TO-T' 'SC TO-T/A'],['target_recommendation' 'third_party_tender'],mixed,"['FINJAN HOLDINGS, INC.']","FINJAN HOLDINGS, INC.",['0001366340' '0001814614'],0001366340,[],2020-06-24,2020-07-23,29,9,7,"['SC 14D9', 'SC 14D9/A', 'SC TO-T', 'SC TO-T/A']",True,False,True,True,tender_offer,True,True,False,simple
005-82887,48,10,7,3,True,['SC 13E3' 'SC 13E3/A' 'SC 14D9' 'SC 14D9/A' 'SC TO-T' 'SC TO-T/A'],['going_private' 'target_recommendation' 'third_party_tender'],mixed,"['CONTINENTAL RESOURCES, INC']","CONTINENTAL RESOURCES, INC",['0000732834' '0001950914'],0000732834,[],2022-10-24,2022-11-22,29,38,10,"['SC 13E3', 'SC 13E3/A', 'SC 14D9', 'SC 14D9/A', 'SC TO-T', 'SC TO-T/A']",True,False,True,True,tender_offer,True,True,False,complex
005-83386,23,7,5,2,True,['SC 14D9' 'SC 14D9/A' 'SC TO-T' 'SC TO-T/A'],['target_recommendation' 'third_party_tender'],mixed,"['ALBIREO PHARMA, INC.']","ALBIREO PHARMA, INC.",['0001322505' '0001370483'],0001322505,[],2023-01-23,2023-03-02,38,16,7,"['SC 14D9', 'SC 14D9/A', 'SC TO-T', 'SC TO-T/A']",True,False,True,True,tender_offer,True,True,False,simple
005-83403,30,8,5,3,True,['SC 14D9' 'SC 14D9/A' 'SC TO-T' 'SC TO-T/A'],['target_recommendation' 'third_party_tender'],mixed,['PROFIRE ENERGY INC'],PROFIRE ENERGY INC,['0001289636' '0002041539'],0001289636,['PFIE'],2024-10-29,2025-01-02,65,22,8,"['SC 14D9', 'SC 14D9/A', 'SC TO-T', 'SC TO-T/A']",True,False,True,True,tender_offer,True,True,False,simple
005-83522,19,5,3,2,True,['SC 14D9' 'SC TO-T' 'SC TO-T/A'],['target_recommendation' 'third_party_tender'],mixed,['CVR ENERGY INC'],CVR ENERGY INC,['0001034563' '0001376139'],0001034563,['CVI'],2024-12-06,2025-01-10,35,14,5,"['SC 14D9', 'SC TO-T', 'SC TO-T/A']",True,False,True,True,tender_offer,True,True,False,simple
005-83694,10,4,2,2,True,['SC 14D9' 'SC TO-T' 'SC TO-T/A'],['target_recommendation' 'third_party_tender'],mixed,"['Rubicon Technology, Inc.']","Rubicon Technology, Inc.",['0001133062' '0001410172'],0001133062,['RBCN'],2022-07-13,2022-08-18,36,6,4,"['SC 14D9', 'SC TO-T', 'SC TO-T/A']",True,False,True,True,tender_offer,True,True,False,simple
005-83696,20,7,3,4,True,['SC 14D9' 'SC TO-T' 'SC TO-T/A'],['target_recommendation' 'third_party_tender'],mixed,['EDENOR'],EDENOR,['0001395213' '0001875026'],0001395213,['EDN'],2021-07-30,2021-12-14,137,13,7,"['SC 14D9', 'SC TO-T', 'SC TO-T/A']",True,False,True,True,tender_offer,True,True,False,simple
005-83797,12,5,3,2,True,['SC 14D9' 'SC TO-T' 'SC TO-T/A'],['target_recommendation' 'third_party_tender'],mixed,['Vedanta Ltd'],Vedanta Ltd,['0001370431' '0001374587'],0001370431,[],2021-03-17,2021-04-21,35,7,5,"['SC 14D9', 'SC TO-T', 'SC TO-T/A']",True,False,True,True,tender_offer,True,True,False,simple
005-83967,31,18,14,4,True,['SC 14D9' 'SC 14D9/A' 'SC TO-I' 'SC TO-I/A' 'SC TO-T' 'SC TO-T/A'],['issuer_tender' 'target_recommendation' 'third_party_tender'],mixed,"['REGIONAL HEALTH PROPERTIES, INC']","REGIONAL HEALTH PROPERTIES, INC",['0001004724' '0002077187'],0001004724,['RHE' 'RHE-PA' 'RHEP' 'RHEPA' 'RHEPB' 'RHEPZ'],2022-02-11,2025-08-25,1291,13,18,"['SC 14D9', 'SC 14D9/A', 'SC TO-I', 'SC TO-I/A', 'SC TO-T', 'SC TO-T/A']",True,True,True,True,tender_offer,True,True,False,complex
005-84055,23,10,8,2,True,['SC 14D9' 'SC 14D9/A' 'SC TO-T' 'SC TO-T/A'],['target_recommendation' 'third_party_tender'],mixed,"['Radius Health, Inc.']","Radius Health, Inc.",['0001428522' '0001936610'],0001428522,[],2022-07-13,2022-08-11,29,13,10,"['SC 14D9', 'SC 14D9/A', 'SC TO-T', 'SC TO-T/A']",True,False,True,True,tender_offer,True,True,False,complex
005-84211,53,14,12,2,True,['SC 14D9' 'SC 14D9/A' 'SC TO-T' 'SC TO-T/A'],['target_recommendation' 'third_party_tender'],mixed,"['Warner Bros. Discovery, Inc.']","Warner Bros. Discovery, Inc.",['0001437107' '0002041610'],0001437107,['WBD'],2025-12-08,2025-12-23,15,39,14,"['SC 14D9', 'SC 14D9/A', 'SC TO-T', 'SC TO-T/A']",True,False,True,True,tender_offer,True,True,False,complex
005-85255,24,13,11,2,True,['SC 14D9' 'SC 14D9/A' 'SC TO-T' 'SC TO-T/A'],['target_recommendation' 'third_party_tender'],mixed,['ROSETTA STONE INC'],ROSETTA STONE INC,['0001351285' '0001824529'],0001351285,[],2020-09-15,2020-10-15,30,11,13,"['SC 14D9', 'SC 14D9/A', 'SC TO-T', 'SC TO-T/A']",True,False,True,True,tender_offer,True,True,False,complex
005-85510,25,8,6,2,True,['SC 14D9' 'SC 14D9/A' 'SC TO-T' 'SC TO-T/A'],['target_recommendation' 'third_party_tender'],mixed,"['GenMark Diagnostics, Inc.']","GenMark Diagnostics, Inc.",['0000904566' '0001487371'],0000904566,[],2021-03-25,2021-04-22,28,17,8,"['SC 14D9', 'SC 14D9/A', 'SC TO-T', 'SC TO-T/A']",True,False,True,True,tender_offer,True,True,False,complex
005-85695,29,13,11,2,True,['SC 14D9' 'SC 14D9/A' 'SC TO-T' 'SC TO-T/A'],['target_recommendation' 'third_party_tender'],mixed,['CoreSite Realty Corp'],CoreSite Realty Corp,['0001053507' '0001490892'],0001053507,[],2021-11-29,2021-12-28,29,16,13,"['SC 14D9', 'SC 14D9/A', 'SC TO-T', 'SC TO-T/A']",True,False,True,True,tender_offer,True,True,False,complex
005-85761,21,6,4,2,True,['SC 14D9' 'SC 14D9/A' 'SC TO-T' 'SC TO-T/A'],['target_recommendation' 'third_party_tender'],mixed,['Howard Hughes Corp'],Howard Hughes Corp,['0001313682' '0001498828'],0001313682,[],2022-10-14,2022-12-01,48,15,6,"['SC 14D9', 'SC 14D9/A', 'SC TO-T', 'SC TO-T/A']",True,False,True,True,tender_offer,True,True,False,simple
005-85782,13,8,6,2,True,['SC 14D9' 'SC 14D9/A' 'SC TO-T' 'SC TO-T/A'],['target_recommendation' 'third_party_tender'],mixed,['Primo Water Corp'],Primo Water Corp,['0000884713' '0001365101'],0000884713,[],2020-01-28,2020-03-02,34,5,8,"['SC 14D9', 'SC 14D9/A', 'SC TO-T', 'SC TO-T/A']",True,False,True,True,tender_offer,True,True,False,complex
005-85795,35,12,10,2,True,['SC 14D9' 'SC 14D9/A' 'SC TO-T' 'SC TO-T/A'],['target_recommendation' 'third_party_tender'],mixed,"['ZOGENIX, INC.']","ZOGENIX, INC.",['0001290640' '0001375151'],0001290640,[],2022-02-01,2022-03-07,34,23,12,"['SC 14D9', 'SC 14D9/A', 'SC TO-T', 'SC TO-T/A']",True,False,True,True,tender_offer,True,True,False,complex
005-86020,61,23,20,3,True,['SC 14D9' 'SC 14D9/A' 'SC TO-I' 'SC TO-I/A' 'SC TO-T' 'SC TO-T/A'],['issuer_tender' 'target_recommendation' 'third_party_tender'],mixed,['Performance Shipping Inc.'],Performance Shipping Inc.,['0001481241' '0001990966'],0001481241,['PSHG'],2021-12-21,2025-07-31,1318,38,23,"['SC 14D9', 'SC 14D9/A', 'SC TO-I', 'SC TO-I/A', 'SC TO-T', 'SC TO-T/A']",True,True,True,True,tender_offer,True,True,False,complex
005-86024,67,38,38,0,True,['SC 14D9/A' 'SC TO-T/A'],['target_recommendation' 'third_party_tender'],mixed,['Wright Medical Group N.V.'],Wright Medical Group N.V.,['0000310764' '0001492658'],0000310764,[],2020-01-02,2020-11-12,315,27,38,"['SC 14D9/A', 'SC TO-T/A']",True,False,True,True,tender_offer,True,True,False,complex
005-86092,12,5,3,2,True,['SC 14D9' 'SC 14D9/A' 'SC TO-T' 'SC TO-T/A'],['target_recommendation' 'third_party_tender'],mixed,['Adecoagro S.A.'],Adecoagro S.A.,['0001499505' '0002049832'],0001499505,['AGRO'],2025-03-28,2025-04-25,28,7,5,"['SC 14D9', 'SC 14D9/A', 'SC TO-T', 'SC TO-T/A']",True,False,True,True,tender_offer,True,True,False,simple
005-86262,44,16,14,2,True,['SC 14D9' 'SC 14D9/A' 'SC TO-T' 'SC TO-T/A'],['target_recommendation' 'third_party_tender'],mixed,"['Spirit Airlines, Inc.']","Spirit Airlines, Inc.",['0001158463' '0001498710'],0001158463,['SAVE'],2022-05-16,2022-07-28,73,28,16,"['SC 14D9', 'SC 14D9/A', 'SC TO-T', 'SC TO-T/A']",True,False,True,True,tender_offer,True,True,False,complex
005-86372,5,3,1,2,True,['SC 14D9' 'SC TO-T' 'SC TO-T/A'],['target_recommendation' 'third_party_tender'],mixed,['SandRidge Permian Trust'],SandRidge Permian Trust,['0001141197' '0001521168'],0001141197,[],2020-10-13,2020-11-17,35,2,3,"['SC 14D9', 'SC TO-T', 'SC TO-T/A']",True,False,True,True,tender_offer,True,True,False,simple
005-86491,18,6,4,2,True,['SC 14D9' 'SC 14D9/A' 'SC TO-T' 'SC TO-T/A'],['target_recommendation' 'third_party_tender'],mixed,"['LUMOS PHARMA, INC.']","LUMOS PHARMA, INC.",['0001126234' '0002041697'],0001126234,['LUMO'],2024-11-13,2024-12-12,29,12,6,"['SC 14D9', 'SC 14D9/A', 'SC TO-T', 'SC TO-T/A']",True,False,True,True,tender_offer,True,True,False,simple
005-86516,38,19,17,2,True,['SC 14D9' 'SC 14D9/A' 'SC TO-T' 'SC TO-T/A'],['target_recommendation' 'third_party_tender'],mixed,"[""DUNKIN' BRANDS GROUP, INC.""]","DUNKIN' BRANDS GROUP, INC.",['0001357204' '0001830085'],0001357204,[],2020-11-16,2020-12-15,29,19,19,"['SC 14D9', 'SC 14D9/A', 'SC TO-T', 'SC TO-T/A']",True,False,True,True,tender_offer,True,True,False,complex
005-86632,101,43,40,3,True,['SC 13E3' 'SC 13E3/A' 'SC 14D9' 'SC 14D9/A' 'SC TO-T' 'SC TO-T/A'],['going_private' 'target_recommendation' 'third_party_tender'],mixed,['SEQUANS COMMUNICATIONS'],SEQUANS COMMUNICATIONS,['0001383395' '0001774474'],0001383395,['SQNS'],2023-09-11,2024-02-23,165,58,43,"['SC 13E3', 'SC 13E3/A', 'SC 14D9', 'SC 14D9/A', 'SC TO-T', 'SC TO-T/A']",True,False,True,True,tender_offer,True,True,False,complex
005-86679,24,14,12,2,True,['SC 14D9' 'SC 14D9/A' 'SC TO-T' 'SC TO-T/A'],['target_recommendation' 'third_party_tender'],mixed,['InterXion Holding N.V.'],InterXion Holding N.V.,['0001297996' '0001500866'],0001297996,[],2020-01-29,2020-03-12,43,10,14,"['SC 14D9', 'SC 14D9/A', 'SC TO-T', 'SC TO-T/A']",True,False,True,True,tender_offer,True,True,False,complex
005-86741,24,14,12,2,True,['SC 14D9' 'SC 14D9/A' 'SC TO-T' 'SC TO-T/A'],['target_recommendation' 'third_party_tender'],mixed,"['Synacor, Inc.']","Synacor, Inc.",['0001408278' '0001845802'],0001408278,[],2021-03-03,2021-03-31,28,10,14,"['SC 14D9', 'SC 14D9/A', 'SC TO-T', 'SC TO-T/A']",True,False,True,True,tender_offer,True,True,False,complex
005-86795,24,9,7,2,True,['SC 14D9' 'SC 14D9/A' 'SC TO-T' 'SC TO-T/A'],['target_recommendation' 'third_party_tender'],mixed,"['VOCERA COMMUNICATIONS, INC.']","VOCERA COMMUNICATIONS, INC.",['0000310764' '0001129260'],0000310764,[],2022-01-25,2022-02-23,29,15,9,"['SC 14D9', 'SC 14D9/A', 'SC TO-T', 'SC TO-T/A']",True,False,True,True,tender_offer,True,True,False,complex
005-86871,29,9,7,2,True,['SC TO-I' 'SC TO-I/A' 'SC TO-T/A'],['issuer_tender' 'third_party_tender'],mixed,"['Lightstone Value Plus Real Estate Investment Trust V, Inc.'
 'Lightstone Value Plus REIT V, Inc.']","Lightstone Value Plus Real Estate Investment Trust V, Inc.",['0001387061' '0001659587'],0001387061,[],2020-01-14,2025-12-31,2178,20,9,"['SC TO-I', 'SC TO-I/A', 'SC TO-T/A']",True,True,False,True,tender_offer,True,False,False,complex
005-86956,21,8,6,2,True,['SC 14D9' 'SC 14D9/A' 'SC TO-T' 'SC TO-T/A'],['target_recommendation' 'third_party_tender'],mixed,['Manchester United plc'],Manchester United plc,['0001549107' '0001998369'],0001549107,['MANU'],2024-01-17,2024-02-20,34,13,8,"['SC 14D9', 'SC 14D9/A', 'SC TO-T', 'SC TO-T/A']",True,False,True,True,tender_offer,True,True,False,complex
005-87002,26,8,6,2,True,['SC 14D9' 'SC 14D9/A' 'SC TO-T' 'SC TO-T/A'],['target_recommendation' 'third_party_tender'],mixed,['Regulus Therapeutics Inc.'],Regulus Therapeutics Inc.,['0001114448' '0001505512'],0001114448,['RGLS'],2025-05-27,2025-06-25,29,18,8,"['SC 14D9', 'SC 14D9/A', 'SC TO-T', 'SC TO-T/A']",True,False,True,True,tender_offer,True,True,False,complex
005-87033,55,15,12,3,True,['SC 14D9' 'SC 14D9/A' 'SC TO-I' 'SC TO-I/A' 'SC TO-T' 'SC TO-T/A'],['issuer_tender' 'target_recommendation' 'third_party_tender'],mixed,"['INTERCEPT PHARMACEUTICALS, INC.']","INTERCEPT PHARMACEUTICALS, INC.",['0001270073' '0001994965'],0001270073,[],2021-08-16,2023-11-08,814,41,14,"['SC 14D9', 'SC 14D9/A', 'SC TO-I', 'SC TO-I/A', 'SC TO-T', 'SC TO-T/A']",True,True,True,True,tender_offer,True,True,False,complex
005-87209,25,13,11,2,True,['SC 14D9' 'SC 14D9/A' 'SC TO-T' 'SC TO-T/A'],['target_recommendation' 'third_party_tender'],mixed,['STEMLINE THERAPEUTICS INC'],STEMLINE THERAPEUTICS INC,['0001264587' '0001810515'],0001264587,[],2020-05-12,2020-06-10,29,12,13,"['SC 14D9', 'SC 14D9/A', 'SC TO-T', 'SC TO-T/A']",True,False,True,True,tender_offer,True,True,False,complex
005-87285,178,41,39,2,True,['SC 14D9' 'SC 14D9/A' 'SC TO-T' 'SC TO-T/A'],['target_recommendation' 'third_party_tender'],mixed,['STRATASYS LTD.'],STRATASYS LTD.,['0001517396' '0001643303'],0001517396,['SSYS'],2023-05-25,2023-08-01,68,137,41,"['SC 14D9', 'SC 14D9/A', 'SC TO-T', 'SC TO-T/A']",True,False,True,True,tender_offer,True,True,False,complex
005-87331,23,8,6,2,True,['SC 14D9' 'SC 14D9/A' 'SC TO-T' 'SC TO-T/A'],['target_recommendation' 'third_party_tender'],mixed,"['Benefytt Technologies, Inc.']","Benefytt Technologies, Inc.",['0001561387' '0001817453'],0001561387,[],2020-07-24,2020-08-21,28,15,8,"['SC 14D9', 'SC 14D9/A', 'SC TO-T', 'SC TO-T/A']",True,False,True,True,tender_offer,True,True,False,complex
005-87366,34,10,6,4,True,['SC 14D9' 'SC 14D9/A' 'SC TO-T' 'SC TO-T/A'],['target_recommendation' 'third_party_tender'],mixed,['TETRAPHASE PHARMACEUTICALS INC'],TETRAPHASE PHARMACEUTICALS INC,['0000920465' '0001373707' '0001461993'],0000920465,[],2020-06-12,2020-07-29,47,24,10,"['SC 14D9', 'SC 14D9/A', 'SC TO-T', 'SC TO-T/A']",True,False,True,True,tender_offer,True,True,False,complex
005-87389,92,32,16,16,True,['SC 14D9' 'SC TO-T' 'SC TO-T/A'],['target_recommendation' 'third_party_tender'],mixed,"['CIM REAL ESTATE FINANCE TRUST, INC.']","CIM REAL ESTATE FINANCE TRUST, INC.",['0001498547' '0001726993'],0001498547,['CMRF'],2020-02-26,2025-03-28,1857,60,32,"['SC 14D9', 'SC TO-T', 'SC TO-T/A']",True,False,True,True,tender_offer,True,True,False,complex
005-87403,9,3,1,2,True,['SC 14D9' 'SC TO-T' 'SC TO-T/A'],['target_recommendation' 'third_party_tender'],mixed,"['Strategic Realty Trust, Inc.']","Strategic Realty Trust, Inc.",['0001446371' '0001870412'],0001446371,['SGIC'],2022-10-21,2022-12-06,46,6,3,"['SC 14D9', 'SC TO-T', 'SC TO-T/A']",True,False,True,True,tender_offer,True,True,False,simple
005-87404,8,2,1,1,True,['SC TO-T' 'SC TO-T/A'],['third_party_tender'],third_party_tender,"['KBS Real Estate Investment Trust II, Inc.']","KBS Real Estate Investment Trust II, Inc.",['0001411059' '0001659587'],0001411059,[],2020-02-03,2020-03-10,36,6,2,"['SC TO-T', 'SC TO-T/A']",True,False,False,True,tender_offer,True,False,False,simple
005-87424,46,20,16,4,True,"['SC 13E3' 'SC 13E3/A' 'SC 14D9' 'SC TO-I' 'SC TO-I/A' 'SC TO-T'
 'SC TO-T/A']","['going_private' 'issuer_tender' 'target_recommendation'
 'third_party_tender']",mixed,['Brookfield Property Partners L.P.'],Brookfield Property Partners L.P.,['0001001085' '0001545772'],0001001085,['BPYPM' 'BPYPN' 'BPYPO' 'BPYPP'],2020-07-06,2021-07-26,385,26,20,"['SC 13E3', 'SC 13E3/A', 'SC 14D9', 'SC TO-I', 'SC TO-I/A', 'SC TO-T', 'SC TO-T/A']",True,True,True,True,tender_offer,True,True,False,complex
005-87446,40,16,11,5,True,['SC 14D9' 'SC 14D9/A' 'SC TO-I' 'SC TO-I/A' 'SC TO-T' 'SC TO-T/A'],['issuer_tender' 'target_recommendation' 'third_party_tender'],mixed,['QIWI'],QIWI,['0001561566' '0001936575'],0001561566,[],2022-07-07,2022-12-23,169,24,16,"['SC 14D9', 'SC 14D9/A', 'SC TO-I', 'SC TO-I/A', 'SC TO-T', 'SC TO-T/A']",True,True,True,True,tender_offer,True,True,False,complex
005-87472,26,14,12,2,True,['SC 14D9' 'SC 14D9/A' 'SC TO-T' 'SC TO-T/A'],['target_recommendation' 'third_party_tender'],mixed,['PORTOLA PHARMACEUTICALS INC'],PORTOLA PHARMACEUTICALS INC,['0000899866' '0001269021'],0000899866,[],2020-05-27,2020-07-02,36,12,14,"['SC 14D9', 'SC 14D9/A', 'SC TO-T', 'SC TO-T/A']",True,False,True,True,tender_offer,True,True,False,complex
005-87481,21,8,6,2,True,['SC 14D9' 'SC 14D9/A' 'SC TO-T' 'SC TO-T/A'],['target_recommendation' 'third_party_tender'],mixed,"['Epizyme, Inc.']","Epizyme, Inc.",['0001370483' '0001571498'],0001370483,[],2022-07-12,2022-08-12,31,13,8,"['SC 14D9', 'SC 14D9/A', 'SC TO-T', 'SC TO-T/A']",True,False,True,True,tender_offer,True,True,False,complex
005-87526,78,28,26,2,True,['SC 14D9' 'SC 14D9/A' 'SC TO-T' 'SC TO-T/A'],['target_recommendation' 'third_party_tender'],mixed,"['bluebird bio, Inc.']","bluebird bio, Inc.",['0001293971' '0001873422'],0001293971,['BLUE'],2025-03-07,2025-05-30,84,50,28,"['SC 14D9', 'SC 14D9/A', 'SC TO-T', 'SC TO-T/A']",True,False,True,True,tender_offer,True,True,False,complex
005-87623,20,10,8,2,True,['SC 14D9' 'SC 14D9/A' 'SC TO-T' 'SC TO-T/A'],['target_recommendation' 'third_party_tender'],mixed,"['FIVE PRIME THERAPEUTICS, INC.']","FIVE PRIME THERAPEUTICS, INC.",['0000318154' '0001175505'],0000318154,[],2021-03-18,2021-04-16,29,10,10,"['SC 14D9', 'SC 14D9/A', 'SC TO-T', 'SC TO-T/A']",True,False,True,True,tender_offer,True,True,False,complex
005-87630,33,16,11,5,True,['SC 14D9' 'SC 14D9/A' 'SC TO-T' 'SC TO-T/A'],['target_recommendation' 'third_party_tender'],mixed,['ACCELERON PHARMA INC'],ACCELERON PHARMA INC,['0000064978' '0001280600' '0001633313' '0001700574' '0001839209'],0000064978,[],2021-10-12,2021-11-22,41,17,16,"['SC 14D9', 'SC 14D9/A', 'SC TO-T', 'SC TO-T/A']",True,False,True,True,tender_offer,True,True,False,complex
005-87690,27,14,12,2,True,['SC 14D9' 'SC 14D9/A' 'SC TO-T' 'SC TO-T/A'],['target_recommendation' 'third_party_tender'],mixed,['CHIMERIX INC'],CHIMERIX INC,['0001117480' '0001232524'],0001117480,['CMRX'],2025-03-21,2025-04-18,28,13,14,"['SC 14D9', 'SC 14D9/A', 'SC TO-T', 'SC TO-T/A']",True,False,True,True,tender_offer,True,True,False,complex
005-87720,31,10,8,2,True,['SC 14D9' 'SC 14D9/A' 'SC TO-T' 'SC TO-T/A'],['target_recommendation' 'third_party_tender'],mixed,['Houghton Mifflin Harcourt Co'],Houghton Mifflin Harcourt Co,['0001580156' '0001915076'],0001580156,[],2022-03-07,2022-04-07,31,21,10,"['SC 14D9', 'SC 14D9/A', 'SC TO-T', 'SC TO-T/A']",True,False,True,True,tender_offer,True,True,False,complex
005-87762,37,8,4,4,True,['SC TO-I' 'SC TO-I/A' 'SC TO-T/A'],['issuer_tender' 'third_party_tender'],mixed,['FSI Low Beta Absolute Return Fund'],FSI Low Beta Absolute Return Fund,['0001527413'],0001527413,[],2020-03-02,2021-05-21,445,29,8,"['SC TO-I', 'SC TO-I/A', 'SC TO-T/A']",True,True,False,True,tender_offer,True,False,False,simple
005-87848,29,16,14,2,True,['SC 14D9' 'SC 14D9/A' 'SC TO-T' 'SC TO-T/A'],['target_recommendation' 'third_party_tender'],mixed,"['BIOTELEMETRY, INC.']","BIOTELEMETRY, INC.",['0000313216' '0001574774'],0000313216,[],2020-12-23,2021-02-09,48,13,16,"['SC 14D9', 'SC 14D9/A', 'SC TO-T', 'SC TO-T/A']",True,False,True,True,tender_offer,True,True,False,complex
005-87866,21,9,7,2,True,['SC 14D9' 'SC 14D9/A' 'SC TO-T' 'SC TO-T/A'],['target_recommendation' 'third_party_tender'],mixed,['Dicerna Pharmaceuticals Inc'],Dicerna Pharmaceuticals Inc,['0000353278' '0001399529'],0000353278,[],2021-11-24,2021-12-28,34,12,9,"['SC 14D9', 'SC 14D9/A', 'SC TO-T', 'SC TO-T/A']",True,False,True,True,tender_offer,True,True,False,complex
005-87872,15,5,3,2,True,['SC 14D9' 'SC 14D9/A' 'SC TO-T' 'SC TO-T/A'],['target_recommendation' 'third_party_tender'],mixed,['Evoke Pharma Inc'],Evoke Pharma Inc,['0001403708' '0002093432'],0001403708,['EVOK'],2025-11-17,2025-12-17,30,10,5,"['SC 14D9', 'SC 14D9/A', 'SC TO-T', 'SC TO-T/A']",True,False,True,True,tender_offer,True,True,False,simple
005-87875,15,6,4,2,True,['SC 14D9' 'SC 14D9/A' 'SC TO-T' 'SC TO-T/A'],['target_recommendation' 'third_party_tender'],mixed,['New Home Co Inc.'],New Home Co Inc.,['0001574596' '0001784683'],0001574596,[],2021-08-10,2021-09-08,29,9,6,"['SC 14D9', 'SC 14D9/A', 'SC TO-T', 'SC TO-T/A']",True,False,True,True,tender_offer,True,True,False,simple
005-87909,16,7,5,2,True,['SC 14D9' 'SC 14D9/A' 'SC TO-T' 'SC TO-T/A'],['target_recommendation' 'third_party_tender'],mixed,['POTBELLY CORP'],POTBELLY CORP,['0001195734' '0002086808'],0001195734,['PBPB'],2025-09-23,2025-10-23,30,9,7,"['SC 14D9', 'SC 14D9/A', 'SC TO-T', 'SC TO-T/A']",True,False,True,True,tender_offer,True,True,False,simple
005-87950,26,13,11,2,True,['SC 14D9' 'SC 14D9/A' 'SC TO-T' 'SC TO-T/A'],['target_recommendation' 'third_party_tender'],mixed,"['CymaBay Therapeutics, Inc.']","CymaBay Therapeutics, Inc.",['0000882095' '0001042074'],0000882095,[],2024-02-23,2024-03-22,28,13,13,"['SC 14D9', 'SC 14D9/A', 'SC TO-T', 'SC TO-T/A']",True,False,True,True,tender_offer,True,True,False,complex
005-87957,19,11,9,2,True,['SC 14D9' 'SC 14D9/A' 'SC TO-T' 'SC TO-T/A'],['target_recommendation' 'third_party_tender'],mixed,"['HD Supply Holdings, Inc.']","HD Supply Holdings, Inc.",['0000354950' '0001573097'],0000354950,[],2020-11-24,2020-12-28,34,8,11,"['SC 14D9', 'SC 14D9/A', 'SC TO-T', 'SC TO-T/A']",True,False,True,True,tender_offer,True,True,False,complex
005-87971,16,9,7,2,True,['SC 14D9' 'SC 14D9/A' 'SC TO-T' 'SC TO-T/A'],['target_recommendation' 'third_party_tender'],mixed,['ENETI INC.'],ENETI INC.,['0001587264' '0001978867'],0001587264,[],2023-11-07,2023-12-18,41,7,9,"['SC 14D9', 'SC 14D9/A', 'SC TO-T', 'SC TO-T/A']",True,False,True,True,tender_offer,True,True,False,complex
005-88023,38,14,12,2,True,['SC 14D9' 'SC 14D9/A' 'SC TO-T' 'SC TO-T/A'],['target_recommendation' 'third_party_tender'],mixed,"['Revance Therapeutics, Inc.']","Revance Therapeutics, Inc.",['0001479290' '0002033289'],0001479290,['RVNC'],2024-12-12,2025-02-05,55,24,14,"['SC 14D9', 'SC 14D9/A', 'SC TO-T', 'SC TO-T/A']",True,False,True,True,tender_offer,True,True,False,complex
005-88031,24,11,9,2,True,['SC 14D9' 'SC 14D9/A' 'SC TO-T' 'SC TO-T/A'],['target_recommendation' 'third_party_tender'],mixed,['Flexion Therapeutics Inc'],Flexion Therapeutics Inc,['0001396814' '0001419600'],0001396814,[],2021-10-22,2021-11-19,28,13,11,"['SC 14D9', 'SC 14D9/A', 'SC TO-T', 'SC TO-T/A']",True,False,True,True,tender_offer,True,True,False,complex
005-88033,19,6,4,2,True,['SC 14D9' 'SC 14D9/A' 'SC TO-T' 'SC TO-T/A'],['target_recommendation' 'third_party_tender'],mixed,"['CONCERT PHARMACEUTICALS, INC.']","CONCERT PHARMACEUTICALS, INC.",['0001197089' '0001367920'],0001197089,[],2023-02-02,2023-03-06,32,13,6,"['SC 14D9', 'SC 14D9/A', 'SC TO-T', 'SC TO-T/A']",True,False,True,True,tender_offer,True,True,False,simple
005-88035,29,6,4,2,True,['SC 14D9' 'SC TO-T' 'SC TO-T/A'],['target_recommendation' 'third_party_tender'],mixed,['AENZA S.A.A.'],AENZA S.A.A.,['0001572621' '0001807206'],0001572621,[],2021-06-16,2021-08-06,51,23,6,"['SC 14D9', 'SC TO-T', 'SC TO-T/A']",True,False,True,True,tender_offer,True,True,False,simple
005-88042,37,11,8,3,True,['SC 14D9' 'SC 14D9/A' 'SC TO-I' 'SC TO-I/A' 'SC TO-T' 'SC TO-T/A'],['issuer_tender' 'target_recommendation' 'third_party_tender'],mixed,"['Societal CDMO, Inc.']","Societal CDMO, Inc.",['0001588972' '0001635467'],0001588972,[],2022-06-01,2024-04-08,677,26,11,"['SC 14D9', 'SC 14D9/A', 'SC TO-I', 'SC TO-I/A', 'SC TO-T', 'SC TO-T/A']",True,True,True,True,tender_offer,True,True,False,complex
005-88071,40,12,10,2,True,['SC 14D9' 'SC 14D9/A' 'SC TO-T' 'SC TO-T/A'],['target_recommendation' 'third_party_tender'],mixed,['APPLIED GENETIC TECHNOLOGIES CORP'],APPLIED GENETIC TECHNOLOGIES CORP,['0001273636' '0001725042'],0001273636,[],2022-10-26,2022-12-01,36,28,12,"['SC 14D9', 'SC 14D9/A', 'SC TO-T', 'SC TO-T/A']",True,False,True,True,tender_offer,True,True,False,complex
005-88076,19,8,6,2,True,['SC 14D9' 'SC 14D9/A' 'SC TO-T' 'SC TO-T/A'],['target_recommendation' 'third_party_tender'],mixed,"['CASTLIGHT HEALTH, INC.']","CASTLIGHT HEALTH, INC.",['0001433714' '0001903231'],0001433714,[],2022-01-19,2022-02-17,29,11,8,"['SC 14D9', 'SC 14D9/A', 'SC TO-T', 'SC TO-T/A']",True,False,True,True,tender_offer,True,True,False,complex
005-88106,22,10,6,4,True,['SC 14D9' 'SC 14D9/A' 'SC TO-T' 'SC TO-T/A'],['target_recommendation' 'third_party_tender'],mixed,['Adamas Pharmaceuticals Inc'],Adamas Pharmaceuticals Inc,['0001328143' '0001356576'],0001328143,[],2021-10-12,2021-11-24,43,12,10,"['SC 14D9', 'SC 14D9/A', 'SC TO-T', 'SC TO-T/A']",True,False,True,True,tender_offer,True,True,False,complex
005-88186,28,7,5,2,True,['SC 14D9' 'SC 14D9/A' 'SC TO-T' 'SC TO-T/A'],['target_recommendation' 'third_party_tender'],mixed,['Resonant Inc'],Resonant Inc,['0001446591' '0001579910'],0001446591,[],2022-02-28,2022-03-28,28,21,7,"['SC 14D9', 'SC 14D9/A', 'SC TO-T', 'SC TO-T/A']",True,False,True,True,tender_offer,True,True,False,simple
005-88253,19,9,7,2,True,['SC 14D9' 'SC 14D9/A' 'SC TO-T' 'SC TO-T/A'],['target_recommendation' 'third_party_tender'],mixed,['Pfenex Inc.'],Pfenex Inc.,['0000886163' '0001478121'],0000886163,[],2020-08-31,2020-09-30,30,10,9,"['SC 14D9', 'SC 14D9/A', 'SC TO-T', 'SC TO-T/A']",True,False,True,True,tender_offer,True,True,False,complex
005-88266,15,5,3,2,True,['SC 14D9' 'SC 14D9/A' 'SC TO-T' 'SC TO-T/A'],['target_recommendation' 'third_party_tender'],mixed,"['Adverum Biotechnologies, Inc.']","Adverum Biotechnologies, Inc.",['0000059478' '0001501756'],0000059478,['ADVM'],2025-11-07,2025-12-09,32,10,5,"['SC 14D9', 'SC 14D9/A', 'SC TO-T', 'SC TO-T/A']",True,False,True,True,tender_offer,True,True,False,simple
005-88269,14,6,4,2,True,['SC 14D9' 'SC 14D9/A' 'SC TO-T' 'SC TO-T/A'],['target_recommendation' 'third_party_tender'],mixed,"['MARINUS PHARMACEUTICALS, INC.']","MARINUS PHARMACEUTICALS, INC.",['0001267813' '0002050522'],0001267813,['MRNS'],2025-01-08,2025-02-07,30,8,6,"['SC 14D9', 'SC 14D9/A', 'SC TO-T', 'SC TO-T/A']",True,False,True,True,tender_offer,True,True,False,simple
005-88275,34,12,9,3,True,['SC 14D9' 'SC 14D9/A' 'SC TO-I' 'SC TO-I/A' 'SC TO-T' 'SC TO-T/A'],['issuer_tender' 'target_recommendation' 'third_party_tender'],mixed,"['Sage Therapeutics, Inc.']","Sage Therapeutics, Inc.",['0001356576' '0001597553'],0001356576,['SAGE'],2024-01-23,2025-07-31,555,22,12,"['SC 14D9', 'SC 14D9/A', 'SC TO-I', 'SC TO-I/A', 'SC TO-T', 'SC TO-T/A']",True,True,True,True,tender_offer,True,True,False,complex
005-88347,16,7,5,2,True,['SC 14D9' 'SC 14D9/A' 'SC TO-T' 'SC TO-T/A'],['target_recommendation' 'third_party_tender'],mixed,"['Dermira, Inc.']","Dermira, Inc.",['0000059478' '0001557883'],0000059478,[],2020-01-22,2020-02-20,29,9,7,"['SC 14D9', 'SC 14D9/A', 'SC TO-T', 'SC TO-T/A']",True,False,True,True,tender_offer,True,True,False,simple
005-88373,24,10,8,2,True,['SC 14D9' 'SC 14D9/A' 'SC TO-T' 'SC TO-T/A'],['target_recommendation' 'third_party_tender'],mixed,"['CDK Global, Inc.']","CDK Global, Inc.",['0001609702' '0001922838'],0001609702,[],2022-04-22,2022-07-06,75,14,10,"['SC 14D9', 'SC 14D9/A', 'SC TO-T', 'SC TO-T/A']",True,False,True,True,tender_offer,True,True,False,complex
005-88599,23,9,7,2,True,['SC 14D9' 'SC 14D9/A' 'SC TO-T' 'SC TO-T/A'],['target_recommendation' 'third_party_tender'],mixed,['Care.com Inc'],Care.com Inc,['0000891103' '0001412270'],0000891103,[],2020-01-13,2020-02-11,29,14,9,"['SC 14D9', 'SC 14D9/A', 'SC TO-T', 'SC TO-T/A']",True,False,True,True,tender_offer,True,True,False,complex
005-88608,32,11,9,2,True,['SC 14D9' 'SC 14D9/A' 'SC TO-T' 'SC TO-T/A'],['target_recommendation' 'third_party_tender'],mixed,"['Sky Solar Holdings, Ltd.']","Sky Solar Holdings, Ltd.",['0001594124' '0001815886'],0001594124,[],2020-07-06,2020-10-13,99,21,11,"['SC 14D9', 'SC 14D9/A', 'SC TO-T', 'SC TO-T/A']",True,False,True,True,tender_offer,True,True,False,complex
005-88610,29,15,12,3,True,['SC 13E3' 'SC 13E3/A' 'SC 14D9' 'SC 14D9/A' 'SC TO-T' 'SC TO-T/A'],['going_private' 'target_recommendation' 'third_party_tender'],mixed,['Jumei International Holding Ltd'],Jumei International Holding Ltd,['0001597680' '0001631969'],0001597680,[],2020-02-26,2020-04-15,49,14,15,"['SC 13E3', 'SC 13E3/A', 'SC 14D9', 'SC 14D9/A', 'SC TO-T', 'SC TO-T/A']",True,False,True,True,tender_offer,True,True,False,complex
005-88619,16,8,6,2,True,['SC 14D9' 'SC 14D9/A' 'SC TO-T' 'SC TO-T/A'],['target_recommendation' 'third_party_tender'],mixed,"['Diplomat Pharmacy, Inc.']","Diplomat Pharmacy, Inc.",['0000731766' '0001610092'],0000731766,[],2020-01-09,2020-02-07,29,8,8,"['SC 14D9', 'SC 14D9/A', 'SC TO-T', 'SC TO-T/A']",True,False,True,True,tender_offer,True,True,False,complex
005-88663,89,53,48,5,True,"['SC 13E3' 'SC 13E3/A' 'SC 14D9' 'SC 14D9/A' 'SC TO-I' 'SC TO-I/A'
 'SC TO-T' 'SC TO-T/A']","['going_private' 'issuer_tender' 'target_recommendation'
 'third_party_tender']",mixed,['Santander Consumer USA Holdings Inc.'],Santander Consumer USA Holdings Inc.,['0000811830' '0001074034' '0001580608'],0000811830,[],2020-01-30,2022-01-28,729,36,53,"['SC 13E3', 'SC 13E3/A', 'SC 14D9', 'SC 14D9/A', 'SC TO-I', 'SC TO-I/A', 'SC TO-T', 'SC TO-T/A']",True,True,True,True,tender_offer,True,True,False,complex
005-88684,30,14,12,2,True,['SC 14D9' 'SC 14D9/A' 'SC TO-T' 'SC TO-T/A'],['target_recommendation' 'third_party_tender'],mixed,"['Michaels Companies, Inc.']","Michaels Companies, Inc.",['0001593936' '0001849949'],0001593936,[],2021-03-16,2021-04-15,30,16,14,"['SC 14D9', 'SC 14D9/A', 'SC TO-T', 'SC TO-T/A']",True,False,True,True,tender_offer,True,True,False,complex
005-88707,16,5,3,2,True,['SC 14D9' 'SC TO-T' 'SC TO-T/A'],['target_recommendation' 'third_party_tender'],mixed,['Atento S.A.'],Atento S.A.,['0001606457' '0001736804'],0001606457,[],2022-11-18,2023-01-11,54,11,5,"['SC 14D9', 'SC TO-T', 'SC TO-T/A']",True,False,True,True,tender_offer,True,True,False,simple
005-88806,18,5,3,2,True,['SC 14D9' 'SC 14D9/A' 'SC TO-T' 'SC TO-T/A'],['target_recommendation' 'third_party_tender'],mixed,"['Cidara Therapeutics, Inc.']","Cidara Therapeutics, Inc.",['0000310158' '0001610618'],0000310158,['CDTX'],2025-12-05,2025-12-19,14,13,5,"['SC 14D9', 'SC 14D9/A', 'SC TO-T', 'SC TO-T/A']",True,False,True,True,tender_offer,True,True,False,simple
005-88827,20,8,6,2,True,['SC 14D9' 'SC 14D9/A' 'SC TO-T' 'SC TO-T/A'],['target_recommendation' 'third_party_tender'],mixed,['Blueprint Medicines Corp'],Blueprint Medicines Corp,['0001121404' '0001597264'],0001121404,['BPMC'],2025-06-17,2025-07-18,31,12,8,"['SC 14D9', 'SC 14D9/A', 'SC TO-T', 'SC TO-T/A']",True,False,True,True,tender_offer,True,True,False,complex
005-88896,18,8,6,2,True,['SC 14D9' 'SC 14D9/A' 'SC TO-T' 'SC TO-T/A'],['target_recommendation' 'third_party_tender'],mixed,"['ALPINE IMMUNE SCIENCES, INC.']","ALPINE IMMUNE SCIENCES, INC.",['0000875320' '0001626199'],0000875320,[],2024-04-22,2024-05-20,28,10,8,"['SC 14D9', 'SC 14D9/A', 'SC TO-T', 'SC TO-T/A']",True,False,True,True,tender_offer,True,True,False,complex
005-88963,16,6,4,2,True,['SC 14D9' 'SC 14D9/A' 'SC TO-T' 'SC TO-T/A'],['target_recommendation' 'third_party_tender'],mixed,['Horizon Global Corp'],Horizon Global Corp,['0001637655' '0001960811'],0001637655,[],2023-01-10,2023-02-08,29,9,6,"['SC 14D9', 'SC 14D9/A', 'SC TO-T', 'SC TO-T/A']",True,False,True,True,tender_offer,True,True,False,simple
005-88971,28,12,10,2,True,['SC 14D9' 'SC 14D9/A' 'SC TO-T' 'SC TO-T/A'],['target_recommendation' 'third_party_tender'],mixed,"['Zynerba Pharmaceuticals, Inc.']","Zynerba Pharmaceuticals, Inc.",['0001621443' '0001802665'],0001621443,[],2023-08-28,2023-10-11,44,16,12,"['SC 14D9', 'SC 14D9/A', 'SC TO-T', 'SC TO-T/A']",True,False,True,True,tender_offer,True,True,False,complex
005-88972,32,18,15,3,True,['SC 13E3' 'SC 13E3/A' 'SC 14D9' 'SC 14D9/A' 'SC TO-T' 'SC TO-T/A'],['going_private' 'target_recommendation' 'third_party_tender'],mixed,"['Aimmune Therapeutics, Inc.']","Aimmune Therapeutics, Inc.",['0001631650' '0001803539'],0001631650,[],2020-09-14,2020-10-13,29,14,18,"['SC 13E3', 'SC 13E3/A', 'SC 14D9', 'SC 14D9/A', 'SC TO-T', 'SC TO-T/A']",True,False,True,True,tender_offer,True,True,False,complex
005-88982,14,10,8,2,True,['SC 14D9' 'SC 14D9/A' 'SC TO-T' 'SC TO-T/A'],['target_recommendation' 'third_party_tender'],mixed,"['Hostess Brands, Inc.']","Hostess Brands, Inc.",['0000091419' '0001644406'],0000091419,[],2023-10-10,2023-11-07,28,4,10,"['SC 14D9', 'SC 14D9/A', 'SC TO-T', 'SC TO-T/A']",True,False,True,True,tender_offer,True,True,False,complex
005-89169,23,9,7,2,True,['SC 14D9' 'SC 14D9/A' 'SC TO-T' 'SC TO-T/A'],['target_recommendation' 'third_party_tender'],mixed,"['MyoKardia, Inc.']","MyoKardia, Inc.",['0000014272' '0001552451'],0000014272,[],2020-10-19,2020-11-17,29,14,9,"['SC 14D9', 'SC 14D9/A', 'SC TO-T', 'SC TO-T/A']",True,False,True,True,tender_offer,True,True,False,complex
005-89253,49,19,15,4,True,['SC 14D9' 'SC 14D9/A' 'SC TO-T' 'SC TO-T/A'],['target_recommendation' 'third_party_tender'],mixed,['Euronav NV' 'CMB.TECH NV'],Euronav NV,['0001604481' '0001910283'],0001604481,['CMBT'],2024-02-14,2024-11-22,282,30,19,"['SC 14D9', 'SC 14D9/A', 'SC TO-T', 'SC TO-T/A']",True,False,True,True,tender_offer,True,True,False,complex
005-89329,16,5,3,2,True,['SC 14D9' 'SC 14D9/A' 'SC TO-T' 'SC TO-T/A'],['target_recommendation' 'third_party_tender'],mixed,['INSTRUCTURE INC'],INSTRUCTURE INC,['0001355754' '0001803476'],0001355754,[],2020-02-24,2020-03-23,28,11,5,"['SC 14D9', 'SC 14D9/A', 'SC TO-T', 'SC TO-T/A']",True,False,True,True,tender_offer,True,True,False,simple
005-89510,20,10,8,2,True,['SC 14D9' 'SC 14D9/A' 'SC TO-T' 'SC TO-T/A'],['target_recommendation' 'third_party_tender'],mixed,['Merus N.V.'],Merus N.V.,['0001434265' '0001651311'],0001434265,['MRUS'],2025-10-21,2025-12-30,70,10,10,"['SC 14D9', 'SC 14D9/A', 'SC TO-T', 'SC TO-T/A']",True,False,True,True,tender_offer,True,True,False,complex
005-89574,4,4,4,0,True,['SC 14D9/A' 'SC TO-T/A'],['target_recommendation' 'third_party_tender'],mixed,"['Audentes Therapeutics, Inc.']","Audentes Therapeutics, Inc.",['0001376684' '0001628738'],0001376684,[],2020-01-07,2020-01-15,8,0,4,"['SC 14D9/A', 'SC TO-T/A']",True,False,True,True,tender_offer,True,True,False,simple
005-89596,19,6,3,3,True,['SC 14D9' 'SC TO-I' 'SC TO-I/A' 'SC TO-T' 'SC TO-T/A'],['issuer_tender' 'target_recommendation' 'third_party_tender'],mixed,"['Healthcare Trust, Inc.']","Healthcare Trust, Inc.",['0001561032' '0001726993'],0001561032,['HLTC' 'HTIA' 'HTIBP'],2020-01-09,2020-03-17,68,13,6,"['SC 14D9', 'SC TO-I', 'SC TO-I/A', 'SC TO-T', 'SC TO-T/A']",True,True,True,True,tender_offer,True,True,False,simple
005-89626,78,40,38,2,True,['SC 14D9' 'SC 14D9/A' 'SC TO-T' 'SC TO-T/A'],['target_recommendation' 'third_party_tender'],mixed,"['F-star Therapeutics, Inc.']","F-star Therapeutics, Inc.",['0001566373' '0001932556'],0001566373,[],2022-07-07,2023-03-09,245,38,40,"['SC 14D9', 'SC 14D9/A', 'SC TO-T', 'SC TO-T/A']",True,False,True,True,tender_offer,True,True,False,complex
005-89831,22,8,5,3,True,['SC 14D9' 'SC 14D9/A' 'SC TO-T' 'SC TO-T/A'],['target_recommendation' 'third_party_tender'],mixed,"['Jounce Therapeutics, Inc.']","Jounce Therapeutics, Inc.",['0001640455' '0001972123'],0001640455,[],2023-03-27,2023-05-04,38,14,8,"['SC 14D9', 'SC 14D9/A', 'SC TO-T', 'SC TO-T/A']",True,False,True,True,tender_offer,True,True,False,simple
005-89857,28,10,8,2,True,['SC 14D9' 'SC 14D9/A' 'SC TO-T' 'SC TO-T/A'],['target_recommendation' 'third_party_tender'],mixed,['Talend S.A.'],Talend S.A.,['0001668105' '0001849479'],0001668105,[],2021-06-11,2021-08-10,60,18,10,"['SC 14D9', 'SC 14D9/A', 'SC TO-T', 'SC TO-T/A']",True,False,True,True,tender_offer,True,True,False,complex
005-89859,56,28,25,3,True,['SC 13E3' 'SC 13E3/A' 'SC 14D9' 'SC 14D9/A' 'SC TO-T' 'SC TO-T/A'],['going_private' 'target_recommendation' 'third_party_tender'],mixed,['LINE Corp'],LINE Corp,['0001611820' '0001730798'],0001611820,[],2020-05-27,2021-02-19,268,28,28,"['SC 13E3', 'SC 13E3/A', 'SC 14D9', 'SC 14D9/A', 'SC TO-T', 'SC TO-T/A']",True,False,True,True,tender_offer,True,True,False,complex
005-89876,20,8,5,3,True,['SC 14D9' 'SC 14D9/A' 'SC TO-T' 'SC TO-T/A'],['target_recommendation' 'third_party_tender'],mixed,['At Home Group Inc.'],At Home Group Inc.,['0001646228' '0001697591' '0001868485'],0001646228,[],2021-06-21,2021-07-23,32,12,8,"['SC 14D9', 'SC 14D9/A', 'SC TO-T', 'SC TO-T/A']",True,False,True,True,tender_offer,True,True,False,simple
005-89877,27,13,11,2,True,['SC 14D9' 'SC 14D9/A' 'SC TO-T' 'SC TO-T/A'],['target_recommendation' 'third_party_tender'],mixed,['GMS Inc.'],GMS Inc.,['0000354950' '0001600438'],0000354950,['GMS'],2025-07-14,2025-09-04,52,14,13,"['SC 14D9', 'SC 14D9/A', 'SC TO-T', 'SC TO-T/A']",True,False,True,True,tender_offer,True,True,False,complex
005-89905,31,9,5,4,True,['SC 14D9' 'SC TO-T' 'SC TO-T/A'],['target_recommendation' 'third_party_tender'],mixed,"['Benefit Street Partners Realty Trust, Inc.']","Benefit Street Partners Realty Trust, Inc.",['0001562528' '0001726993'],0001562528,['FBRT' 'FBRT-PE'],2020-10-23,2021-07-06,256,22,9,"['SC 14D9', 'SC TO-T', 'SC TO-T/A']",True,False,True,True,tender_offer,True,True,False,simple
005-89908,30,18,16,2,True,['SC 14D9' 'SC 14D9/A' 'SC TO-T' 'SC TO-T/A'],['target_recommendation' 'third_party_tender'],mixed,['Playa Hotels & Resorts N.V.'],Playa Hotels & Resorts N.V.,['0001468174' '0001692412'],0001468174,['PLYA'],2025-02-24,2025-06-17,113,12,18,"['SC 14D9', 'SC 14D9/A', 'SC TO-T', 'SC TO-T/A']",True,False,True,True,tender_offer,True,True,False,complex
005-89940,158,64,62,2,True,['SC 14D9' 'SC 14D9/A' 'SC TO-T' 'SC TO-T/A'],['target_recommendation' 'third_party_tender'],mixed,"['Southwest Gas Holdings, Inc.']","Southwest Gas Holdings, Inc.",['0001692115' '0001889149'],0001692115,['SWX'],2021-10-27,2022-05-23,208,94,64,"['SC 14D9', 'SC 14D9/A', 'SC TO-T', 'SC TO-T/A']",True,False,True,True,tender_offer,True,True,False,complex
005-90031,18,7,5,2,True,['SC 14D9' 'SC 14D9/A' 'SC TO-T' 'SC TO-T/A'],['target_recommendation' 'third_party_tender'],mixed,"['Blue Apron Holdings, Inc.']","Blue Apron Holdings, Inc.",['0001701114' '0001995164'],0001701114,[],2023-10-13,2023-11-13,31,11,7,"['SC 14D9', 'SC 14D9/A', 'SC TO-T', 'SC TO-T/A']",True,False,True,True,tender_offer,True,True,False,simple
005-90033,11,4,2,2,True,['SC 14D9' 'SC 14D9/A' 'SC TO-T' 'SC TO-T/A'],['target_recommendation' 'third_party_tender'],mixed,"['Mersana Therapeutics, Inc.']","Mersana Therapeutics, Inc.",['0001442836' '0001845337'],0001442836,['MRSN'],2025-12-05,2025-12-29,24,7,4,"['SC 14D9', 'SC 14D9/A', 'SC TO-T', 'SC TO-T/A']",True,False,True,True,tender_offer,True,True,False,simple
005-90051,37,19,16,3,True,['SC 13E3' 'SC 13E3/A' 'SC 14D9' 'SC 14D9/A' 'SC TO-T' 'SC TO-T/A'],['going_private' 'target_recommendation' 'third_party_tender'],mixed,"['AKCEA THERAPEUTICS, INC.']","AKCEA THERAPEUTICS, INC.",['0000874015' '0001662524'],0000874015,[],2020-09-14,2020-10-13,29,18,19,"['SC 13E3', 'SC 13E3/A', 'SC 14D9', 'SC 14D9/A', 'SC TO-T', 'SC TO-T/A']",True,False,True,True,tender_offer,True,True,False,complex
005-90130,22,8,6,2,True,['SC 14D9' 'SC 14D9/A' 'SC TO-T' 'SC TO-T/A'],['target_recommendation' 'third_party_tender'],mixed,"['Deciphera Pharmaceuticals, Inc.']","Deciphera Pharmaceuticals, Inc.",['0001654151' '0002020962'],0001654151,[],2024-05-13,2024-06-11,29,14,8,"['SC 14D9', 'SC 14D9/A', 'SC TO-T', 'SC TO-T/A']",True,False,True,True,tender_offer,True,True,False,complex
005-90160,23,8,6,2,True,['SC 14D9' 'SC 14D9/A' 'SC TO-T' 'SC TO-T/A'],['target_recommendation' 'third_party_tender'],mixed,"['FORESCOUT TECHNOLOGIES, INC']","FORESCOUT TECHNOLOGIES, INC",['0001145057' '0001817892'],0001145057,[],2020-07-20,2020-08-17,28,15,8,"['SC 14D9', 'SC 14D9/A', 'SC TO-T', 'SC TO-T/A']",True,False,True,True,tender_offer,True,True,False,complex
005-90193,24,12,10,2,True,['SC 14D9' 'SC 14D9/A' 'SC TO-T' 'SC TO-T/A'],['target_recommendation' 'third_party_tender'],mixed,['scPharmaceuticals Inc.'],scPharmaceuticals Inc.,['0000899460' '0001604950'],0000899460,['SCPH'],2025-09-08,2025-10-07,29,12,12,"['SC 14D9', 'SC 14D9/A', 'SC TO-T', 'SC TO-T/A']",True,False,True,True,tender_offer,True,True,False,complex
005-90214,22,7,5,2,True,['SC 14D9' 'SC 14D9/A' 'SC TO-T' 'SC TO-T/A'],['target_recommendation' 'third_party_tender'],mixed,"['G1 Therapeutics, Inc.']","G1 Therapeutics, Inc.",['0001560241' '0002032940'],0001560241,['GTHX'],2024-08-20,2024-09-18,29,15,7,"['SC 14D9', 'SC 14D9/A', 'SC TO-T', 'SC TO-T/A']",True,False,True,True,tender_offer,True,True,False,simple
005-90234,220,48,31,17,True,['SC 14D9' 'SC 14D9/A' 'SC TO-I' 'SC TO-I/A' 'SC TO-T' 'SC TO-T/A'],['issuer_tender' 'target_recommendation' 'third_party_tender'],mixed,"['Carlyle Credit Solutions, Inc.']","Carlyle Credit Solutions, Inc.",['0001702510' '0001918593'],0001702510,[],2022-04-05,2025-12-22,1357,172,48,"['SC 14D9', 'SC 14D9/A', 'SC TO-I', 'SC TO-I/A', 'SC TO-T', 'SC TO-T/A']",True,True,True,True,tender_offer,True,True,False,complex
005-90238,12,6,4,2,True,['SC 14D9' 'SC 14D9/A' 'SC TO-T' 'SC TO-T/A'],['target_recommendation' 'third_party_tender'],mixed,"['Parking REIT, Inc.']","Parking REIT, Inc.",['0001642985' '0001879127'],0001642985,[],2021-10-05,2021-11-09,35,6,6,"['SC 14D9', 'SC 14D9/A', 'SC TO-T', 'SC TO-T/A']",True,False,True,True,tender_offer,True,True,False,simple
005-90261,47,15,10,5,True,['SC 14D9' 'SC TO-I' 'SC TO-I/A' 'SC TO-T' 'SC TO-T/A'],['issuer_tender' 'target_recommendation' 'third_party_tender'],mixed,"['American Strategic Investment Co.' 'New York City REIT, Inc.']",American Strategic Investment Co.,['0001595527' '0001907225'],0001595527,['NYC'],2020-12-28,2024-07-16,1296,32,15,"['SC 14D9', 'SC TO-I', 'SC TO-I/A', 'SC TO-T', 'SC TO-T/A']",True,True,True,True,tender_offer,True,True,False,complex
005-90381,45,19,13,6,True,['SC 13E3' 'SC 13E3/A' 'SC 14D9' 'SC 14D9/A' 'SC TO-T' 'SC TO-T/A'],['going_private' 'target_recommendation' 'third_party_tender'],mixed,"['Banco Santander Mexico S.A., Institucion de Banca Multiple, Grupo Financiero Santander Mexico']","Banco Santander Mexico S.A., Institucion de Banca Multiple, Grupo Financiero Santander Mexico",['0000891478' '0001698287'],0000891478,[],2021-11-03,2023-11-16,743,26,19,"['SC 13E3', 'SC 13E3/A', 'SC 14D9', 'SC 14D9/A', 'SC TO-T', 'SC TO-T/A']",True,False,True,True,tender_offer,True,True,False,complex
005-90489,20,7,4,3,True,['SC 14D9' 'SC 14D9/A' 'SC TO-T' 'SC TO-T/A'],['target_recommendation' 'third_party_tender'],mixed,"['Pluralsight, Inc.']","Pluralsight, Inc.",['0001107310' '0001725579' '0001849302'],0001107310,[],2021-03-09,2021-04-06,28,13,7,"['SC 14D9', 'SC 14D9/A', 'SC TO-T', 'SC TO-T/A']",True,False,True,True,tender_offer,True,True,False,simple
005-90536,18,7,4,3,True,['SC 14D9' 'SC 14D9/A' 'SC TO-T' 'SC TO-T/A'],['target_recommendation' 'third_party_tender'],mixed,['Landsea Homes Corp'],Landsea Homes Corp,['0001721386' '0001784683'],0001721386,['LSEA' 'LSEAW'],2025-05-13,2025-06-24,42,11,7,"['SC 14D9', 'SC 14D9/A', 'SC TO-T', 'SC TO-T/A']",True,False,True,True,tender_offer,True,True,False,simple
005-90545,23,9,7,2,True,['SC 14D9' 'SC 14D9/A' 'SC TO-T' 'SC TO-T/A'],['target_recommendation' 'third_party_tender'],mixed,"['Provention Bio, Inc.']","Provention Bio, Inc.",['0001121404' '0001695357'],0001121404,[],2023-03-24,2023-04-27,34,14,9,"['SC 14D9', 'SC 14D9/A', 'SC TO-T', 'SC TO-T/A']",True,False,True,True,tender_offer,True,True,False,complex
005-90546,40,15,11,4,True,['SC 13E3' 'SC 13E3/A' 'SC 14D9' 'SC 14D9/A' 'SC TO-T' 'SC TO-T/A'],['going_private' 'target_recommendation' 'third_party_tender'],mixed,['Grindrod Shipping Holdings Ltd.'],Grindrod Shipping Holdings Ltd.,['0001725293' '0001899852'],0001725293,[],2022-10-28,2024-08-16,658,25,15,"['SC 13E3', 'SC 13E3/A', 'SC 14D9', 'SC 14D9/A', 'SC TO-T', 'SC TO-T/A']",True,False,True,True,tender_offer,True,True,False,complex
005-90547,13,7,5,2,True,['SC 14D9' 'SC 14D9/A' 'SC TO-T' 'SC TO-T/A'],['target_recommendation' 'third_party_tender'],mixed,"['Translate Bio, Inc.']","Translate Bio, Inc.",['0001121404' '0001693415'],0001121404,[],2021-08-16,2021-09-14,29,6,7,"['SC 14D9', 'SC 14D9/A', 'SC TO-T', 'SC TO-T/A']",True,False,True,True,tender_offer,True,True,False,simple
005-90560,21,13,11,2,True,['SC 14D9' 'SC 14D9/A' 'SC TO-T' 'SC TO-T/A'],['target_recommendation' 'third_party_tender'],mixed,"['Forty Seven, Inc.']","Forty Seven, Inc.",['0000882095' '0001667633'],0000882095,[],2020-03-10,2020-04-07,28,8,13,"['SC 14D9', 'SC 14D9/A', 'SC TO-T', 'SC TO-T/A']",True,False,True,True,tender_offer,True,True,False,complex
005-90567,119,36,14,22,True,['SC 14D9' 'SC TO-T' 'SC TO-T/A'],['target_recommendation' 'third_party_tender'],mixed,"['CNL Healthcare Properties, Inc.']","CNL Healthcare Properties, Inc.",['0001496454' '0001726993' '0001997952'],0001496454,['CHTH'],2020-08-03,2025-06-09,1771,83,36,"['SC 14D9', 'SC TO-T', 'SC TO-T/A']",True,False,True,True,tender_offer,True,True,False,complex
005-90572,21,10,8,2,True,['SC 14D9' 'SC 14D9/A' 'SC TO-T' 'SC TO-T/A'],['target_recommendation' 'third_party_tender'],mixed,['CONSTELLATION PHARMACEUTICALS INC'],CONSTELLATION PHARMACEUTICALS INC,['0001340243' '0001434418'],0001340243,[],2021-06-16,2021-07-15,29,11,10,"['SC 14D9', 'SC 14D9/A', 'SC TO-T', 'SC TO-T/A']",True,False,True,True,tender_offer,True,True,False,complex
005-90578,11,4,2,2,True,['SC 14D9' 'SC 14D9/A' 'SC TO-T' 'SC TO-T/A'],['target_recommendation' 'third_party_tender'],mixed,['Allakos Inc.'],Allakos Inc.,['0001564824' '0002064010'],0001564824,['ALLK'],2025-04-15,2025-05-15,30,7,4,"['SC 14D9', 'SC 14D9/A', 'SC TO-T', 'SC TO-T/A']",True,False,True,True,tender_offer,True,True,False,simple
005-90632,63,20,8,12,True,['SC 14D9' 'SC TO-T' 'SC TO-T/A'],['target_recommendation' 'third_party_tender'],mixed,"['Inland Real Estate Income Trust, Inc.']","Inland Real Estate Income Trust, Inc.",['0001528985' '0001726993'],0001528985,['INRE'],2022-07-29,2025-04-25,1001,44,19,"['SC 14D9', 'SC TO-T', 'SC TO-T/A']",True,False,True,True,tender_offer,True,True,False,complex
005-90643,19,9,7,2,True,['SC 14D9' 'SC 14D9/A' 'SC TO-T' 'SC TO-T/A'],['target_recommendation' 'third_party_tender'],mixed,['Principia Biopharma Inc.'],Principia Biopharma Inc.,['0001121404' '0001510487'],0001121404,[],2020-08-28,2020-09-28,31,10,9,"['SC 14D9', 'SC 14D9/A', 'SC TO-T', 'SC TO-T/A']",True,False,True,True,tender_offer,True,True,False,complex
005-90649,20,6,4,2,True,['SC 14D9' 'SC 14D9/A' 'SC TO-T' 'SC TO-T/A'],['target_recommendation' 'third_party_tender'],mixed,"['Y-mAbs Therapeutics, Inc.']","Y-mAbs Therapeutics, Inc.",['0001722964' '0002079359'],0001722964,['YMAB'],2025-08-18,2025-09-16,29,14,6,"['SC 14D9', 'SC 14D9/A', 'SC TO-T', 'SC TO-T/A']",True,False,True,True,tender_offer,True,True,False,simple
005-90651,35,15,10,5,True,"['SC 13E3' 'SC 13E3/A' 'SC 14D9' 'SC 14D9/A' 'SC TO-I' 'SC TO-I/A'
 'SC TO-T' 'SC TO-T/A']","['going_private' 'issuer_tender' 'target_recommendation'
 'third_party_tender']",mixed,['Entasis Therapeutics Holdings Inc.'],Entasis Therapeutics Holdings Inc.,['0001080014' '0001724344'],0001080014,[],2021-06-17,2022-07-08,386,20,15,"['SC 13E3', 'SC 13E3/A', 'SC 14D9', 'SC 14D9/A', 'SC TO-I', 'SC TO-I/A', 'SC TO-T', 'SC TO-T/A']",True,True,True,True,tender_offer,True,True,False,complex
005-90696,20,4,2,2,True,['SC 14D9' 'SC 14D9/A' 'SC TO-T' 'SC TO-T/A'],['target_recommendation' 'third_party_tender'],mixed,"['LogicBio Therapeutics, Inc.']","LogicBio Therapeutics, Inc.",['0000899866' '0001664106'],0000899866,[],2022-10-18,2022-11-16,29,16,4,"['SC 14D9', 'SC 14D9/A', 'SC TO-T', 'SC TO-T/A']",True,False,True,True,tender_offer,True,True,False,simple
005-90716,40,11,7,4,True,['SC 14D9' 'SC TO-T' 'SC TO-T/A'],['target_recommendation' 'third_party_tender'],mixed,['Life Partners Position Holder Trust'],Life Partners Position Holder Trust,['0001692144' '0001761828'],0001692144,[],2020-10-28,2021-08-20,296,28,11,"['SC 14D9', 'SC TO-T', 'SC TO-T/A']",True,False,True,True,tender_offer,True,True,False,complex
005-90741,10,8,8,0,True,['SC 14D9/A' 'SC TO-T/A'],['target_recommendation' 'third_party_tender'],mixed,"['Synthorx, Inc.']","Synthorx, Inc.",['0001121404' '0001609727'],0001121404,[],2020-01-07,2020-01-23,16,2,8,"['SC 14D9/A', 'SC TO-T/A']",True,False,True,True,tender_offer,True,True,False,complex
005-90824,18,8,4,4,True,['SC 14D9' 'SC TO-T' 'SC TO-T/A'],['target_recommendation' 'third_party_tender'],mixed,['Pure Acquisition Corp.'],Pure Acquisition Corp.,['0001726293' '0001735983'],0001726293,[],2020-01-21,2020-08-03,195,10,8,"['SC 14D9', 'SC TO-T', 'SC TO-T/A']",True,False,True,True,tender_offer,True,True,False,simple
005-90832,46,20,18,2,True,['SC 14D9' 'SC 14D9/A' 'SC TO-T' 'SC TO-T/A'],['target_recommendation' 'third_party_tender'],mixed,"['WYNDHAM HOTELS & RESORTS, INC.']","WYNDHAM HOTELS & RESORTS, INC.",['0001046311' '0001722684'],0001046311,['WH'],2023-12-12,2024-03-18,97,26,20,"['SC 14D9', 'SC 14D9/A', 'SC TO-T', 'SC TO-T/A']",True,False,True,True,tender_offer,True,True,False,complex
005-90872,111,33,29,4,True,['SC 14D9' 'SC 14D9/A' 'SC TO-T' 'SC TO-T/A'],['target_recommendation' 'third_party_tender'],mixed,['MorphoSys AG'],MorphoSys AG,['0001114448' '0001340243'],0001114448,['MPSYF'],2024-04-11,2024-08-13,124,78,33,"['SC 14D9', 'SC 14D9/A', 'SC TO-T', 'SC TO-T/A']",True,False,True,True,tender_offer,True,True,False,complex
005-90933,38,17,15,2,True,['SC 14D9' 'SC 14D9/A' 'SC TO-T' 'SC TO-T/A'],['target_recommendation' 'third_party_tender'],mixed,"['Romeo Power, Inc.']","Romeo Power, Inc.",['0001731289' '0001757932'],0001731289,[],2022-08-29,2022-10-14,46,21,17,"['SC 14D9', 'SC 14D9/A', 'SC TO-T', 'SC TO-T/A']",True,False,True,True,tender_offer,True,True,False,complex
005-90978,30,10,7,3,True,['SC 13E3' 'SC 13E3/A' 'SC 14D9' 'SC 14D9/A' 'SC TO-T' 'SC TO-T/A'],['going_private' 'target_recommendation' 'third_party_tender'],mixed,['NGM BIOPHARMACEUTICALS INC'],NGM BIOPHARMACEUTICALS INC,['0001347769' '0001426332'],0001347769,[],2024-03-08,2024-04-05,28,20,10,"['SC 13E3', 'SC 13E3/A', 'SC 14D9', 'SC 14D9/A', 'SC TO-T', 'SC TO-T/A']",True,False,True,True,tender_offer,True,True,False,complex
005-90986,21,10,8,2,True,['SC 14D9' 'SC 14D9/A' 'SC TO-T' 'SC TO-T/A'],['target_recommendation' 'third_party_tender'],mixed,"['Turning Point Therapeutics, Inc.']","Turning Point Therapeutics, Inc.",['0000014272' '0001595893'],0000014272,[],2022-06-17,2022-08-16,60,11,10,"['SC 14D9', 'SC 14D9/A', 'SC TO-T', 'SC TO-T/A']",True,False,True,True,tender_offer,True,True,False,complex
005-91017,11,2,0,2,False,['SC 14D9' 'SC TO-T'],['target_recommendation' 'third_party_tender'],mixed,"['Applied Therapeutics, Inc.']","Applied Therapeutics, Inc.",['0001697532' '0002102677'],0001697532,['APLT'],2025-12-29,2025-12-29,0,9,2,"['SC 14D9', 'SC TO-T']",True,False,True,True,tender_offer,True,True,False,out_of_mvp
005-91049,24,10,8,2,True,['SC 14D9' 'SC 14D9/A' 'SC TO-T' 'SC TO-T/A'],['target_recommendation' 'third_party_tender'],mixed,['Prevail Therapeutics Inc.'],Prevail Therapeutics Inc.,['0000059478' '0001714798'],0000059478,[],2020-12-22,2021-01-22,31,14,10,"['SC 14D9', 'SC 14D9/A', 'SC TO-T', 'SC TO-T/A']",True,False,True,True,tender_offer,True,True,False,complex
005-91053,21,8,6,2,True,['SC 14D9' 'SC 14D9/A' 'SC TO-T' 'SC TO-T/A'],['target_recommendation' 'third_party_tender'],mixed,"['Morphic Holding, Inc.']","Morphic Holding, Inc.",['0000059478' '0001679363'],0000059478,[],2024-07-19,2024-08-16,28,13,8,"['SC 14D9', 'SC 14D9/A', 'SC TO-T', 'SC TO-T/A']",True,False,True,True,tender_offer,True,True,False,complex
005-91083,10,7,5,2,True,['SC 14D9' 'SC 14D9/A' 'SC TO-T' 'SC TO-T/A'],['target_recommendation' 'third_party_tender'],mixed,['Carlyle Credit Income Fund'],Carlyle Credit Income Fund,['0001517767' '0001790577'],0001517767,['CCIA' 'CCIF'],2023-07-18,2023-08-30,43,3,7,"['SC 14D9', 'SC 14D9/A', 'SC TO-T', 'SC TO-T/A']",True,False,True,True,tender_offer,True,True,False,simple
005-91126,28,13,10,3,True,['SC 13E3' 'SC 13E3/A' 'SC 14D9' 'SC 14D9/A' 'SC TO-T' 'SC TO-T/A'],['going_private' 'target_recommendation' 'third_party_tender'],mixed,"['Satsuma Pharmaceuticals, Inc.']","Satsuma Pharmaceuticals, Inc.",['0001657770' '0001692830'],0001657770,[],2023-05-05,2023-06-08,34,15,13,"['SC 13E3', 'SC 13E3/A', 'SC 14D9', 'SC 14D9/A', 'SC TO-T', 'SC TO-T/A']",True,False,True,True,tender_offer,True,True,False,complex
005-91132,25,8,5,3,True,['SC 14D9' 'SC 14D9/A' 'SC TO-I' 'SC TO-I/A' 'SC TO-T' 'SC TO-T/A'],['issuer_tender' 'target_recommendation' 'third_party_tender'],mixed,"['IGM Biosciences, Inc.']","IGM Biosciences, Inc.",['0001496323' '0001970065'],0001496323,['IGMS'],2024-06-20,2025-08-14,420,17,8,"['SC 14D9', 'SC 14D9/A', 'SC TO-I', 'SC TO-I/A', 'SC TO-T', 'SC TO-T/A']",True,True,True,True,tender_offer,True,True,False,simple
005-91167,34,12,10,2,True,['SC 14D9' 'SC 14D9/A' 'SC TO-T' 'SC TO-T/A'],['target_recommendation' 'third_party_tender'],mixed,"['Viela Bio, Inc.']","Viela Bio, Inc.",['0001492426' '0001734517'],0001492426,[],2021-02-12,2021-03-15,31,23,11,"['SC 14D9', 'SC 14D9/A', 'SC TO-T', 'SC TO-T/A']",True,False,True,True,tender_offer,True,True,False,complex
005-91186,25,8,5,3,True,['SC 14D9' 'SC 14D9/A' 'SC TO-T' 'SC TO-T/A'],['target_recommendation' 'third_party_tender'],mixed,"['Oyster Point Pharma, Inc.']","Oyster Point Pharma, Inc.",['0001720725' '0001792044'],0001720725,[],2022-12-01,2023-01-03,33,17,8,"['SC 14D9', 'SC 14D9/A', 'SC TO-T', 'SC TO-T/A']",True,False,True,True,tender_offer,True,True,False,simple
005-91200,18,6,4,2,True,['SC 14D9' 'SC 14D9/A' 'SC TO-T' 'SC TO-T/A'],['target_recommendation' 'third_party_tender'],mixed,"['89bio, Inc.']","89bio, Inc.",['0000904566' '0001785173'],0000904566,['ETNB'],2025-10-01,2025-10-30,29,12,6,"['SC 14D9', 'SC 14D9/A', 'SC TO-T', 'SC TO-T/A']",True,False,True,True,tender_offer,True,True,False,simple
005-91208,1,1,1,0,True,['SC TO-T/A'],['third_party_tender'],third_party_tender,"['Hartman Short Term Income Properties XX, Inc.']","Hartman Short Term Income Properties XX, Inc.",['0001446687' '0001659587'],0001446687,[],2020-01-07,2020-01-07,0,0,1,['SC TO-T/A'],True,False,False,True,tender_offer,True,False,False,simple
005-91241,16,7,6,1,True,['SC 14D9' 'SC 14D9/A' 'SC TO-T/A'],['target_recommendation' 'third_party_tender'],mixed,['Woodbridge Liquidation Trust'],Woodbridge Liquidation Trust,['0001785494' '0001794661'],0001785494,['WBQNL'],2020-01-06,2020-02-05,30,9,7,"['SC 14D9', 'SC 14D9/A', 'SC TO-T/A']",True,False,True,True,tender_offer,True,True,False,complex
005-91359,32,15,12,3,True,['SC 13E3' 'SC 13E3/A' 'SC 14D9' 'SC 14D9/A' 'SC TO-T' 'SC TO-T/A'],['going_private' 'target_recommendation' 'third_party_tender'],mixed,['Wanda Sports Group Co Ltd'],Wanda Sports Group Co Ltd,['0001594326' '0001771279'],0001594326,[],2020-12-23,2021-04-09,107,17,15,"['SC 13E3', 'SC 13E3/A', 'SC 14D9', 'SC 14D9/A', 'SC TO-T', 'SC TO-T/A']",True,False,True,True,tender_offer,True,True,False,complex
005-91482,6,1,1,0,True,['SC TO-T/A'],['third_party_tender'],third_party_tender,['APERTURE TECHNOLOGIES INC'],APERTURE TECHNOLOGIES INC,['0000940911' '0001415798'],0000940911,[],2020-07-16,2020-07-16,0,5,1,['SC TO-T/A'],True,False,False,True,tender_offer,True,False,False,simple
005-91521,24,9,7,2,True,['SC 14D9' 'SC 14D9/A' 'SC TO-T' 'SC TO-T/A'],['target_recommendation' 'third_party_tender'],mixed,"['Inari Medical, Inc.']","Inari Medical, Inc.",['0000310764' '0001531048'],0000310764,['NARI'],2025-01-17,2025-02-19,33,15,9,"['SC 14D9', 'SC 14D9/A', 'SC TO-T', 'SC TO-T/A']",True,False,True,True,tender_offer,True,True,False,complex
005-91523,25,10,8,2,True,['SC 14D9' 'SC 14D9/A' 'SC TO-T' 'SC TO-T/A'],['target_recommendation' 'third_party_tender'],mixed,['Calliditas Therapeutics AB'],Calliditas Therapeutics AB,['0001446531' '0001795579'],0001446531,['CALT'],2024-07-18,2024-09-18,62,15,10,"['SC 14D9', 'SC 14D9/A', 'SC TO-T', 'SC TO-T/A']",True,False,True,True,tender_offer,True,True,False,complex
005-91541,22,8,6,2,True,['SC 14D9' 'SC 14D9/A' 'SC TO-T' 'SC TO-T/A'],['target_recommendation' 'third_party_tender'],mixed,"['Forma Therapeutics Holdings, Inc.']","Forma Therapeutics Holdings, Inc.",['0000353278' '0001538927'],0000353278,[],2022-09-15,2022-10-14,29,14,8,"['SC 14D9', 'SC 14D9/A', 'SC TO-T', 'SC TO-T/A']",True,False,True,True,tender_offer,True,True,False,complex
005-91555,18,9,7,2,True,['SC 14D9' 'SC 14D9/A' 'SC TO-T' 'SC TO-T/A'],['target_recommendation' 'third_party_tender'],mixed,"['Akouos, Inc.']","Akouos, Inc.",['0000059478' '0001722271'],0000059478,[],2022-10-31,2022-11-30,30,9,9,"['SC 14D9', 'SC 14D9/A', 'SC TO-T', 'SC TO-T/A']",True,False,True,True,tender_offer,True,True,False,complex
005-91572,1,1,0,1,False,['SC TO-T'],['third_party_tender'],third_party_tender,['E*TRADE FUTURES LLC'],E*TRADE FUTURES LLC,['0000940911' '0001415798'],0000940911,[],2020-07-15,2020-07-15,0,0,1,['SC TO-T'],True,False,False,True,tender_offer,True,False,False,out_of_mvp
005-91575,30,17,15,2,True,['SC 14D9' 'SC 14D9/A' 'SC TO-T' 'SC TO-T/A'],['target_recommendation' 'third_party_tender'],mixed,['POINT Biopharma Global Inc.'],POINT Biopharma Global Inc.,['0000059478' '0001811764'],0000059478,[],2023-10-13,2023-12-26,74,13,17,"['SC 14D9', 'SC 14D9/A', 'SC TO-T', 'SC TO-T/A']",True,False,True,True,tender_offer,True,True,False,complex
005-91578,15,6,4,2,True,['SC 14D9' 'SC 14D9/A' 'SC TO-T' 'SC TO-T/A'],['target_recommendation' 'third_party_tender'],mixed,"['Pandion Therapeutics, Inc.']","Pandion Therapeutics, Inc.",['0000064978' '0001807901'],0000064978,[],2021-03-04,2021-04-01,28,9,6,"['SC 14D9', 'SC 14D9/A', 'SC TO-T', 'SC TO-T/A']",True,False,True,True,tender_offer,True,True,False,simple
005-91586,19,9,7,2,True,['SC 14D9' 'SC 14D9/A' 'SC TO-T' 'SC TO-T/A'],['target_recommendation' 'third_party_tender'],mixed,"['Inozyme Pharma, Inc.']","Inozyme Pharma, Inc.",['0001048477' '0001693011'],0001048477,['INZY'],2025-06-02,2025-07-01,29,10,9,"['SC 14D9', 'SC 14D9/A', 'SC TO-T', 'SC TO-T/A']",True,False,True,True,tender_offer,True,True,False,complex
005-91596,16,5,3,2,True,['SC 14D9' 'SC 14D9/A' 'SC TO-T' 'SC TO-T/A'],['target_recommendation' 'third_party_tender'],mixed,"['iTeos Therapeutics, Inc.']","iTeos Therapeutics, Inc.",['0001808865' '0001970065'],0001808865,['ITOS'],2025-08-01,2025-08-29,28,11,5,"['SC 14D9', 'SC 14D9/A', 'SC TO-T', 'SC TO-T/A']",True,False,True,True,tender_offer,True,True,False,simple
005-91599,31,13,10,3,True,['SC 13E3' 'SC 13E3/A' 'SC 14D9' 'SC TO-T' 'SC TO-T/A'],['going_private' 'target_recommendation' 'third_party_tender'],mixed,['Vasta Platform Ltd'],Vasta Platform Ltd,['0001792829' '0001844123'],0001792829,['VSTA'],2025-09-17,2025-12-11,85,18,13,"['SC 13E3', 'SC 13E3/A', 'SC 14D9', 'SC TO-T', 'SC TO-T/A']",True,False,True,True,tender_offer,True,True,False,complex
005-91606,23,10,8,2,True,['SC 14D9' 'SC 14D9/A' 'SC TO-T' 'SC TO-T/A'],['target_recommendation' 'third_party_tender'],mixed,"['Poseida Therapeutics, Inc.']","Poseida Therapeutics, Inc.",['0000904566' '0001661460'],0000904566,['PSTX'],2024-12-09,2025-01-08,30,13,10,"['SC 14D9', 'SC 14D9/A', 'SC TO-T', 'SC TO-T/A']",True,False,True,True,tender_offer,True,True,False,complex
005-91617,18,8,6,2,True,['SC 14D9' 'SC 14D9/A' 'SC TO-T' 'SC TO-T/A'],['target_recommendation' 'third_party_tender'],mixed,"['Checkmate Pharmaceuticals, Inc.']","Checkmate Pharmaceuticals, Inc.",['0000872589' '0001651431'],0000872589,[],2022-05-02,2022-05-31,29,10,8,"['SC 14D9', 'SC 14D9/A', 'SC TO-T', 'SC TO-T/A']",True,False,True,True,tender_offer,True,True,False,complex
005-91630,27,13,11,2,True,['SC 14D9' 'SC 14D9/A' 'SC TO-T' 'SC TO-T/A'],['target_recommendation' 'third_party_tender'],mixed,['CureVac N.V.'],CureVac N.V.,['0001776985' '0001809122'],0001776985,['CVAC'],2025-10-21,2025-12-18,58,14,13,"['SC 14D9', 'SC 14D9/A', 'SC TO-T', 'SC TO-T/A']",True,False,True,True,tender_offer,True,True,False,complex
005-91658,79,16,13,3,True,['SC 14D9' 'SC 14D9/A' 'SC TO-T' 'SC TO-T/A'],['target_recommendation' 'third_party_tender'],mixed,['Global Blue Group Holding AG'],Global Blue Group Holding AG,['0001794669' '0001799983'],0001794669,['GB' 'GB-WT' 'GBGWF'],2025-02-18,2025-07-03,135,63,16,"['SC 14D9', 'SC 14D9/A', 'SC TO-T', 'SC TO-T/A']",True,False,True,True,tender_offer,True,True,False,complex
005-91779,24,11,8,3,True,['SC 14D9' 'SC 14D9/A' 'SC TO-I' 'SC TO-I/A' 'SC TO-T' 'SC TO-T/A'],['issuer_tender' 'target_recommendation' 'third_party_tender'],mixed,['Paya Holdings Inc.'],Paya Holdings Inc.,['0001765159' '0001819881'],0001765159,[],2021-08-13,2023-02-22,558,13,11,"['SC 14D9', 'SC 14D9/A', 'SC TO-I', 'SC TO-I/A', 'SC TO-T', 'SC TO-T/A']",True,True,True,True,tender_offer,True,True,False,complex
005-91822,15,4,2,2,True,['SC 14D9' 'SC TO-T' 'SC TO-T/A'],['target_recommendation' 'third_party_tender'],mixed,"['MediaAlpha, Inc.']","MediaAlpha, Inc.",['0000776867' '0001818383'],0000776867,['MAX'],2023-05-26,2023-06-30,35,11,4,"['SC 14D9', 'SC TO-T', 'SC TO-T/A']",True,False,True,True,tender_offer,True,True,False,simple
005-91857,39,10,7,3,True,['SC 14D9' 'SC 14D9/A' 'SC TO-I' 'SC TO-I/A' 'SC TO-T' 'SC TO-T/A'],['issuer_tender' 'target_recommendation' 'third_party_tender'],mixed,"['Science 37 Holdings, Inc.']","Science 37 Holdings, Inc.",['0001819113' '0002008155'],0001819113,[],2023-04-03,2024-03-12,344,29,10,"['SC 14D9', 'SC 14D9/A', 'SC TO-I', 'SC TO-I/A', 'SC TO-T', 'SC TO-T/A']",True,True,True,True,tender_offer,True,True,False,complex
005-91893,20,7,5,2,True,['SC 14D9' 'SC 14D9/A' 'SC TO-T' 'SC TO-T/A'],['target_recommendation' 'third_party_tender'],mixed,['Kinnate Biopharma Inc.'],Kinnate Biopharma Inc.,['0000791908' '0001797768'],0000791908,[],2024-03-04,2024-04-03,30,13,7,"['SC 14D9', 'SC 14D9/A', 'SC TO-T', 'SC TO-T/A']",True,False,True,True,tender_offer,True,True,False,simple
005-92011,25,13,10,3,True,['SC 13E3' 'SC 13E3/A' 'SC 14D9' 'SC 14D9/A' 'SC TO-T' 'SC TO-T/A'],['going_private' 'target_recommendation' 'third_party_tender'],mixed,"['GreenLight Biosciences Holdings, PBC']","GreenLight Biosciences Holdings, PBC",['0001675025' '0001822691' '0001979560'],0001675025,[],2023-06-21,2023-07-20,29,12,13,"['SC 13E3', 'SC 13E3/A', 'SC 14D9', 'SC 14D9/A', 'SC TO-T', 'SC TO-T/A']",True,False,True,True,tender_offer,True,True,False,complex
005-92039,14,6,4,2,True,['SC 14D9' 'SC 14D9/A' 'SC TO-T' 'SC TO-T/A'],['target_recommendation' 'third_party_tender'],mixed,['PhenomeX Inc.'],PhenomeX Inc.,['0001109354' '0001689657'],0001109354,[],2023-08-31,2023-09-29,29,8,6,"['SC 14D9', 'SC 14D9/A', 'SC TO-T', 'SC TO-T/A']",True,False,True,True,tender_offer,True,True,False,simple
005-92141,16,6,4,2,True,['SC 14D9' 'SC 14D9/A' 'SC TO-T' 'SC TO-T/A'],['target_recommendation' 'third_party_tender'],mixed,['Lufax Holding Ltd'],Lufax Holding Ltd,['0001816007' '0001844293'],0001816007,['LU'],2024-09-27,2024-10-28,31,10,6,"['SC 14D9', 'SC 14D9/A', 'SC TO-T', 'SC TO-T/A']",True,False,True,True,tender_offer,True,True,False,simple
005-92176,16,6,4,2,True,['SC 14D9' 'SC 14D9/A' 'SC TO-T' 'SC TO-T/A'],['target_recommendation' 'third_party_tender'],mixed,"['Kronos Bio, Inc.']","Kronos Bio, Inc.",['0001741830' '0002068065'],0001741830,['KRON'],2025-05-15,2025-06-20,36,10,6,"['SC 14D9', 'SC 14D9/A', 'SC TO-T', 'SC TO-T/A']",True,False,True,True,tender_offer,True,True,False,simple
005-92195,17,8,6,2,True,['SC 14D9' 'SC 14D9/A' 'SC TO-T' 'SC TO-T/A'],['target_recommendation' 'third_party_tender'],mixed,"['Sigilon Therapeutics, Inc.']","Sigilon Therapeutics, Inc.",['0000059478' '0001821323'],0000059478,[],2023-07-13,2023-08-10,28,9,8,"['SC 14D9', 'SC 14D9/A', 'SC TO-T', 'SC TO-T/A']",True,False,True,True,tender_offer,True,True,False,complex
005-92302,17,8,6,2,True,['SC 14D9' 'SC 14D9/A' 'SC TO-T' 'SC TO-T/A'],['target_recommendation' 'third_party_tender'],mixed,"['Decibel Therapeutics, Inc.']","Decibel Therapeutics, Inc.",['0000872589' '0001656536'],0000872589,[],2023-08-25,2023-09-25,31,9,8,"['SC 14D9', 'SC 14D9/A', 'SC TO-T', 'SC TO-T/A']",True,False,True,True,tender_offer,True,True,False,complex
005-92379,26,9,7,2,True,['SC 14D9' 'SC 14D9/A' 'SC TO-T' 'SC TO-T/A'],['target_recommendation' 'third_party_tender'],mixed,"['Longboard Pharmaceuticals, Inc.']","Longboard Pharmaceuticals, Inc.",['0001206828' '0001832168'],0001206828,['LBPH'],2024-10-30,2024-11-29,30,17,9,"['SC 14D9', 'SC 14D9/A', 'SC TO-T', 'SC TO-T/A']",True,False,True,True,tender_offer,True,True,False,complex
005-92425,27,14,12,2,True,['SC 14D9' 'SC 14D9/A' 'SC TO-T' 'SC TO-T/A'],['target_recommendation' 'third_party_tender'],mixed,['LAVA Therapeutics NV'],LAVA Therapeutics NV,['0000791908' '0001840748'],0000791908,['LVTX'],2025-08-15,2025-11-21,98,13,14,"['SC 14D9', 'SC 14D9/A', 'SC TO-T', 'SC TO-T/A']",True,False,True,True,tender_offer,True,True,False,complex
005-92481,30,10,8,2,True,['SC 14D9' 'SC 14D9/A' 'SC TO-T' 'SC TO-T/A'],['target_recommendation' 'third_party_tender'],mixed,['VectivBio Holding AG'],VectivBio Holding AG,['0001446847' '0001836379'],0001446847,[],2023-05-31,2023-06-29,29,20,10,"['SC 14D9', 'SC 14D9/A', 'SC TO-T', 'SC TO-T/A']",True,False,True,True,tender_offer,True,True,False,complex
005-92501,23,9,6,3,True,['SC 14D9' 'SC 14D9/A' 'SC TO-T' 'SC TO-T/A'],['target_recommendation' 'third_party_tender'],mixed,['Rain Oncology Inc.'],Rain Oncology Inc.,['0001724979' '0001967854'],0001724979,[],2023-12-14,2024-01-26,43,14,9,"['SC 14D9', 'SC 14D9/A', 'SC TO-T', 'SC TO-T/A']",True,False,True,True,tender_offer,True,True,False,complex
005-92513,83,29,27,2,True,['SC 14D9' 'SC 14D9/A' 'SC TO-T' 'SC TO-T/A'],['target_recommendation' 'third_party_tender'],mixed,['PETROTEQ ENERGY INC.'],PETROTEQ ENERGY INC.,['0001561180' '0001888790'],0001561180,['PQEFF'],2021-10-25,2022-08-30,309,54,29,"['SC 14D9', 'SC 14D9/A', 'SC TO-T', 'SC TO-T/A']",True,False,True,True,tender_offer,True,True,False,complex
005-92543,25,8,6,2,True,['SC 14D9' 'SC 14D9/A' 'SC TO-T' 'SC TO-T/A'],['target_recommendation' 'third_party_tender'],mixed,"['Tourmaline Bio, Inc.']","Tourmaline Bio, Inc.",['0001114448' '0001827506'],0001114448,['TRML'],2025-09-29,2025-10-28,29,17,8,"['SC 14D9', 'SC 14D9/A', 'SC TO-T', 'SC TO-T/A']",True,False,True,True,tender_offer,True,True,False,complex
005-92605,17,8,6,2,True,['SC 14D9' 'SC 14D9/A' 'SC TO-T' 'SC TO-T/A'],['target_recommendation' 'third_party_tender'],mixed,"['Verve Therapeutics, Inc.']","Verve Therapeutics, Inc.",['0000059478' '0001840574'],0000059478,['VERV'],2025-06-25,2025-07-24,29,9,8,"['SC 14D9', 'SC 14D9/A', 'SC TO-T', 'SC TO-T/A']",True,False,True,True,tender_offer,True,True,False,complex
005-92647,13,4,2,2,True,['SC 14D9' 'SC 14D9/A' 'SC TO-T' 'SC TO-T/A'],['target_recommendation' 'third_party_tender'],mixed,"['Akili, Inc.']","Akili, Inc.",['0001850266' '0002023820'],0001850266,[],2024-06-03,2024-07-02,29,9,4,"['SC 14D9', 'SC 14D9/A', 'SC TO-T', 'SC TO-T/A']",True,False,True,True,tender_offer,True,True,False,simple
005-92657,13,4,2,2,True,['SC 14D9' 'SC 14D9/A' 'SC TO-T' 'SC TO-T/A'],['target_recommendation' 'third_party_tender'],mixed,"['Elevation Oncology, Inc.']","Elevation Oncology, Inc.",['0001783032' '0002070890'],0001783032,['ELEV'],2025-06-23,2025-07-23,30,9,4,"['SC 14D9', 'SC 14D9/A', 'SC TO-T', 'SC TO-T/A']",True,False,True,True,tender_offer,True,True,False,simple
005-92697,17,7,5,2,True,['SC 14D9' 'SC 14D9/A' 'SC TO-T' 'SC TO-T/A'],['target_recommendation' 'third_party_tender'],mixed,"['Imago BioSciences, Inc.']","Imago BioSciences, Inc.",['0000064978' '0001623715'],0000064978,[],2022-12-12,2023-01-11,30,10,7,"['SC 14D9', 'SC 14D9/A', 'SC TO-T', 'SC TO-T/A']",True,False,True,True,tender_offer,True,True,False,simple
005-92771,23,11,9,2,True,['SC 14D9' 'SC 14D9/A' 'SC TO-T' 'SC TO-T/A'],['target_recommendation' 'third_party_tender'],mixed,"['Icosavax, Inc.']","Icosavax, Inc.",['0000901832' '0001786255'],0000901832,[],2023-12-27,2024-02-21,56,12,11,"['SC 14D9', 'SC 14D9/A', 'SC TO-T', 'SC TO-T/A']",True,False,True,True,tender_offer,True,True,False,complex
005-92842,9,3,1,2,True,['SC 14D9' 'SC TO-T' 'SC TO-T/A'],['target_recommendation' 'third_party_tender'],mixed,"['DoubleDown Interactive Co., Ltd.']","DoubleDown Interactive Co., Ltd.",['0001464790' '0001799567'],0001464790,['DDI'],2021-09-23,2021-10-26,33,6,3,"['SC 14D9', 'SC TO-T', 'SC TO-T/A']",True,False,True,True,tender_offer,True,True,False,simple
005-92879,18,8,6,2,True,['SC 14D9' 'SC 14D9/A' 'SC TO-T' 'SC TO-T/A'],['target_recommendation' 'third_party_tender'],mixed,"['DICE Therapeutics, Inc.']","DICE Therapeutics, Inc.",['0000059478' '0001645569'],0000059478,[],2023-06-30,2023-08-09,40,10,8,"['SC 14D9', 'SC 14D9/A', 'SC TO-T', 'SC TO-T/A']",True,False,True,True,tender_offer,True,True,False,complex
005-92944,20,8,6,2,True,['SC 14D9' 'SC 14D9/A' 'SC TO-T' 'SC TO-T/A'],['target_recommendation' 'third_party_tender'],mixed,"['Theseus Pharmaceuticals, Inc.']","Theseus Pharmaceuticals, Inc.",['0001745020' '0002004484'],0001745020,[],2024-01-09,2024-02-14,36,12,8,"['SC 14D9', 'SC 14D9/A', 'SC TO-T', 'SC TO-T/A']",True,False,True,True,tender_offer,True,True,False,complex
005-93049,19,11,9,2,True,['SC 14D9' 'SC 14D9/A' 'SC TO-T' 'SC TO-T/A'],['target_recommendation' 'third_party_tender'],mixed,"['2seventy bio, Inc.']","2seventy bio, Inc.",['0000014272' '0001860782'],0000014272,['TSVT'],2025-04-14,2025-05-13,29,8,11,"['SC 14D9', 'SC 14D9/A', 'SC TO-T', 'SC TO-T/A']",True,False,True,True,tender_offer,True,True,False,complex
005-93096,10,1,0,1,False,['SC TO-T'],['third_party_tender'],third_party_tender,"['Paloma VI Merger Sub, Inc.']","Paloma VI Merger Sub, Inc.",['0001895996'],0001895996,[],2021-11-29,2021-11-29,0,9,1,['SC TO-T'],True,False,False,True,tender_offer,True,False,False,out_of_mvp
005-93142,47,12,9,3,True,['SC 13E3' 'SC 13E3/A' 'SC 14D9' 'SC 14D9/A' 'SC TO-T' 'SC TO-T/A'],['going_private' 'target_recommendation' 'third_party_tender'],mixed,"['PARDES BIOSCIENCES, INC.']","PARDES BIOSCIENCES, INC.",['0001822711' '0001822712'],0001822711,[],2023-07-28,2023-08-31,34,35,12,"['SC 13E3', 'SC 13E3/A', 'SC 14D9', 'SC 14D9/A', 'SC TO-T', 'SC TO-T/A']",True,False,True,True,tender_offer,True,True,False,complex
005-93228,22,10,8,2,True,['SC 14D9' 'SC 14D9/A' 'SC TO-T' 'SC TO-T/A'],['target_recommendation' 'third_party_tender'],mixed,"['CinCor Pharma, Inc.']","CinCor Pharma, Inc.",['0000901832' '0001868734'],0000901832,[],2023-01-23,2023-02-24,32,12,10,"['SC 14D9', 'SC 14D9/A', 'SC TO-T', 'SC TO-T/A']",True,False,True,True,tender_offer,True,True,False,complex
005-93248,6,2,1,1,True,['SC TO-T' 'SC TO-T/A'],['third_party_tender'],third_party_tender,['ITRONICS INC'],ITRONICS INC,['0000825203' '0001870412'],0000825203,[],2022-01-19,2022-03-21,61,4,2,"['SC TO-T', 'SC TO-T/A']",True,False,False,True,tender_offer,True,False,False,simple
005-93254,6,2,1,1,True,['SC TO-T' 'SC TO-T/A'],['third_party_tender'],third_party_tender,['NanoFlex Power Corp'],NanoFlex Power Corp,['0001571636' '0001870412'],0001571636,[],2022-01-19,2022-03-21,61,4,2,"['SC TO-T', 'SC TO-T/A']",True,False,False,True,tender_offer,True,False,False,simple
005-93284,8,4,2,2,True,['SC 14D9' 'SC TO-T' 'SC TO-T/A'],['target_recommendation' 'third_party_tender'],mixed,['alpha-En Corp'],alpha-En Corp,['0001023298' '0001870412'],0001023298,[],2022-01-28,2022-03-31,62,4,4,"['SC 14D9', 'SC TO-T', 'SC TO-T/A']",True,False,True,True,tender_offer,True,True,False,simple
005-93360,97,37,35,2,True,['SC 14D9' 'SC 14D9/A' 'SC TO-T' 'SC TO-T/A'],['target_recommendation' 'third_party_tender'],mixed,['Olink Holding AB'],Olink Holding AB,['0000097745' '0001835539'],0000097745,['publ'],2023-10-31,2024-07-17,260,60,37,"['SC 14D9', 'SC 14D9/A', 'SC TO-T', 'SC TO-T/A']",True,False,True,True,tender_offer,True,True,False,complex
005-93373,18,6,4,2,True,['SC 14D9' 'SC 14D9/A' 'SC TO-T' 'SC TO-T/A'],['target_recommendation' 'third_party_tender'],mixed,"['Thorne Healthtech, Inc.']","Thorne Healthtech, Inc.",['0001844280' '0001992140'],0001844280,[],2023-09-14,2023-10-13,29,12,6,"['SC 14D9', 'SC 14D9/A', 'SC TO-T', 'SC TO-T/A']",True,False,True,True,tender_offer,True,True,False,simple
005-93379,28,5,3,2,True,['SC 14D9' 'SC 14D9/A' 'SC TO-T' 'SC TO-T/A'],['target_recommendation' 'third_party_tender'],mixed,['Pathfinder Acquisition Corp'],Pathfinder Acquisition Corp,['0001839132' '0001951230'],0001839132,['MVLA'],2022-11-10,2023-01-06,57,23,5,"['SC 14D9', 'SC 14D9/A', 'SC TO-T', 'SC TO-T/A']",True,False,True,True,tender_offer,True,True,False,simple
005-93392,23,10,8,2,True,['SC 14D9' 'SC 14D9/A' 'SC TO-T' 'SC TO-T/A'],['target_recommendation' 'third_party_tender'],mixed,['Home Point Capital Inc.'],Home Point Capital Inc.,['0000933136' '0001830197'],0000933136,[],2023-05-26,2023-08-01,67,13,10,"['SC 14D9', 'SC 14D9/A', 'SC TO-T', 'SC TO-T/A']",True,False,True,True,tender_offer,True,True,False,complex
005-93410,76,18,14,4,True,['SC 13E3' 'SC 13E3/A' 'SC 14D9' 'SC 14D9/A' 'SC TO-T' 'SC TO-T/A'],['going_private' 'target_recommendation' 'third_party_tender'],mixed,"['Squarespace, Inc.']","Squarespace, Inc.",['0001496963' '0002037259'],0001496963,['SQSP'],2024-06-17,2024-10-17,122,58,18,"['SC 13E3', 'SC 13E3/A', 'SC 14D9', 'SC 14D9/A', 'SC TO-T', 'SC TO-T/A']",True,False,True,True,tender_offer,True,True,False,complex
005-93414,54,19,16,3,True,['SC 13E3' 'SC 13E3/A' 'SC 14D9' 'SC 14D9/A' 'SC TO-T' 'SC TO-T/A'],['going_private' 'target_recommendation' 'third_party_tender'],mixed,['Getnet Adquirencia E Servicos Para Meios De Pagamento S.A. - Instituicao De Pagamento'],Getnet Adquirencia E Servicos Para Meios De Pagamento S.A. - Instituicao De Pagamento,['0001867325' '0001906217'],0001867325,[],2022-10-31,2023-02-10,102,35,19,"['SC 13E3', 'SC 13E3/A', 'SC 14D9', 'SC 14D9/A', 'SC TO-T', 'SC TO-T/A']",True,False,True,True,tender_offer,True,True,False,complex
005-93461,21,9,7,2,True,['SC 14D9' 'SC 14D9/A' 'SC TO-T' 'SC TO-T/A'],['target_recommendation' 'third_party_tender'],mixed,['Miromatrix Medical Inc.'],Miromatrix Medical Inc.,['0001082554' '0001527096'],0001082554,[],2023-11-13,2023-12-13,30,12,9,"['SC 14D9', 'SC 14D9/A', 'SC TO-T', 'SC TO-T/A']",True,False,True,True,tender_offer,True,True,False,complex
005-93640,15,4,2,2,True,['SC 14D9' 'SC 14D9/A' 'SC TO-T' 'SC TO-T/A'],['target_recommendation' 'third_party_tender'],mixed,"['HilleVax, Inc.']","HilleVax, Inc.",['0000791908' '0001888012'],0000791908,['HLVX'],2025-08-18,2025-09-17,30,11,4,"['SC 14D9', 'SC 14D9/A', 'SC TO-T', 'SC TO-T/A']",True,False,True,True,tender_offer,True,True,False,simple
005-93677,41,19,16,3,True,['SC 13E3' 'SC 13E3/A' 'SC 14D9' 'SC 14D9/A' 'SC TO-T' 'SC TO-T/A'],['going_private' 'target_recommendation' 'third_party_tender'],mixed,"['Aspen Technology, Inc.']","Aspen Technology, Inc.",['0000032604' '0001897982'],0000032604,['AZPN'],2025-02-10,2025-03-12,30,22,19,"['SC 13E3', 'SC 13E3/A', 'SC 14D9', 'SC 14D9/A', 'SC TO-T', 'SC TO-T/A']",True,False,True,True,tender_offer,True,True,False,complex
005-93845,45,16,14,2,True,['SC 14D9' 'SC 14D9/A' 'SC TO-T' 'SC TO-T/A'],['target_recommendation' 'third_party_tender'],mixed,['MariaDB plc'],MariaDB plc,['0001929589' '0002020235'],0001929589,['MRDB'],2024-05-24,2024-07-24,61,29,16,"['SC 14D9', 'SC 14D9/A', 'SC TO-T', 'SC TO-T/A']",True,False,True,True,tender_offer,True,True,False,complex
005-93922,39,16,11,5,True,"['SC 13E3' 'SC 13E3/A' 'SC 14D9' 'SC 14D9/A' 'SC TO-I' 'SC TO-I/A'
 'SC TO-T' 'SC TO-T/A']","['going_private' 'issuer_tender' 'target_recommendation'
 'third_party_tender']",mixed,['Allego N.V.'],Allego N.V.,['0001874474' '0001961962'],0001874474,['ALLG' 'ALLGF'],2023-08-25,2024-08-01,342,23,16,"['SC 13E3', 'SC 13E3/A', 'SC 14D9', 'SC 14D9/A', 'SC TO-I', 'SC TO-I/A', 'SC TO-T', 'SC TO-T/A']",True,True,True,True,tender_offer,True,True,False,complex
005-94072,45,15,7,8,True,['SC 14D9' 'SC 14D9/A' 'SC TO-T' 'SC TO-T/A'],['target_recommendation' 'third_party_tender'],mixed,"['Moody National REIT II, Inc.']","Moody National REIT II, Inc.",['0001615222' '0001726993'],0001615222,[],2023-06-12,2024-06-25,379,30,15,"['SC 14D9', 'SC 14D9/A', 'SC TO-T', 'SC TO-T/A']",True,False,True,True,tender_offer,True,True,False,complex
005-94123,14,6,4,2,True,['SC 14D9' 'SC 14D9/A' 'SC TO-T' 'SC TO-T/A'],['target_recommendation' 'third_party_tender'],mixed,['Turnstone Biologics Corp.'],Turnstone Biologics Corp.,['0000791908' '0001764974'],0000791908,['TSBX'],2025-07-11,2025-08-11,31,8,6,"['SC 14D9', 'SC 14D9/A', 'SC TO-T', 'SC TO-T/A']",True,False,True,True,tender_offer,True,True,False,simple
005-94159,19,8,6,2,True,['SC 14D9' 'SC 14D9/A' 'SC TO-T' 'SC TO-T/A'],['target_recommendation' 'third_party_tender'],mixed,"['RayzeBio, Inc.']","RayzeBio, Inc.",['0000014272' '0001825367'],0000014272,[],2024-01-25,2024-02-23,29,11,8,"['SC 14D9', 'SC 14D9/A', 'SC TO-T', 'SC TO-T/A']",True,False,True,True,tender_offer,True,True,False,complex
005-94183,23,7,5,2,True,['SC 14D9' 'SC TO-T' 'SC TO-T/A'],['target_recommendation' 'third_party_tender'],mixed,['Almacenes Exito S.A.'],Almacenes Exito S.A.,['0001957146' '0001997390'],0001957146,['EXTO'],2023-12-18,2024-02-02,46,16,7,"['SC 14D9', 'SC TO-T', 'SC TO-T/A']",True,False,True,True,tender_offer,True,True,False,simple
005-94193,50,18,12,6,True,['SC 14D9' 'SC 14D9/A' 'SC TO-I' 'SC TO-I/A' 'SC TO-T' 'SC TO-T/A'],['issuer_tender' 'target_recommendation' 'third_party_tender'],mixed,"['Lightstone Value Plus REIT II, Inc.']","Lightstone Value Plus REIT II, Inc.",['0001436975' '0001997952'],0001436975,[],2023-11-07,2024-06-25,231,33,17,"['SC 14D9', 'SC 14D9/A', 'SC TO-I', 'SC TO-I/A', 'SC TO-T', 'SC TO-T/A']",True,True,True,True,tender_offer,True,True,False,complex
005-94225,17,6,4,2,True,['SC 14D9' 'SC 14D9/A' 'SC TO-T' 'SC TO-T/A'],['target_recommendation' 'third_party_tender'],mixed,"['CARGO Therapeutics, Inc.']","CARGO Therapeutics, Inc.",['0001966494' '0001970065'],0001966494,['CRGX'],2025-07-21,2025-08-19,29,11,6,"['SC 14D9', 'SC 14D9/A', 'SC TO-T', 'SC TO-T/A']",True,False,True,True,tender_offer,True,True,False,simple
005-94274,28,10,4,6,True,['SC 14D9' 'SC TO-T' 'SC TO-T/A'],['target_recommendation' 'third_party_tender'],mixed,"['NorthStar Healthcare Income, Inc.']","NorthStar Healthcare Income, Inc.",['0001503707' '0001726993'],0001503707,['NHHS'],2024-01-08,2024-12-13,340,18,10,"['SC 14D9', 'SC TO-T', 'SC TO-T/A']",True,False,True,True,tender_offer,True,True,False,simple
005-94596,11,1,0,1,False,['SC TO-T'],['third_party_tender'],third_party_tender,['Pharmacosmos A/S'],Pharmacosmos A/S,['0002032940'],0002032940,[],2024-08-20,2024-08-20,0,10,1,['SC TO-T'],True,False,False,True,tender_offer,True,False,False,out_of_mvp
